"Year","signal_med","signal_mean","signal_q25","signal_q75","noise","snr_med","snr_mean","snr_q25","snr_q75","metric","window","align","baseline"
1900,0,-0.000847582547169811,-0.015625,0,1686672488924.52,0,-5.02517562084777e-16,-9.26380201408459e-15,0,"Biomass","10yr","trailing","base1901_1929"
1901,0,0.00364829009433962,0,0.0078125,1686672488924.52,0,2.16301037593013e-15,0,4.6319010070423e-15,"Biomass","10yr","trailing","base1901_1929"
1902,0,-0.0037219929245283,-0.015625,0,1686672488924.52,0,-2.20670755524185e-15,-9.26380201408459e-15,0,"Biomass","10yr","trailing","base1901_1929"
1903,0,0.000257959905660377,-0.009765625,0.015625,1686672488924.52,0,1.52940127591019e-16,-5.78987625880287e-15,9.26380201408459e-15,"Biomass","10yr","trailing","base1901_1929"
1904,0,0.000884433962264151,-0.0078125,0.015625,1686672488924.52,0,5.24366151740637e-16,-4.6319010070423e-15,9.26380201408459e-15,"Biomass","10yr","trailing","base1901_1929"
1905,0,0.000147405660377358,-0.001953125,0,1686672488924.52,0,8.73943586234395e-17,-1.15797525176057e-15,0,"Biomass","10yr","trailing","base1901_1929"
1906,0,0.000147405660377358,0,0.0078125,1686672488924.52,0,8.73943586234395e-17,0,4.6319010070423e-15,"Biomass","10yr","trailing","base1901_1929"
1907,0,-0.00243219339622641,0,0,1686672488924.52,0,-1.44200691728675e-15,0,0,"Biomass","10yr","trailing","base1901_1929"
1908,0,-0.00228478773584906,-0.0078125,0,1686672488924.52,0,-1.35461255866331e-15,-4.6319010070423e-15,0,"Biomass","10yr","trailing","base1901_1929"
1909,0,0.00272700471698113,0,0.015625,1686672488924.52,0,1.61679563453363e-15,0,9.26380201408459e-15,"Biomass","10yr","trailing","base1901_1929"
1910,0,-0.000331662735849057,-0.0078125,0.0078125,1686672488924.52,0,-1.96637306902739e-16,-4.6319010070423e-15,4.6319010070423e-15,"Biomass","10yr","trailing","base1901_1929"
1911,0,-0.00132665094339623,-0.015625,0,1686672488924.52,0,-7.86549227610956e-16,-9.26380201408459e-15,0,"Biomass","10yr","trailing","base1901_1929"
1912,0,-0.00217423349056604,0,0,1686672488924.52,0,-1.28906678969573e-15,0,0,"Biomass","10yr","trailing","base1901_1929"
1913,0,0.000663325471698113,-0.0078125,0,1686672488924.52,0,3.93274613805478e-16,-4.6319010070423e-15,0,"Biomass","10yr","trailing","base1901_1929"
1914,0,0.00121609669811321,-0.0078125,0.0078125,1686672488924.52,0,7.21003458643376e-16,-4.6319010070423e-15,4.6319010070423e-15,"Biomass","10yr","trailing","base1901_1929"
1915,0,-0.00313237028301887,-0.015625,0,1686672488924.52,0,-1.85713012074809e-15,-9.26380201408459e-15,0,"Biomass","10yr","trailing","base1901_1929"
1916,0,-0.000331662735849057,0,0.0078125,1686672488924.52,0,-1.96637306902739e-16,0,4.6319010070423e-15,"Biomass","10yr","trailing","base1901_1929"
1917,0,0.00110554245283019,-0.0078125,0.0078125,1686672488924.52,0,6.55457689675797e-16,-4.6319010070423e-15,4.6319010070423e-15,"Biomass","10yr","trailing","base1901_1929"
1918,0,0.00154775943396226,-0.0078125,0,1686672488924.52,0,9.17640765546115e-16,-4.6319010070423e-15,0,"Biomass","10yr","trailing","base1901_1929"
1919,0,-0.000810731132075472,-0.001953125,0,1686672488924.52,0,-4.80668972428918e-16,-1.15797525176057e-15,0,"Biomass","10yr","trailing","base1901_1929"
1920,0,0.000773879716981132,-0.0078125,0.0078125,1686672488924.52,0,4.58820382773058e-16,-4.6319010070423e-15,4.6319010070423e-15,"Biomass","10yr","trailing","base1901_1929"
1921,0,0.00136350235849057,0,0.0078125,1686672488924.52,0,8.08397817266816e-16,0,4.6319010070423e-15,"Biomass","10yr","trailing","base1901_1929"
1922,0,0.00217423349056604,0,0.001953125,1686672488924.52,0,1.28906678969573e-15,0,1.15797525176057e-15,"Biomass","10yr","trailing","base1901_1929"
1923,0,0.00486438679245283,0,0.015625,1686672488924.52,0,2.8840138345735e-15,0,9.26380201408459e-15,"Biomass","10yr","trailing","base1901_1929"
1924,0,0.000147405660377358,-0.0078125,0.015625,1686672488924.52,0,8.73943586234395e-17,-4.6319010070423e-15,9.26380201408459e-15,"Biomass","10yr","trailing","base1901_1929"
1925,0,-0.00095813679245283,-0.015625,0,1686672488924.52,0,-5.68063331052357e-16,-9.26380201408459e-15,0,"Biomass","10yr","trailing","base1901_1929"
1926,0,0.00198997641509434,0,0.0078125,1686672488924.52,0,1.17982384141643e-15,0,4.6319010070423e-15,"Biomass","10yr","trailing","base1901_1929"
1927,0,0.00173201650943396,0,0.0078125,1686672488924.52,0,1.02688371382541e-15,0,4.6319010070423e-15,"Biomass","10yr","trailing","base1901_1929"
1928,0,-0.000184257075471698,0,0.0078125,1686672488924.52,0,-1.09242948279299e-16,0,4.6319010070423e-15,"Biomass","10yr","trailing","base1901_1929"
1929,0,-0.000773879716981132,-0.0078125,0,1686672488924.52,0,-4.58820382773058e-16,-4.6319010070423e-15,0,"Biomass","10yr","trailing","base1901_1929"
1930,0,0.00110554245283019,0,0,1686672488924.52,0,6.55457689675797e-16,0,0,"Biomass","10yr","trailing","base1901_1929"
1931,-25369626515.2969,-146539718300.296,-86456281317.8066,-7696061966.2832,1686672488924.52,-0.0150412286213748,-0.0868809560021552,-0.0512584878721383,-0.00456286683800155,"Biomass","10yr","trailing","base1901_1929"
1932,-136369662340.898,-672864898715.388,-475346334507.727,-42386681169.0059,1686672488924.52,-0.0808512993698337,-0.398930381051292,-0.281824917184026,-0.0251303566325631,"Biomass","10yr","trailing","base1901_1929"
1933,-208168432639.953,-950022281837.879,-724465418569.703,-72774210546.7734,1686672488924.52,-0.123419593315765,-0.563252372986559,-0.429523469035562,-0.0431466162071434,"Biomass","10yr","trailing","base1901_1929"
1934,-438842421870.016,-1419300468842.21,-1488518885333.97,-169260105026.342,1686672488924.52,-0.260182355941454,-0.841479586678508,-0.882518031869429,-0.10035149451822,"Biomass","10yr","trailing","base1901_1929"
1935,-630130062108.891,-1734460875140.03,-1797421021476.62,-211348184198.969,1686672488924.52,-0.373593608863974,-1.02833293750228,-1.06566095865044,-0.125304815005154,"Biomass","10yr","trailing","base1901_1929"
1936,-720445332146.508,-1937892228069.64,-2034333334274.02,-237482144450.055,1686672488924.52,-0.427140026814506,-1.14894399523011,-1.20612231931949,-0.140799204356195,"Biomass","10yr","trailing","base1901_1929"
1937,-787503540065.512,-2095762513292.36,-2097178121338.1,-279176729490.859,1686672488924.52,-0.466897720355689,-1.24254265546757,-1.24338194587815,-0.16551922873235,"Biomass","10yr","trailing","base1901_1929"
1938,-853535875314.492,-2244086414212.94,-2222412369834.61,-313988384102.371,1686672488924.52,-0.506047191093238,-1.33048142360101,-1.31763124401922,-0.18615847840299,"Biomass","10yr","trailing","base1901_1929"
1939,-901519678997.035,-2316381406087.57,-2256472512508.3,-319886985357.93,1686672488924.52,-0.534495988353896,-1.37334391904653,-1.33782493479046,-0.189655660751247,"Biomass","10yr","trailing","base1901_1929"
1940,-1058864135431.86,-2548945377281.99,-2463032086750,-375486496860.551,1686672488924.52,-0.627782893469158,-1.51122722047081,-1.46029066278334,-0.222619684216214,"Biomass","10yr","trailing","base1901_1929"
1941,-1123730053432.18,-2700969694253.78,-2597411369982.87,-410600920577.188,1686672488924.52,-0.666240814865432,-1.60135990359101,-1.53996189956182,-0.243438440641788,"Biomass","10yr","trailing","base1901_1929"
1942,-1136090529683.82,-2685398452161.31,-2608915393947.11,-410543665098.363,1686672488924.52,-0.673569135172314,-1.5921279737441,-1.54678244358551,-0.243404494822905,"Biomass","10yr","trailing","base1901_1929"
1943,-1141085447240.01,-2696476900708.37,-2606046805365.75,-416488724258.074,1686672488924.52,-0.676530538520617,-1.59869620119775,-1.54508170523814,-0.24692922128803,"Biomass","10yr","trailing","base1901_1929"
1944,-1155394570333.79,-2706725339143.71,-2633139944069.31,-419048990633.012,1686672488924.52,-0.685014179054113,-1.60477232949333,-1.5611447755031,-0.248447160539277,"Biomass","10yr","trailing","base1901_1929"
1945,-1151668300067.85,-2689378809012,-2643592096303.33,-414786394444.805,1686672488924.52,-0.68280493553446,-1.59448786096395,-1.56734168231379,-0.245919938321451,"Biomass","10yr","trailing","base1901_1929"
1946,-1140639562646.28,-2667718152761.05,-2632125017286.15,-411007398005.191,1686672488924.52,-0.676266180978378,-1.5816456189797,-1.56054304233331,-0.243679434332426,"Biomass","10yr","trailing","base1901_1929"
1947,-1170119549711.98,-2708741151651.1,-2661989760760.2,-423020593185.789,1686672488924.52,-0.693744373845865,-1.60596747112315,-1.57824935086099,-0.250801857481841,"Biomass","10yr","trailing","base1901_1929"
1948,-1257002414730.36,-2857384768906.93,-2805349782272.32,-451115567153.482,1686672488924.52,-0.745255776082451,-1.69409579374174,-1.66324511764647,-0.267458899173206,"Biomass","10yr","trailing","base1901_1929"
1949,-1372667302753.39,-3053197715067.53,-3006250450577.93,-486740717743.738,1686672488924.52,-0.813831559930555,-1.81019002510343,-1.78235577465002,-0.288580457047771,"Biomass","10yr","trailing","base1901_1929"
1950,-1394139483449.14,-3072367281227.06,-3041868967298.82,-490610960328.262,1686672488924.52,-0.826562057900224,-1.82155534130169,-1.80347339941403,-0.290875059354939,"Biomass","10yr","trailing","base1901_1929"
1951,-1411487666478.99,-3097457446666.21,-3089833267269.27,-498826347142.371,1686672488924.52,-0.836847506405354,-1.83643088210993,-1.83191063324893,-0.295745825237501,"Biomass","10yr","trailing","base1901_1929"
1952,-1443828978924.35,-3158472313184.55,-3157155888658.72,-517851858819.271,1686672488924.52,-0.856022131388999,-1.8726055792838,-1.87182509312868,-0.307025733934555,"Biomass","10yr","trailing","base1901_1929"
1953,-1478298467673.77,-3231359374313.64,-3255034433686.6,-542530029155.711,1686672488924.52,-0.876458516624286,-1.91581910271986,-1.92985565073284,-0.321657009714819,"Biomass","10yr","trailing","base1901_1929"
1954,-1511713042894.98,-3255527587700.81,-3308406265465.79,-546000809452.998,1686672488924.52,-0.896269461215264,-1.93014803352644,-1.96149892002765,-0.32371477749136,"Biomass","10yr","trailing","base1901_1929"
1955,-1520271133581.73,-3269532580029.28,-3377027038368.3,-557181269255.727,1686672488924.52,-0.90134341051066,-1.93845135999939,-2.00218303229788,-0.33034348571785,"Biomass","10yr","trailing","base1901_1929"
1956,-1534076136376.44,-3299831279145.96,-3443098968342.43,-570343423630.326,1686672488924.52,-0.909528166523082,-1.95641495359307,-2.04135597808789,-0.338147107618977,"Biomass","10yr","trailing","base1901_1929"
1957,-1552686209893.22,-3340580294924.29,-3532377364307.8,-584854660500.158,1686672488924.52,-0.920561768860811,-1.98057436571718,-2.09428765068681,-0.34675057804084,"Biomass","10yr","trailing","base1901_1929"
1958,-1548823511435.48,-3343731016276.18,-3543651964089.96,-584328126744.084,1686672488924.52,-0.918271639340642,-1.98244237588073,-2.10097217293769,-0.34643840495476,"Biomass","10yr","trailing","base1901_1929"
1959,-1566159405733.78,-3378649331657.53,-3614940185636.25,-595803867744.277,1686672488924.52,-0.928549802061702,-2.00314486294365,-2.14323777103951,-0.353242180480565,"Biomass","10yr","trailing","base1901_1929"
1960,-1601931319078.6,-3432027182453.5,-3719553288702.66,-611804517486.039,1686672488924.52,-0.949758373126754,-2.03479170081317,-2.20526113583224,-0.362728698964046,"Biomass","10yr","trailing","base1901_1929"
1961,-1634813201727.94,-3501163581304.37,-3802310616635.02,-633782170761.711,1686672488924.52,-0.969253493172441,-2.07578151911213,-2.25432657590776,-0.375758883199568,"Biomass","10yr","trailing","base1901_1929"
1962,-1619098362319.06,-3487473856366.8,-3825016999682.78,-635536625307.523,1686672488924.52,-0.959936426870553,-2.0676651094194,-2.26778881187642,-0.376799070051095,"Biomass","10yr","trailing","base1901_1929"
1963,-1608742365433.41,-3497652940232.58,-3781264494800.34,-646230643896.094,1686672488924.52,-0.953796528962893,-2.07370011854691,-2.24184868113395,-0.38313937539122,"Biomass","10yr","trailing","base1901_1929"
1964,-1604300000256.6,-3497040879966.65,-3799129538173.05,-653200962478.758,1686672488924.52,-0.951162724708673,-2.07333723821896,-2.25244056751973,-0.387271961076013,"Biomass","10yr","trailing","base1901_1929"
1965,-1581978786973.02,-3463971955869.7,-3699809278448.04,-645273644833.295,1686672488924.52,-0.937928849471987,-2.05373122441717,-2.19355524130661,-0.382571986601113,"Biomass","10yr","trailing","base1901_1929"
1966,-1546246799121.01,-3421243817233.73,-3651906296078.88,-633862993050.781,1686672488924.52,-0.916743949566019,-2.02839842334492,-2.16515436165528,-0.375806801387361,"Biomass","10yr","trailing","base1901_1929"
1967,-1543553119202.3,-3436928405545.28,-3669417016066.72,-640866731311.348,1686672488924.52,-0.915146911648819,-2.03769755427551,-2.17553617561313,-0.37995920104204,"Biomass","10yr","trailing","base1901_1929"
1968,-1538038155418.3,-3466165316551.53,-3743476902316.34,-644452333708.766,1686672488924.52,-0.911877181561795,-2.0550316313997,-2.21944504751086,-0.382085044927538,"Biomass","10yr","trailing","base1901_1929"
1969,-1533135039452.38,-3490261081028.44,-3736773329695.58,-648607299319.582,1686672488924.52,-0.908970205845925,-2.06931760845519,-2.21547061105993,-0.38454845477035,"Biomass","10yr","trailing","base1901_1929"
1970,-1530682596683.28,-3490644144808.59,-3772875504976.52,-651611832130.746,1686672488924.52,-0.907516193413044,-2.06954472058435,-2.23687498892108,-0.386329792185226,"Biomass","10yr","trailing","base1901_1929"
1971,-1512955620783.21,-3472585413957.22,-3714368304242.04,-645805795427.049,1686672488924.52,-0.897006164930055,-2.05883800012145,-2.20218704498492,-0.382887489816614,"Biomass","10yr","trailing","base1901_1929"
1972,-1507965824886.78,-3477696655735.76,-3729537072658.23,-650925208067.406,1686672488924.52,-0.894047798128441,-2.06186837016193,-2.21118035489885,-0.385922704224849,"Biomass","10yr","trailing","base1901_1929"
1973,-1630570057334.59,-3572075849502.27,-3842738076524.83,-687706003328.09,1686672488924.52,-0.966737803599499,-2.11782422074125,-2.27829534290626,-0.407729424558645,"Biomass","10yr","trailing","base1901_1929"
1974,-1645153273427.33,-3615988070692.97,-4327107318116.77,-736011295746.484,1686672488924.52,-0.975383949302652,-2.14385904462025,-2.56546979127874,-0.436368827131219,"Biomass","10yr","trailing","base1901_1929"
1975,-1640779951975.51,-3605921726947.29,-4420230244675.55,-733822038894.223,1686672488924.52,-0.972791079921943,-2.13789087723044,-2.62068082197395,-0.43507085324083,"Biomass","10yr","trailing","base1901_1929"
1976,-1688184061468.24,-3645636391184.3,-4491670491903.54,-778414641258.145,1686672488924.52,-1.0008961861616,-2.16143703956948,-2.66303655356803,-0.461509063774729,"Biomass","10yr","trailing","base1901_1929"
1977,-1738412294344.36,-3688997988588.1,-4514983211134.39,-807020905492.363,1686672488924.52,-1.03067566807403,-2.18714540778473,-2.67685827615135,-0.478469240941346,"Biomass","10yr","trailing","base1901_1929"
1978,-1872927117357.97,-3777343017516.36,-4754858864689.36,-875414150975.896,1686672488924.52,-1.11042726412892,-2.23952370262761,-2.81907655215343,-0.519018455997994,"Biomass","10yr","trailing","base1901_1929"
1979,-1996811310343.28,-3942200865926.2,-4915160410802.11,-999287533474.984,1686672488924.52,-1.18387613686432,-2.33726517258836,-2.9141166664408,-0.592460919376332,"Biomass","10yr","trailing","base1901_1929"
1980,-2223879672110.59,-4195033185349.44,-5401093477635.41,-1223607964872.7,1686672488924.52,-1.31850118307711,-2.48716523978188,-3.20221828072819,-0.725456763484013,"Biomass","10yr","trailing","base1901_1929"
1981,-2154208014867.02,-4123079251179.09,-5258202191197.44,-1066940672872.96,1686672488924.52,-1.27719401900047,-2.44450495176341,-3.11750041915385,-0.632571337873236,"Biomass","10yr","trailing","base1901_1929"
1982,-2077301250090.46,-4014839317262.75,-5044628617930.1,-1031716904967.33,1686672488924.52,-1.2315972802847,-2.38033129942302,-2.99087620806974,-0.611687753100896,"Biomass","10yr","trailing","base1901_1929"
1983,-2031310680373.03,-3961095326916.76,-4989950979001.99,-978911334123.406,1686672488924.52,-1.20433023821256,-2.34846738351824,-2.95845874748557,-0.580380210474409,"Biomass","10yr","trailing","base1901_1929"
1984,-2004892809282.8,-3957067510316.8,-5007295183561.7,-983620910552.648,1686672488924.52,-1.1886675228581,-2.34607935820425,-2.96874183722208,-0.583172439825494,"Biomass","10yr","trailing","base1901_1929"
1985,-1961693610616.82,-3938727998159.56,-5013802208901.08,-968314631211.266,1686672488924.52,-1.16305543814713,-2.33520616718604,-2.97259974406653,-0.57409760197648,"Biomass","10yr","trailing","base1901_1929"
1986,-1904355547707.96,-3838560684197.26,-4972412942815.29,-912614201929.93,1686672488924.52,-1.12906065653697,-2.27581863663696,-2.94806073820881,-0.541073746042924,"Biomass","10yr","trailing","base1901_1929"
1987,-1851327561393.05,-3791827280658.19,-4956481915264.5,-882157428588.699,1686672488924.52,-1.09762124748565,-2.24811118077583,-2.93861549756167,-0.523016432876779,"Biomass","10yr","trailing","base1901_1929"
1988,-1831242713362.25,-3767311808601.98,-4936516173413.43,-868002576597.406,1686672488924.52,-1.08571327592467,-2.23357636609355,-2.92677814206902,-0.514624257108075,"Biomass","10yr","trailing","base1901_1929"
1989,-1816726491144.82,-3750603295990.22,-4948908072948.15,-841052918696.66,1686672488924.52,-1.07710684977332,-2.2236701675153,-2.93412509271658,-0.498646254219126,"Biomass","10yr","trailing","base1901_1929"
1990,-1776871573364.16,-3751296446346.07,-4962552585028.49,-826973928094.828,1686672488924.52,-1.05347753344644,-2.2240811248057,-2.94221469646001,-0.49029905540354,"Biomass","10yr","trailing","base1901_1929"
1991,-1765827655176.92,-3741043964255.63,-4969907781899.92,-822177070389.18,1686672488924.52,-1.04692977846747,-2.21800259909442,-2.94657547006587,-0.487455078438749,"Biomass","10yr","trailing","base1901_1929"
1992,-1735539361785.11,-3670979328337.42,-4922353845905.7,-794598499165.172,1686672488924.52,-1.02897235425459,-2.17646244451297,-2.91838153419125,-0.471104203325114,"Biomass","10yr","trailing","base1901_1929"
1993,-1701418452979.04,-3645237973496.64,-4891269889612.6,-787808236252.707,1686672488924.52,-1.00874263625651,-2.16120082436453,-2.89995237470877,-0.467078369645457,"Biomass","10yr","trailing","base1901_1929"
1994,-1722949241966.12,-3658655015599.88,-4909027443735.4,-784207718149.035,1686672488924.52,-1.02150788210504,-2.16915556495071,-2.91048053251024,-0.464943682486382,"Biomass","10yr","trailing","base1901_1929"
1995,-1689221197894.53,-3636516029491.25,-4916523370747.5,-772230324557.621,1686672488924.52,-1.00151108705854,-2.15602972916812,-2.91492474267038,-0.457842485502342,"Biomass","10yr","trailing","base1901_1929"
1996,-1670363482479.77,-3580059146186.04,-4872149758520.32,-756612506198.895,1686672488924.52,-0.990330661967962,-2.12255738425473,-2.88861636773775,-0.448582941363642,"Biomass","10yr","trailing","base1901_1929"
1997,-1661817630303.81,-3548587093132.29,-4832812809563.46,-744721960991.766,1686672488924.52,-0.985263968681584,-2.10389812867286,-2.86529414649138,-0.441533235338787,"Biomass","10yr","trailing","base1901_1929"
1998,-1662953376206.8,-3549653111822.97,-4849191737623.24,-745572632019.66,1686672488924.52,-0.985937333493331,-2.10453015338287,-2.8750049398833,-0.442037584009605,"Biomass","10yr","trailing","base1901_1929"
1999,-1658310473643.78,-3539089014214.63,-4842149862949.41,-736877399355.578,1686672488924.52,-0.983184633966005,-2.098266876026,-2.87082992978497,-0.436882325522152,"Biomass","10yr","trailing","base1901_1929"
2000,-1629741636481.01,-3516838522914.97,-4849162584083.35,-731241185486.871,1686672488924.52,-0.9662466466861,-2.08507493067456,-2.87498765523552,-0.433540708281272,"Biomass","10yr","trailing","base1901_1929"
2001,-1616596846955.57,-3482282688688.24,-4833137229952.47,-709606700382.348,1686672488924.52,-0.958453320114546,-2.06458735264525,-2.86548648993158,-0.420713982733435,"Biomass","10yr","trailing","base1901_1929"
2002,-1620375875039.14,-3464890831380.89,-4798262721729.73,-694945589179.449,1686672488924.52,-0.960693842864749,-2.05427601038909,-2.84480997540268,-0.412021654318066,"Biomass","10yr","trailing","base1901_1929"
2003,-1640773109165.65,-3504959196567.18,-4845547806841.6,-705448183858.584,1686672488924.52,-0.972787022934053,-2.07803187612438,-2.87284451407119,-0.418248467613534,"Biomass","10yr","trailing","base1901_1929"
2004,-1618553337724.43,-3496434674224.67,-4821952447945.71,-696458710209.941,1686672488924.52,-0.959613290874552,-2.07297782894065,-2.85885521914237,-0.412918758551655,"Biomass","10yr","trailing","base1901_1929"
2005,-1621828059163.1,-3528620525446.63,-4823592880033.19,-701116228173.852,1686672488924.52,-0.961554818622337,-2.09206028355665,-2.85982780397924,-0.415680123306516,"Biomass","10yr","trailing","base1901_1929"
2006,-1636406887676.93,-3557956893983.02,-4879729970203.68,-719226227052.289,1686672488924.52,-0.970198363003102,-2.10945332739239,-2.89311054887436,-0.426417239727965,"Biomass","10yr","trailing","base1901_1929"
2007,-1594846934799.13,-3501597137050.35,-4827937331195.01,-701736760862.256,1686672488924.52,-0.945558159791924,-2.07603856708607,-2.86240355664631,-0.41604802679251,"Biomass","10yr","trailing","base1901_1929"
2008,-1586900755979.62,-3469931235273.21,-4804012107655.21,-696935095255.066,1686672488924.52,-0.940847002841366,-2.05726438182778,-2.84821869046932,-0.413201199303048,"Biomass","10yr","trailing","base1901_1929"
2009,-1586672767587.83,-3467815661631.21,-4791275310270.86,-698704449433.957,1686672488924.52,-0.940711832324693,-2.05601009348437,-2.84066725563654,-0.414250219898634,"Biomass","10yr","trailing","base1901_1929"
2010,-1572819038977.96,-3509872210864.08,-4813825005295.97,-703384445032.408,1686672488924.52,-0.932498187588778,-2.08094472039566,-2.85403659388874,-0.417024911268288,"Biomass","10yr","trailing","base1901_1929"
1900,0,6.56415831367925e-05,-0.002685546875,0.001220703125,318493246684.833,0,2.06100392457453e-16,-8.43203710896105e-15,3.83274414043684e-15,"Biomass variability","10yr","trailing","base1901_1929"
1901,0,0.00032935952240566,-0.002685546875,0.001220703125,318493246684.833,0,1.03411775864617e-15,-8.43203710896105e-15,3.83274414043684e-15,"Biomass variability","10yr","trailing","base1901_1929"
1902,0,-0.00014049602004717,-0.002685546875,0.001953125,318493246684.833,0,-4.41127155786127e-16,-8.43203710896105e-15,6.13239062469894e-15,"Biomass variability","10yr","trailing","base1901_1929"
1903,0,8.40672906839623e-05,-0.002685546875,0.00146484375,318493246684.833,0,2.63953134199895e-16,-8.43203710896105e-15,4.59929296852421e-15,"Biomass variability","10yr","trailing","base1901_1929"
1904,0,-0.00010364460495283,-0.003173828125,0.00152587890625,318493246684.833,0,-3.25421672301241e-16,-9.96513476513578e-15,4.79093017554605e-15,"Biomass variability","10yr","trailing","base1901_1929"
1905,0,-0.000355846477004717,-0.00244140625,0.000732421875,318493246684.833,0,-1.11728107490093e-15,-7.66548828087368e-15,2.2996464842621e-15,"Biomass variability","10yr","trailing","base1901_1929"
1906,0,-0.000352391656839623,-0.001953125,0.00146484375,318493246684.833,0,-1.10643368582422e-15,-6.13239062469894e-15,4.59929296852421e-15,"Biomass variability","10yr","trailing","base1901_1929"
1907,0,-0.000131283166273585,-0.00244140625,0.00146484375,318493246684.833,0,-4.12200784914905e-16,-7.66548828087368e-15,4.59929296852421e-15,"Biomass variability","10yr","trailing","base1901_1929"
1908,0,-0.000199227962853774,-0.001953125,0.00152587890625,318493246684.833,0,-6.25532770090163e-16,-6.13239062469894e-15,4.79093017554605e-15,"Biomass variability","10yr","trailing","base1901_1929"
1909,0,-0.000270051776238208,-0.003173828125,0.00152587890625,318493246684.833,0,-8.47904246162678e-16,-9.96513476513578e-15,4.79093017554605e-15,"Biomass variability","10yr","trailing","base1901_1929"
1910,0,-0.000199803766214623,-0.002685546875,0.0013427734375,318493246684.833,0,-6.27340668269615e-16,-8.43203710896105e-15,4.21601855448052e-15,"Biomass variability","10yr","trailing","base1901_1929"
1911,0,-0.000344330409787736,-0.00274658203125,0.00128173828125,318493246684.833,0,-1.0811231113119e-15,-8.62367431598289e-15,4.02438134745868e-15,"Biomass variability","10yr","trailing","base1901_1929"
1912,0,1.66982974646226e-05,-0.00299072265625,0.00250244140625,318493246684.833,0,5.24290472040888e-17,-9.39022314407025e-15,7.85712548789552e-15,"Biomass variability","10yr","trailing","base1901_1929"
1913,0,-0.000161800744398585,-0.0030517578125,0.002685546875,318493246684.833,0,-5.08019388425826e-16,-9.5818603510921e-15,8.43203710896105e-15,"Biomass variability","10yr","trailing","base1901_1929"
1914,0,-0.000248171248525943,-0.002685546875,0.00177001953125,318493246684.833,0,-7.79204115343527e-16,-8.43203710896105e-15,5.55747900363342e-15,"Biomass variability","10yr","trailing","base1901_1929"
1915,0,2.47595445165094e-05,-0.002227783203125,0.001495361328125,318493246684.833,0,7.77396217164076e-17,-6.99475805629723e-15,4.69511157203513e-15,"Biomass variability","10yr","trailing","base1901_1929"
1916,0,0.00014049602004717,-0.00201416015625,0.00152587890625,318493246684.833,0,4.41127155786127e-16,-6.32402783172078e-15,4.79093017554605e-15,"Biomass variability","10yr","trailing","base1901_1929"
1917,0,-0.000315540241745283,-0.002716064453125,0.001953125,318493246684.833,0,-9.90728202339334e-16,-8.52785571247197e-15,6.13239062469894e-15,"Biomass variability","10yr","trailing","base1901_1929"
1918,0,-0.000392697892099057,-0.0025634765625,0.00201416015625,318493246684.833,0,-1.23298655838581e-15,-8.04876269491736e-15,6.32402783172078e-15,"Biomass variability","10yr","trailing","base1901_1929"
1919,0,-0.000710541347287736,-0.002685546875,0.00225830078125,318493246684.833,0,-2.23094635344295e-15,-8.43203710896105e-15,7.09057665980815e-15,"Biomass variability","10yr","trailing","base1901_1929"
1920,0,0.000218805277122642,-0.002197265625,0.002197265625,318493246684.833,0,6.87001308191509e-16,-6.89893945278631e-15,6.89893945278631e-15,"Biomass variability","10yr","trailing","base1901_1929"
1921,0,0.000253929282134434,-0.00225830078125,0.002197265625,318493246684.833,0,7.9728309713804e-16,-7.09057665980815e-15,6.89893945278631e-15,"Biomass variability","10yr","trailing","base1901_1929"
1922,0,0.000756029812794811,-0.00152587890625,0.0029296875,318493246684.833,0,2.37377030961961e-15,-4.79093017554605e-15,9.19858593704841e-15,"Biomass variability","10yr","trailing","base1901_1929"
1923,0,0.00131571067954009,-0.00146484375,0.00341796875,318493246684.833,0,4.13104734004631e-15,-4.59929296852421e-15,1.07316835932231e-14,"Biomass variability","10yr","trailing","base1901_1929"
1924,0,0.00155236586084906,-0.0015869140625,0.00390625,318493246684.833,0,4.87409349180081e-15,-4.98256738256789e-15,1.22647812493979e-14,"Biomass variability","10yr","trailing","base1901_1929"
1925,0,0.00153278854658019,-0.00146484375,0.00341796875,318493246684.833,0,4.81262495369946e-15,-4.59929296852421e-15,1.07316835932231e-14,"Biomass variability","10yr","trailing","base1901_1929"
1926,0,0.00129210274174528,-0.001953125,0.003173828125,318493246684.833,0,4.05692351468881e-15,-6.13239062469894e-15,9.96513476513578e-15,"Biomass variability","10yr","trailing","base1901_1929"
1927,0,0.00118730653007075,-0.0009765625,0.00323486328125,318493246684.833,0,3.72788604602866e-15,-3.06619531234947e-15,1.01567719721576e-14,"Biomass variability","10yr","trailing","base1901_1929"
1928,0,0.0011009360259434,-0.0009765625,0.002685546875,318493246684.833,0,3.45670131911096e-15,-3.06619531234947e-15,8.43203710896105e-15,"Biomass variability","10yr","trailing","base1901_1929"
1929,0,0.000881554945459906,-0.00128173828125,0.002685546875,318493246684.833,0,2.76789211274e-15,-4.02438134745868e-15,8.43203710896105e-15,"Biomass variability","10yr","trailing","base1901_1929"
1930,0,0.000889616192511793,-0.00146484375,0.00299072265625,318493246684.833,0,2.79320268725232e-15,-4.59929296852421e-15,9.39022314407025e-15,"Biomass variability","10yr","trailing","base1901_1929"
1931,-35885041.4558105,5681996403.13688,-175632104.57251,173621327.686462,318493246684.833,-0.000112671278996759,0.0178402413937509,-0.000551446871796021,0.000545133466701949,"Biomass variability","10yr","trailing","base1901_1929"
1932,-13109570522.0118,17872012853.5844,-41336256238.6144,-3883752890.77393,318493246684.833,-0.0411612197698637,0.0561142600027237,-0.12978691595153,-0.0121941451858071,"Biomass variability","10yr","trailing","base1901_1929"
1933,-30803525786.8159,33476345694.2223,-103640141477.681,-11993926709.5827,318493246684.833,-0.0967164174042839,0.105108494584028,-0.325407657953383,-0.0376583391780716,"Biomass variability","10yr","trailing","base1901_1929"
1934,-26776411378.7806,122284603125.12,-100330102770.894,-9463882104.88779,318493246684.833,-0.084072148020386,0.383947240319753,-0.315014851382942,-0.0297145456093542,"Biomass variability","10yr","trailing","base1901_1929"
1935,-23447170078.1243,253493244719.885,-68446874003.1211,168998333.010254,318493246684.833,-0.0736190494529591,0.795914033840504,-0.214908399834465,0.000530618261986217,"Biomass variability","10yr","trailing","base1901_1929"
1936,-4259731846.0083,398925711040.253,-28673604189.9906,143817356039.404,318493246684.833,-0.0133746378937307,1.25254056465132,-0.0900289236536456,0.451555433392655,"Biomass variability","10yr","trailing","base1901_1929"
1937,153933752610.043,650465172782.545,23752229617.109,419174120536.11,318493246684.833,0.483318733481242,2.04232014195961,0.0745768705124638,1.31611619680874,"Biomass variability","10yr","trailing","base1901_1929"
1938,211663564638.198,736359791781.302,62114506028.7335,558226358198.77,318493246684.833,0.664577873601353,2.31201069236476,0.195026132187346,1.75271018776472,"Biomass variability","10yr","trailing","base1901_1929"
1939,256273347724.513,748563981643.62,81695026704.3391,643659634306.794,318493246684.833,0.804642956772359,2.35032921242555,0.256504737713264,2.02095222114311,"Biomass variability","10yr","trailing","base1901_1929"
1940,174561525823.696,580022744161.581,49786097495.5762,560173807914.086,318493246684.833,0.548085485769921,1.82114613166522,0.156317592331376,1.75882475922138,"Biomass variability","10yr","trailing","base1901_1929"
1941,170033142392.405,479744529943.859,49250550374.4647,441552556956.599,318493246684.833,0.533867339927184,1.5062941991313,0.154636090049347,1.38637965342336,"Biomass variability","10yr","trailing","base1901_1929"
1942,33369585329.3851,227217779620.549,5712281128.06403,182878858515.617,318493246684.833,0.104773290098695,0.713414748933102,0.0179353288885169,0.57420011387741,"Biomass variability","10yr","trailing","base1901_1929"
1943,-20879202041.7181,-7866526139.21156,-66578642329.1741,-3232385039.81921,318493246684.833,-0.0655561845001356,-0.0246991929062657,-0.209042555916601,-0.0101489908293655,"Biomass variability","10yr","trailing","base1901_1929"
1944,-48637351873.3217,-67177869944.4185,-97598183488.7124,-13689479387.8124,318493246684.833,-0.152710779206728,-0.210924001195211,-0.306437214931879,-0.042982008348073,"Biomass variability","10yr","trailing","base1901_1929"
1945,-50681795912.9885,-63524932741.7688,-90632400710.4865,-17307374007.5742,318493246684.833,-0.159129891891055,-0.19945456741389,-0.284566161618404,-0.0543414159883296,"Biomass variability","10yr","trailing","base1901_1929"
1946,-51472151701.9937,-67836329886.0446,-103332410336.955,-16436182053.0314,318493246684.833,-0.161611438351558,-0.212991423184468,-0.324441448641478,-0.0516060614286616,"Biomass variability","10yr","trailing","base1901_1929"
1947,-22296011369.4989,-39491413231.4277,-58680876859.5018,-7442507265.1521,318493246684.833,-0.070004659758334,-0.123994507395338,-0.184245278260389,-0.0233678652298611,"Biomass variability","10yr","trailing","base1901_1929"
1948,-10051597473.2338,-19400616691.0077,-28331319508.4339,-3523623964.85803,318493246684.833,-0.0315598449193504,-0.0609137458735685,-0.0889542236871016,-0.0110634181463347,"Biomass variability","10yr","trailing","base1901_1929"
1949,13116083439.6659,31766895700.2969,3564390489.15186,35321859156.1373,318493246684.833,0.0411816689245062,0.0997411908445644,0.0111914162270417,0.110903008223249,"Biomass variability","10yr","trailing","base1901_1929"
1950,11791316266.4338,28111705800.2178,1238863515.20251,32574835649.6467,318493246684.833,0.0370221861504712,0.0882646840798978,0.00388976384302565,0.102277947770369,"Biomass variability","10yr","trailing","base1901_1929"
1951,13052407382.9653,33462314015.9231,1366540423.23047,37268438514.4512,318493246684.833,0.0409817398605045,0.105064438145013,0.00429064175600161,0.117014846946913,"Biomass variability","10yr","trailing","base1901_1929"
1952,-10181437555.6045,-17153323680.5499,-22835208571.8924,-3145322403.94196,318493246684.833,-0.0319675147325167,-0.0538577312363675,-0.0716976225071707,-0.00987563295825366,"Biomass variability","10yr","trailing","base1901_1929"
1953,-61651940431.5056,-91363639657.6029,-123618421684.889,-29782023731.2307,318493246684.833,-0.193573776126291,-0.286862093964624,-0.388135142492412,-0.0935091215943477,"Biomass variability","10yr","trailing","base1901_1929"
1954,-92067482273.745,-132253412471.669,-197920936531.553,-36479137528.516,318493246684.833,-0.289072007749197,-0.41524714840356,-0.621428989756278,-0.114536612340211,"Biomass variability","10yr","trailing","base1901_1929"
1955,-62090746120.6522,-97855114548.8507,-147893688464.196,-24787654689.1039,318493246684.833,-0.194951531208115,-0.307243922963565,-0.464354236718072,-0.0778278815865526,"Biomass variability","10yr","trailing","base1901_1929"
1956,-48035417104.9482,-67433529983.5232,-121181820077.772,-19998379911.3363,318493246684.833,-0.150820834052039,-0.211726718495392,-0.380484739752388,-0.0627905932684526,"Biomass variability","10yr","trailing","base1901_1929"
1957,4485116403.81885,45239424551.0189,-3884369757.77173,37675840557.2278,318493246684.833,0.0140822967221566,0.142042021367523,-0.0121960820149368,0.118294001362328,"Biomass variability","10yr","trailing","base1901_1929"
1958,18202237790.894,57174249420.8624,4346525048.04932,61899385445.9682,318493246684.833,0.0571510949772387,0.17951479353482,0.0136471498007945,0.194350700023543,"Biomass variability","10yr","trailing","base1901_1929"
1959,22575180699.9307,71904228970.6543,6504993532.02307,88554243911.9775,318493246684.833,0.0708811911552713,0.225763747643313,0.0204242746109468,0.278041198153275,"Biomass variability","10yr","trailing","base1901_1929"
1960,14376983020.0186,56410234043.5646,1383624733.83942,65723417165.7964,318493246684.833,0.0451406212523098,0.177115950277544,0.00434428280109998,0.206357333632362,"Biomass variability","10yr","trailing","base1901_1929"
1961,14680686502.7544,55497850848.1099,473319966.910889,67492010417.05,318493246684.833,0.0460941845881013,0.174251264118727,0.00148612245891438,0.211910334424884,"Biomass variability","10yr","trailing","base1901_1929"
1962,1627472858.81067,8599484232.91627,-6460264769.51599,14919551805.3478,318493246684.833,0.00510991324227714,0.0270005230014372,-0.0202838359580942,0.0468441700433025,"Biomass variability","10yr","trailing","base1901_1929"
1963,-14381330024.8616,-30643878210.816,-34580261930.0129,-4256070110.38696,318493246684.833,-0.0451542699085632,-0.0962151584995454,-0.108574553118333,-0.0133631408348152,"Biomass variability","10yr","trailing","base1901_1929"
1964,-22740457895.1266,-41748600450.9704,-53114586700.2336,-6715888668.86377,318493246684.833,-0.0714001258482869,-0.131081587711914,-0.166768329479819,-0.0210864397872446,"Biomass variability","10yr","trailing","base1901_1929"
1965,-17389433278.8926,-36917210193.5554,-45754257547.3088,-5704724632.0545,318493246684.833,-0.054599064375454,-0.115912065884672,-0.143658485771867,-0.0179116031232513,"Biomass variability","10yr","trailing","base1901_1929"
1966,-17238167918.4438,-36586131694.8207,-43582338324.0798,-4939150010.20526,318493246684.833,-0.0541241238169862,-0.114872550911651,-0.136839128545815,-0.015507864174881,"Biomass variability","10yr","trailing","base1901_1929"
1967,-10409403254.929,-30371256462.4773,-33108511779.4521,-3399403122.07996,318493246684.833,-0.0326832777877693,-0.0953591850961015,-0.103953575543832,-0.0106733915317327,"Biomass variability","10yr","trailing","base1901_1929"
1968,-8194182057.01599,-22212937666.5779,-23045506337.8911,-1953748378.08838,318493246684.833,-0.0257279617144428,-0.0697438262750948,-0.0723579120680567,-0.00613434789724669,"Biomass variability","10yr","trailing","base1901_1929"
1969,-497444809.237793,-11658934969.3204,-15259011903.3652,3545275747.78876,318493246684.833,-0.0015618692528512,-0.0366065374719156,-0.0479100014276435,0.0111314000679487,"Biomass variability","10yr","trailing","base1901_1929"
1970,-1609993166.17603,-15163017091.902,-17297781809.2333,1475758273.49756,318493246684.833,-0.00505503078302066,-0.0476085984545432,-0.0543112985574556,0.00463356221476778,"Biomass variability","10yr","trailing","base1901_1929"
1971,-1634350374.86853,-14489077029.3412,-20113385121.22,1642896286.61237,318493246684.833,-0.00513150715715429,-0.0454925722292595,-0.0631516847863444,0.00515833947411168,"Biomass variability","10yr","trailing","base1901_1929"
1972,-4493831130.76514,-12997032633.3838,-11152942829.9948,-638790990.656067,318493246684.833,-0.0141096590823856,-0.0408078751077729,-0.0350178314488131,-0.0020056657317076,"Biomass variability","10yr","trailing","base1901_1929"
1973,-5095088541.98669,-10624220592.1645,-19012598312.4749,-1527942768.57861,318493246684.833,-0.0159974774819278,-0.033357757826111,-0.0596954519770049,-0.00479741025746331,"Biomass variability","10yr","trailing","base1901_1929"
1974,-6433840685.57324,3601075295.09863,-18647056372.3228,-660080758.660767,318493246684.833,-0.0202008700421202,0.0113065985937909,-0.0585477292420429,-0.00207251100464919,"Biomass variability","10yr","trailing","base1901_1929"
1975,-5663208413.91687,14930637862.213,-16496148333.5013,-606285619.106659,318493246684.833,-0.0177812511658086,0.046878977867269,-0.0517943425966114,-0.00190360588620773,"Biomass variability","10yr","trailing","base1901_1929"
1976,-2733770609.93073,29842504155.5712,-13328918563.5909,1870212601.68005,318493246684.833,-0.00858344922030934,0.0936990170629959,-0.0418499252412113,0.00587206360306513,"Biomass variability","10yr","trailing","base1901_1929"
1977,3626361270.79254,63776722116.0032,-2009592917.99658,16148137996.8176,318493246684.833,0.0113859910956951,0.200245131662442,-0.00630968769012922,0.0507016653097107,"Biomass variability","10yr","trailing","base1901_1929"
1978,13428516453.8203,89074604398.6701,-2155230058.99423,38254265900.7158,318493246684.833,0.0421626411033717,0.279675017683544,-0.00676695685521694,0.120110132000916,"Biomass variability","10yr","trailing","base1901_1929"
1979,33942336881.9219,132307588319.82,3401019512.94604,85938915012.2229,318493246684.833,0.106571606259236,0.415417248864763,0.0106784666499115,0.26982963031949,"Biomass variability","10yr","trailing","base1901_1929"
1980,10423497691.8542,83195894756.329,-12849791784.4221,44390875503.2135,318493246684.833,0.0327275312753142,0.261217139208782,-0.0403455706460793,0.139377760644139,"Biomass variability","10yr","trailing","base1901_1929"
1981,13454572599.1389,82923677114.455,-8229194753.58301,57649247345.6169,318493246684.833,0.0422444517715409,0.26036243461235,-0.0258378940189154,0.181006184418924,"Biomass variability","10yr","trailing","base1901_1929"
1982,4883114572.27246,44651466133.2955,-12529240151.3826,42840846420.6858,318493246684.833,0.0153319250034352,0.14019595893498,-0.0393391077575373,0.134511004131523,"Biomass variability","10yr","trailing","base1901_1929"
1983,305801346.498291,2372351210.39484,-19254831692.4598,18146510914.7642,318493246684.833,0.000960150174866653,0.00744867037241267,-0.0604560124677102,0.0569761246232049,"Biomass variability","10yr","trailing","base1901_1929"
1984,-3015158671.09814,-21892598503.8561,-28608574686.9413,13753987436.1775,318493246684.833,-0.00946694695251045,-0.0687380304974568,-0.0898247450604537,0.043184549686191,"Biomass variability","10yr","trailing","base1901_1929"
1985,-16791888552.4199,-37638418715.3558,-47766389856.2078,-1258382321.5567,318493246684.833,-0.0527229030040829,-0.118176504861973,-0.149976146600921,-0.00395104867891262,"Biomass variability","10yr","trailing","base1901_1929"
1986,-18173593500.5472,-35405251177.702,-52434227306.2148,-1475539220.38354,318493246684.833,-0.0570611580927207,-0.111164841158272,-0.164632147940334,-0.00463287443530529,"Biomass variability","10yr","trailing","base1901_1929"
1987,-21130454210.6116,-37524460910.7404,-50474639836.4088,-4730411275.46747,318493246684.833,-0.0663450620399538,-0.117818701970384,-0.158479466556339,-0.0148524696354032,"Biomass variability","10yr","trailing","base1901_1929"
1988,-29433853440.9485,-31053691125.2012,-50522352303.8544,-9620554514.58575,318493246684.833,-0.092415942087698,-0.0975018825310622,-0.158629273398218,-0.0302064631345412,"Biomass variability","10yr","trailing","base1901_1929"
1989,-25102946115.4277,-26117594615.312,-55479952071.0961,-6508174318.44583,318493246684.833,-0.0788178285622127,-0.0820036056876171,-0.174195065825043,-0.0204342615932639,"Biomass variability","10yr","trailing","base1901_1929"
1990,12778664906.9611,34773266545.9987,312897169.050934,33645820331.05,318493246684.833,0.0401222476142681,0.109180545923502,0.000982429524983187,0.105640608337119,"Biomass variability","10yr","trailing","base1901_1929"
1991,5882846017.81897,18338405843.8125,-1123327223.61932,21383823804.3772,318493246684.833,0.0184708658003049,0.0575786332510824,-0.00352700484331122,0.0671405878365065,"Biomass variability","10yr","trailing","base1901_1929"
1992,-2438771763.90295,-5404595881.43917,-12352802775.3856,2469942367.5022,318493246684.833,-0.00765721656357836,-0.0169692636741755,-0.0387851325074071,0.0077550855260248,"Biomass variability","10yr","trailing","base1901_1929"
1993,3333006191.43396,5733702168.89429,-1766014628.82471,14666909317.5112,318493246684.833,0.0104649195112515,0.0180025863297758,-0.00554490447507754,0.0460509272023119,"Biomass variability","10yr","trailing","base1901_1929"
1994,21739137796.0736,34727790427.7141,1778555087.30963,45775879945.5179,318493246684.833,0.0682561970225563,0.109037760734937,0.00558427880597923,0.143726375431802,"Biomass variability","10yr","trailing","base1901_1929"
1995,12478181739.007,19063063678.9347,-1428954136.46527,40647275254.7004,318493246684.833,0.0391787953713028,0.0598539023271618,-0.00448660733418721,0.127623664482039,"Biomass variability","10yr","trailing","base1901_1929"
1996,9060727607.81165,7289867427.40188,-2903805669.82623,35312414065.6835,318493246684.833,0.0284487275699686,0.0228886091095539,-0.00911732258078209,0.110873352679365,"Biomass variability","10yr","trailing","base1901_1929"
1997,7513377070.59888,-5835261625.12142,-4227984552.45233,27718579335.7908,318493246684.833,0.0235903811110751,-0.0183214610854708,-0.0132749582493853,0.0870303518969739,"Biomass variability","10yr","trailing","base1901_1929"
1998,1931932840.21448,-20916929461.4577,-7950921401.37286,12095862329.534,318493246684.833,0.00606585182048218,-0.0656746404489892,-0.0249641758000625,0.0379783950066091,"Biomass variability","10yr","trailing","base1901_1929"
1999,490718575.562378,-25427328713.124,-10395242409.7111,6522208661.57812,318493246684.833,0.00154075033197791,-0.0798363198522878,-0.0326388157925299,0.0204783263992791,"Biomass variability","10yr","trailing","base1901_1929"
2000,1581340488.1864,-19842498092.3277,-4965263047.11627,9127758400.62842,318493246684.833,0.0049650675631161,-0.0623011580272623,-0.0155898534703616,0.0286591897807517,"Biomass variability","10yr","trailing","base1901_1929"
2001,-16163791022.0416,-45016790286.4676,-32930870102.8265,-7147396290.31073,318493246684.833,-0.0507508124278584,-0.141342997865867,-0.103395819049857,-0.0224412805128753,"Biomass variability","10yr","trailing","base1901_1929"
2002,-21855586210.8622,-44246601849.4271,-48544314908.0862,-11767042758.624,318493246684.833,-0.0686218198921169,-0.138924772534381,-0.152418663231888,-0.0369459725790298,"Biomass variability","10yr","trailing","base1901_1929"
2003,-21477440382.9421,-38765749028.3728,-45296744218.9583,-10108464900.7747,318493246684.833,-0.067434523672005,-0.121716078541325,-0.142221992743796,-0.0317383963584557,"Biomass variability","10yr","trailing","base1901_1929"
2004,-15815519952.1554,-22705744812.9899,-30036591667.7344,-6578293609.51013,318493246684.833,-0.0496573164950204,-0.0712911342684087,-0.094308409928256,-0.0206544210214282,"Biomass variability","10yr","trailing","base1901_1929"
2005,-7956633705.03784,-17435490580.3561,-22060703153.1924,-2084281878.54657,318493246684.833,-0.0249821111997121,-0.0547436743536652,-0.0692658427857425,-0.00654419489342919,"Biomass variability","10yr","trailing","base1901_1929"
2006,-5762858984.9425,-16803417652.62,-17699502654.6761,-1195139730.73236,318493246684.833,-0.0180941324342904,-0.0527591018884238,-0.0555726152403815,-0.00375248060413355,"Biomass variability","10yr","trailing","base1901_1929"
2007,-4657436175.15942,-15688193997.8968,-18590236426.3057,-680774053.103516,318493246684.833,-0.0146233435830689,-0.0492575405010741,-0.0583693268846662,-0.00213748347944463,"Biomass variability","10yr","trailing","base1901_1929"
2008,-5990764816.64941,-18312905759.8184,-20159005860.8916,-779886304.110352,318493246684.833,-0.0188097075181553,-0.0574985684953628,-0.0632949240548263,-0.0024486745393446,"Biomass variability","10yr","trailing","base1901_1929"
2009,-2953598209.45032,-13916123057.2943,-14094436486.2984,-2701440.55163574,318493246684.833,-0.00927366040000548,-0.0436936205151786,-0.0442534861665234,-8.48193982056067e-06,"Biomass variability","10yr","trailing","base1901_1929"
2010,-260125913.505005,-12068955816.5789,-9793435074.73267,2666589588.48529,318493246684.833,-0.000816739181168302,-0.037893914367741,-0.0307492707511749,0.00837251532408167,"Biomass variability","10yr","trailing","base1901_1929"
1900,0,8.3790416952842e-18,0,0,0.00136804721819643,0,6.12481907337287e-15,0,0,"Slope","10yr","trailing","base1901_1929"
1901,0,-1.36159427548368e-17,0,0,0.00136804721819643,0,-9.95283099423092e-15,0,0,"Slope","10yr","trailing","base1901_1929"
1902,0,6.28428127146315e-18,0,0,0.00136804721819643,0,4.59361430502966e-15,0,0,"Slope","10yr","trailing","base1901_1929"
1903,0,-3.35161667811368e-17,0,0,0.00136804721819643,0,-2.44992762934915e-14,0,0,"Slope","10yr","trailing","base1901_1929"
1904,0,-2.09476042382105e-18,0,0,0.00136804721819643,0,-1.53120476834322e-15,0,0,"Slope","10yr","trailing","base1901_1929"
1905,0,-1.15211823310158e-17,0,0,0.00136804721819643,0,-8.4216262258877e-15,0,0,"Slope","10yr","trailing","base1901_1929"
1906,0,-5.23690105955263e-18,0,0,0.00136804721819643,0,-3.82801192085805e-15,0,0,"Slope","10yr","trailing","base1901_1929"
1907,0,-1.46633229667474e-17,0,0,0.00136804721819643,0,-1.07184333784025e-14,0,0,"Slope","10yr","trailing","base1901_1929"
1908,0,3.14214063573158e-18,0,0,0.00136804721819643,0,2.29680715251483e-15,0,0,"Slope","10yr","trailing","base1901_1929"
1909,0,-7.33166148337368e-18,0,0,0.00136804721819643,0,-5.35921668920127e-15,0,0,"Slope","10yr","trailing","base1901_1929"
1910,0,1.57107031786579e-17,0,0,0.00136804721819643,0,1.14840357625741e-14,0,0,"Slope","10yr","trailing","base1901_1929"
1911,0,-2.09476042382105e-18,0,0,0.00136804721819643,0,-1.53120476834322e-15,0,0,"Slope","10yr","trailing","base1901_1929"
1912,0,1.78054636024789e-17,0,0,0.00136804721819643,0,1.30152405309174e-14,0,0,"Slope","10yr","trailing","base1901_1929"
1913,0,1.15211823310158e-17,0,0,0.00136804721819643,0,8.4216262258877e-15,0,0,"Slope","10yr","trailing","base1901_1929"
1914,0,4.1895208476421e-18,0,0,0.00136804721819643,0,3.06240953668644e-15,0,0,"Slope","10yr","trailing","base1901_1929"
1915,0,4.1895208476421e-18,0,0,0.00136804721819643,0,3.06240953668644e-15,0,0,"Slope","10yr","trailing","base1901_1929"
1916,0,5.23690105955263e-18,0,0,0.00136804721819643,0,3.82801192085805e-15,0,0,"Slope","10yr","trailing","base1901_1929"
1917,0,-2.40897448739421e-17,0,0,0.00136804721819643,0,-1.7608854835947e-14,0,0,"Slope","10yr","trailing","base1901_1929"
1918,0,2.09476042382105e-18,0,0,0.00136804721819643,0,1.53120476834322e-15,0,0,"Slope","10yr","trailing","base1901_1929"
1919,0,1.25685625429263e-17,0,0,0.00136804721819643,0,9.18722861005931e-15,0,0,"Slope","10yr","trailing","base1901_1929"
1920,0,2.09476042382105e-18,0,0,0.00136804721819643,0,1.53120476834322e-15,0,0,"Slope","10yr","trailing","base1901_1929"
1921,0,3.14214063573158e-18,0,0,0.00136804721819643,0,2.29680715251483e-15,0,0,"Slope","10yr","trailing","base1901_1929"
1922,0,-2.09476042382105e-18,0,0,0.00136804721819643,0,-1.53120476834322e-15,0,0,"Slope","10yr","trailing","base1901_1929"
1923,0,4.1895208476421e-18,0,0,0.00136804721819643,0,3.06240953668644e-15,0,0,"Slope","10yr","trailing","base1901_1929"
1924,0,-1.04738021191052e-18,0,0,0.00136804721819643,0,-7.65602384171609e-16,0,0,"Slope","10yr","trailing","base1901_1929"
1925,0,4.1895208476421e-18,0,0,0.00136804721819643,0,3.06240953668644e-15,0,0,"Slope","10yr","trailing","base1901_1929"
1926,0,-4.1895208476421e-18,0,0,0.00136804721819643,0,-3.06240953668644e-15,0,0,"Slope","10yr","trailing","base1901_1929"
1927,0,3.14214063573158e-18,0,0,0.00136804721819643,0,2.29680715251483e-15,0,0,"Slope","10yr","trailing","base1901_1929"
1928,0,1.04738021191052e-18,0,0,0.00136804721819643,0,7.65602384171609e-16,0,0,"Slope","10yr","trailing","base1901_1929"
1929,0,5.23690105955263e-18,0,0,0.00136804721819643,0,3.82801192085805e-15,0,0,"Slope","10yr","trailing","base1901_1929"
1930,0,4.1895208476421e-18,0,0,0.00136804721819643,0,3.06240953668644e-15,0,0,"Slope","10yr","trailing","base1901_1929"
1931,-3.36804471164909e-05,-6.77828371956823e-05,-7.46180883188785e-05,-1.24173147464379e-05,0.00136804721819643,-0.0246193601130914,-0.0495471474186717,-0.0545435035621442,-0.00907667117134183,"Slope","10yr","trailing","base1901_1929"
1932,-0.000182552907071587,-0.000375357746903584,-0.000410261821614577,-7.03569098491341e-05,0.00136804721819643,-0.13344050164603,-0.274374847527878,-0.299888641384357,-0.0514287145306939,"Slope","10yr","trailing","base1901_1929"
1933,-0.000238969181318271,-0.000562057844195044,-0.000645332461731152,-9.1841478249588e-05,0.00136804721819643,-0.17467904480177,-0.410846816337256,-0.471717973727492,-0.0671332663288242,"Slope","10yr","trailing","base1901_1929"
1934,-0.000591799572887908,-0.00108648928103055,-0.00115685869440646,-0.000342052405998217,0.00136804721819643,-0.432587095691118,-0.794189898257259,-0.845627752477439,-0.250029678397477,"Slope","10yr","trailing","base1901_1929"
1935,-0.00101352314879233,-0.00152719074189188,-0.00161291418753795,-0.000550761395884281,0.00136804721819643,-0.740853923250185,-1.11632896992054,-1.17899014455389,-0.402589463695835,"Slope","10yr","trailing","base1901_1929"
1936,-0.00123429919889173,-0.00180891916275569,-0.00196756450344227,-0.000682389315843412,0.00136804721819643,-0.902234354541485,-1.32226368994813,-1.43822850357184,-0.498805382421699,"Slope","10yr","trailing","base1901_1929"
1937,-0.00138745242552585,-0.00204432042290347,-0.00222145419406627,-0.00081313089352858,0.00136804721819643,-1.01418460347809,-1.49433469525899,-1.62381397697291,-0.594373412491254,"Slope","10yr","trailing","base1901_1929"
1938,-0.00159938011323657,-0.00224914190494274,-0.00246009387236229,-0.000826865095993556,0.00136804721819643,-1.1690971568548,-1.64405283313825,-1.79825216530579,-0.604412687658293,"Slope","10yr","trailing","base1901_1929"
1939,-0.00168729804138545,-0.00229957948206701,-0.00251222259672701,-0.000860471292338627,0.00136804721819643,-1.23336242999705,-1.6809211345049,-1.83635664274732,-0.62897777276506,"Slope","10yr","trailing","base1901_1929"
1940,-0.00207076638696313,-0.00290411718113667,-0.00345949604243057,-0.00125692836075814,0.00136804721819643,-1.51366587309255,-2.12281940455632,-2.52878409196387,-0.918775568591274,"Slope","10yr","trailing","base1901_1929"
1941,-0.00254092513021931,-0.00341222715345197,-0.00439669533216319,-0.00164117210805842,0.00136804721819643,-1.85733730270593,-2.49423200315446,-3.21384764625273,-1.19964580624787,"Slope","10yr","trailing","base1901_1929"
1942,-0.00232001589290232,-0.00313966346438245,-0.00405656568997648,-0.00139906523727285,0.00136804721819643,-1.6958595156978,-2.29499641724475,-2.96522344844534,-1.02267320795938,"Slope","10yr","trailing","base1901_1929"
1943,-0.00219821732468217,-0.00300667265392046,-0.00388782800905968,-0.00137350035429157,0.00136804721819643,-1.60682854761417,-2.19778426791753,-2.84188144776553,-1.00398607301167,"Slope","10yr","trailing","base1901_1929"
1944,-0.00220561020659005,-0.00294699792161628,-0.00386806233587117,-0.0013602349219447,0.00136804721819643,-1.61223251453106,-2.15416389318891,-2.82743335494709,-0.994289454232415,"Slope","10yr","trailing","base1901_1929"
1945,-0.00217372854057152,-0.00292174432120565,-0.00378273320146089,-0.00135188452447976,0.00136804721819643,-1.58892800749762,-2.13570429612623,-2.76506040957261,-0.988185573201212,"Slope","10yr","trailing","base1901_1929"
1946,-0.00216980262449984,-0.00280292341224349,-0.00375079686842195,-0.00132838280848063,0.00136804721819643,-1.58605828485979,-2.04884990441977,-2.74171594264621,-0.971006549197849,"Slope","10yr","trailing","base1901_1929"
1947,-0.00217666216553392,-0.00290412589776314,-0.0038193033804087,-0.00133029115373529,0.00136804721819643,-1.59107239617323,-2.12282577613937,-2.79179207384661,-0.972401490270986,"Slope","10yr","trailing","base1901_1929"
1948,-0.0027374105259248,-0.0035888396929144,-0.00494173004394971,-0.00165876354559535,0.00136804721819643,-2.0009620205461,-2.62333028069437,-3.61225108184837,-1.21250460037643,"Slope","10yr","trailing","base1901_1929"
1949,-0.00383935338269725,-0.00498890187306774,-0.00657250366537743,-0.00259056869604674,0.00136804721819643,-2.80644800240073,-3.64673222291616,-4.80429591753588,-1.89362520649106,"Slope","10yr","trailing","base1901_1929"
1950,-0.00410884131014255,-0.00524359362046887,-0.00700011583595372,-0.00263158446806067,0.00136804721819643,-3.0034353021524,-3.8329039748948,-5.11686712479292,-1.92360646113518,"Slope","10yr","trailing","base1901_1929"
1951,-0.00451298595705751,-0.00562163092065613,-0.00757681772267194,-0.00274963847940474,0.00136804721819643,-3.29885247894237,-4.10923749259724,-5.53841828110353,-2.00990027451664,"Slope","10yr","trailing","base1901_1929"
1952,-0.00556649095530071,-0.00653706776455572,-0.00886586839033759,-0.00300366986239736,0.00136804721819643,-4.06893189157558,-4.77839337532069,-6.48067425773939,-2.19558932063563,"Slope","10yr","trailing","base1901_1929"
1953,-0.00594521723144736,-0.00694038351394759,-0.00930860742931622,-0.0032477747419688,0.00136804721819643,-4.34576902929218,-5.07320465378195,-6.80430273568207,-2.37402240125199,"Slope","10yr","trailing","base1901_1929"
1954,-0.0062276258421714,-0.00728630155654829,-0.00969584498175813,-0.0033863560234893,0.00136804721819643,-4.55220094696849,-5.32605999239866,-7.087361351855,-2.47532101118097,"Slope","10yr","trailing","base1901_1929"
1955,-0.0067144907247364,-0.00782959794101398,-0.0105715757546142,-0.00377717983571468,0.00136804721819643,-4.90808404521919,-5.72319276474693,-7.7274933306405,-2.76100107180097,"Slope","10yr","trailing","base1901_1929"
1956,-0.00720866766896222,-0.00823772467035951,-0.0109145642317294,-0.00401752292830304,0.00136804721819643,-5.26931203329794,-6.02152072003753,-7.97820724793306,-2.93668440304243,"Slope","10yr","trailing","base1901_1929"
1957,-0.00787806219687648,-0.0088034237981981,-0.012106251158909,-0.00427587732852519,0.00136804721819643,-5.75861862959858,-6.43502920155353,-8.84929335616739,-3.12553344040442,"Slope","10yr","trailing","base1901_1929"
1958,-0.00804276719090258,-0.00906510396441845,-0.0126373099557524,-0.0044208985077322,0.00136804721819643,-5.87901286149011,-6.62630927050124,-9.23748083228651,-3.23153941540154,"Slope","10yr","trailing","base1901_1929"
1959,-0.00871266327135989,-0.00964057627264315,-0.0138508562794176,-0.00469487587961415,0.00136804721819643,-6.36868607711235,-7.04696164314623,-10.1245454800003,-3.43180835951236,"Slope","10yr","trailing","base1901_1929"
1960,-0.00903981666164788,-0.00993184582160008,-0.0144832298603574,-0.00488056215962296,0.00136804721819643,-6.60782503806086,-7.25987063128841,-10.5867909146085,-3.56753925939579,"Slope","10yr","trailing","base1901_1929"
1961,-0.00927503699688326,-0.010209513341035,-0.0147569686515526,-0.00494810071696916,0.00136804721819643,-6.77976379288358,-7.46283695857717,-10.786885463652,-3.61690784583628,"Slope","10yr","trailing","base1901_1929"
1962,-0.00925428059781241,-0.010097204362671,-0.0148031291727014,-0.00496089940717692,0.00136804721819643,-6.76459151023517,-7.38074258575864,-10.820627370024,-3.62626329061737,"Slope","10yr","trailing","base1901_1929"
1963,-0.00934314509763678,-0.0102024568028272,-0.0149965722749884,-0.00501222883920316,0.00136804721819643,-6.82954869785441,-7.45767884845205,-10.9620282659243,-3.66378351020007,"Slope","10yr","trailing","base1901_1929"
1964,-0.00954963876727122,-0.0103822535570845,-0.0152700763293479,-0.00508913186905879,0.00136804721819643,-6.98048915289709,-7.58910468804723,-11.1619512296361,-3.71999723501362,"Slope","10yr","trailing","base1901_1929"
1965,-0.00983893203017949,-0.0106438005163249,-0.0155696283369007,-0.00523999642975082,0.00136804721819643,-7.1919535373572,-7.78028738683244,-11.3809144376076,-3.83027454027426,"Slope","10yr","trailing","base1901_1929"
1966,-0.00978986954018168,-0.0105881897314754,-0.0155805584159887,-0.00527455832367257,0.00136804721819643,-7.1560903819447,-7.73963763139282,-11.3889039857333,-3.85553821060819,"Slope","10yr","trailing","base1901_1929"
1967,-0.0098911724764722,-0.0107412701680077,-0.0156354391005468,-0.0052998731977284,0.00136804721819643,-7.23013968005597,-7.8515346730272,-11.4290200605501,-3.87404259680123,"Slope","10yr","trailing","base1901_1929"
1968,-0.0100836632538093,-0.0108147021913962,-0.0158638270556279,-0.00541601497020727,0.00136804721819643,-7.37084445601454,-7.90521119998605,-11.5959645578185,-3.95893862300125,"Slope","10yr","trailing","base1901_1929"
1969,-0.0102392708985913,-0.0109663062341597,-0.0160223274956497,-0.00548261302617803,0.00136804721819643,-7.48458880833829,-8.01602904365914,-11.7118234535594,-4.00761973216542,"Slope","10yr","trailing","base1901_1929"
1970,-0.0102850992531986,-0.0109916464890659,-0.016119726040296,-0.00551085568551346,0.00136804721819643,-7.51808791129157,-8.03455198246505,-11.7830187627204,-4.02826423840744,"Slope","10yr","trailing","base1901_1929"
1971,-0.0103728587684563,-0.011094590077685,-0.0163603311135204,-0.00561112337953851,0.00136804721819643,-7.58223738953351,-8.10980054643989,-11.9588935936649,-4.10155680659616,"Slope","10yr","trailing","base1901_1929"
1972,-0.0103255426722584,-0.0110375849921089,-0.0163164665792608,-0.00559619565766517,0.00136804721819643,-7.5476507937139,-8.06813160050156,-11.9268299823537,-4.09064510583409,"Slope","10yr","trailing","base1901_1929"
1973,-0.0110036596034151,-0.0117618212404253,-0.0170499347762727,-0.00662863460134422,0.00136804721819643,-8.04333319570782,-8.59752579003193,-12.4629724394678,-4.84532588727683,"Slope","10yr","trailing","base1901_1929"
1974,-0.0120411373173851,-0.0129128021444755,-0.0182315187298736,-0.00761527058356998,0.00136804721819643,-8.80169716163713,-9.43885706043039,-13.3266735879988,-5.5665261273727,"Slope","10yr","trailing","base1901_1929"
1975,-0.0125144016887884,-0.013366607317926,-0.018521234278168,-0.00806444953106039,0.00136804721819643,-9.14763870890858,-9.770574538756,-13.5384466499523,-5.89486197829647,"Slope","10yr","trailing","base1901_1929"
1976,-0.0128430308853423,-0.013677763050608,-0.0187571850052164,-0.00841592925660883,0.00136804721819643,-9.38785643837205,-9.99801970917357,-13.710919298491,-6.15178273430065,"Slope","10yr","trailing","base1901_1929"
1977,-0.013103404909004,-0.0139340003977426,-0.0190036546546217,-0.00858343148065144,0.00136804721819643,-9.57818175770196,-10.1853212465228,-13.8910809523631,-6.27422165440125,"Slope","10yr","trailing","base1901_1929"
1978,-0.0136214909130998,-0.0144406900735296,-0.0194820714807502,-0.00902481122542975,0.00136804721819643,-9.95688652549418,-10.5556956524991,-14.2407887839094,-6.59685653052797,"Slope","10yr","trailing","base1901_1929"
1979,-0.0144734416573441,-0.0152520491536448,-0.0204480708567216,-0.00954546035814718,0.00136804721819643,-10.5796360424059,-11.1487739244501,-14.9469043061828,-6.97743486568503,"Slope","10yr","trailing","base1901_1929"
1980,-0.0147072809041437,-0.0154908756680334,-0.020606167049939,-0.00990094289463805,0.00136804721819643,-10.7505652645039,-11.32334868416,-15.062467710073,-7.2372815520878,"Slope","10yr","trailing","base1901_1929"
1981,-0.0157443106159949,-0.0167866080927498,-0.0220649049431694,-0.0114115973331211,0.00136804721819643,-11.5086017548075,-12.2704888175428,-16.1287597750162,-8.34152299813573,"Slope","10yr","trailing","base1901_1929"
1982,-0.0158625327076387,-0.0168360218173622,-0.0218851808664219,-0.0114685448843627,0.00136804721819643,-11.5950184296644,-12.3066087145427,-15.997387060422,-8.38314988826359,"Slope","10yr","trailing","base1901_1929"
1983,-0.0156571944720889,-0.0166231795286911,-0.0218745324421623,-0.0114167097325986,0.00136804721819643,-11.4449225610287,-12.1510276162883,-15.9896033932225,-8.34526000326938,"Slope","10yr","trailing","base1901_1929"
1984,-0.0155217851997591,-0.016493601205491,-0.0218444653559486,-0.011122983850052,0.00136804721819643,-11.3459425912377,-12.0563098890953,-15.9676252876325,-8.13055551161167,"Slope","10yr","trailing","base1901_1929"
1985,-0.0154930404268535,-0.0165197566062024,-0.0217310721403455,-0.0111685464923529,0.00136804721819643,-11.3249310555807,-12.0754286741515,-15.8847383710884,-8.16386038712682,"Slope","10yr","trailing","base1901_1929"
1986,-0.0153066503732734,-0.0163125507694391,-0.0215899352075254,-0.0105816402900098,0.00136804721819643,-11.1886857190887,-11.9239676470706,-15.7815716594845,-7.73485019322662,"Slope","10yr","trailing","base1901_1929"
1987,-0.0151045725951028,-0.0162809570751806,-0.0214957799537975,-0.0106122995453925,0.00136804721819643,-11.0409731434679,-11.9008736384441,-15.7127470951891,-7.75726115607564,"Slope","10yr","trailing","base1901_1929"
1988,-0.0149915083586489,-0.0161380876308908,-0.021338242676062,-0.0103709926765134,0.00136804721819643,-10.9583267004578,-11.7964405147992,-15.597592241146,-7.58087333431809,"Slope","10yr","trailing","base1901_1929"
1989,-0.0147433423190713,-0.0159082774565084,-0.0211544948563004,-0.010276450729932,0.00136804721819643,-10.7769250380906,-11.6284564194217,-15.4632782954594,-7.51176610956454,"Slope","10yr","trailing","base1901_1929"
1990,-0.0145810592559664,-0.0157038041630081,-0.0210012920163029,-0.0101558393146883,0.00136804721819643,-10.6583011624331,-11.4789927965434,-15.351291780696,-7.42360291341205,"Slope","10yr","trailing","base1901_1929"
1991,-0.0144599783941558,-0.0156907129716224,-0.0210242058886646,-0.0101614043867469,0.00136804721819643,-10.5697948154298,-11.4694235424917,-15.3680411092696,-7.42767080813425,"Slope","10yr","trailing","base1901_1929"
1992,-0.014423997565679,-0.015496686680115,-0.0209623592330101,-0.00991288612227909,0.00136804721819643,-10.5434939480342,-11.3275963533957,-15.3228331260714,-7.24601168031888,"Slope","10yr","trailing","base1901_1929"
1993,-0.0144616975846577,-0.0154432042852708,-0.0203707471992328,-0.00993058139755892,0.00136804721819643,-10.5710514902572,-11.2885023849034,-14.8903831156418,-7.2589463766104,"Slope","10yr","trailing","base1901_1929"
1994,-0.0142865838345637,-0.015288703666371,-0.0201902935848425,-0.00980618672693118,0.00136804721819643,-10.443048781166,-11.1755672340951,-14.7584771317034,-7.16801773834912,"Slope","10yr","trailing","base1901_1929"
1995,-0.0143024068235602,-0.0153490261356951,-0.0206602042899515,-0.00987729886828126,0.00136804721819643,-10.4546148943717,-11.2196610844548,-15.1019672531398,-7.21999850363574,"Slope","10yr","trailing","base1901_1929"
1996,-0.0142729788473572,-0.0152842883164054,-0.0201677379368526,-0.00984780953476466,0.00136804721819643,-10.4331039583371,-11.1723397504916,-14.7419896540127,-7.19844271731173,"Slope","10yr","trailing","base1901_1929"
1997,-0.0144212722573897,-0.0153286084266204,-0.0200997680133812,-0.00991115606658977,0.00136804721819643,-10.5415018323724,-11.2047363736677,-14.6923057523408,-7.24474706337707,"Slope","10yr","trailing","base1901_1929"
1998,-0.0142921702462773,-0.0152382816677071,-0.0201773605550142,-0.00983918110644999,0.00136804721819643,-10.4471322745127,-11.1387103200989,-14.7490234888348,-7.19213560437008,"Slope","10yr","trailing","base1901_1929"
1999,-0.0143585473508605,-0.0152338730538863,-0.0199358876095277,-0.00987907568242719,0.00136804721819643,-10.4956518750794,-11.1354877604078,-14.5725142702386,-7.22129729955615,"Slope","10yr","trailing","base1901_1929"
2000,-0.014213382566808,-0.0151648392403886,-0.0200225807917749,-0.00982287079954225,0.00136804721819643,-10.3895409294032,-11.0850261881905,-14.6358842921897,-7.18021327691617,"Slope","10yr","trailing","base1901_1929"
2001,-0.0141724127062963,-0.0151634344196526,-0.0208427804987568,-0.00982327477533035,0.00136804721819643,-10.3595932346404,-11.0839993078918,-15.235424787629,-7.18050857066242,"Slope","10yr","trailing","base1901_1929"
2002,-0.0141071499994626,-0.0150050829492346,-0.0197904229082462,-0.00978907598310635,0.00136804721819643,-10.3118882241951,-10.9682493043015,-14.4661840943889,-7.155510316385,"Slope","10yr","trailing","base1901_1929"
2003,-0.0141097775482345,-0.0151783942700286,-0.0208604120878667,-0.00979067522808758,0.00136804721819643,-10.3138088806877,-11.0949344935908,-15.2483129313095,-7.15667931476455,"Slope","10yr","trailing","base1901_1929"
2004,-0.0140618327708215,-0.0149376326647878,-0.0197884793974181,-0.00967273346542546,0.00136804721819643,-10.2787627384382,-10.9189452426071,-14.4647634483745,-7.07046755168111,"Slope","10yr","trailing","base1901_1929"
2005,-0.0140370831480008,-0.0148761235319352,-0.0196742444858271,-0.0096076902307794,0.00136804721819643,-10.260671533331,-10.8739839780876,-14.3812612782216,-7.02292296858417,"Slope","10yr","trailing","base1901_1929"
2006,-0.0139938508014238,-0.0149009562990572,-0.02064677193952,-0.00953594397887408,0.00136804721819643,-10.2290700315685,-10.892135959095,-15.0921486224282,-6.97047868818872,"Slope","10yr","trailing","base1901_1929"
2007,-0.014391353376987,-0.0153301685299585,-0.0205623583018238,-0.00983839299844419,0.00136804721819643,-10.5196320606243,-11.2058767607225,-15.0304448766997,-7.19155952191085,"Slope","10yr","trailing","base1901_1929"
2008,-0.0142819866845398,-0.0152935084155565,-0.0208514160344612,-0.00978456182808352,0.00136804721819643,-10.4396884073698,-11.1790793564266,-15.2417370958516,-7.1522106093553,"Slope","10yr","trailing","base1901_1929"
2009,-0.0142059725436653,-0.0152344081355031,-0.0205823044497173,-0.00977304928073536,0.00136804721819643,-10.3841244327764,-11.1358788884403,-15.0450248909186,-7.14379529503352,"Slope","10yr","trailing","base1901_1929"
2010,-0.0140391882798965,-0.0150551273156711,-0.0201545655431658,-0.0096676644119465,0.00136804721819643,-10.262210319323,-11.0048301808757,-14.7323610436025,-7.06676223112525,"Slope","10yr","trailing","base1901_1929"
1900,0,-4.14426052110202e-18,-2.02203705168547e-17,1.42572585681844e-17,0.000254045393391548,0,-1.63130709271105e-14,-7.95935334504962e-14,5.61209096447199e-14,"Slope variability","10yr","trailing","base1901_1929"
1901,0,-5.40004280154455e-18,-1.74556549770166e-17,3.25260651745651e-18,0.000254045393391548,0,-2.12562122440131e-14,-6.87107715041817e-14,1.28032493486053e-14,"Slope variability","10yr","trailing","base1901_1929"
1902,0,-5.93447264600085e-18,-2.2659825404947e-17,0,0.000254045393391548,0,-2.3359890792644e-14,-8.91959704619502e-14,0,"Slope variability","10yr","trailing","base1901_1929"
1903,0,-3.46995836807271e-18,-1.51788304147971e-17,1.00288700954909e-17,0.000254045393391548,0,-1.36588123946992e-14,-5.9748496960158e-14,3.9476685491533e-14,"Slope variability","10yr","trailing","base1901_1929"
1904,0,-3.54411370534177e-18,-1.66967134562768e-17,9.21571846612679e-18,0.000254045393391548,0,-1.39507103751312e-14,-6.57233466561738e-14,3.62758731543817e-14,"Slope variability","10yr","trailing","base1901_1929"
1905,0,-3.87039718932561e-18,-1.77809156287623e-17,1.13841228110978e-17,0.000254045393391548,0,-1.52350614890322e-14,-6.99910964390423e-14,4.48113727201185e-14,"Slope variability","10yr","trailing","base1901_1929"
1906,0,-4.51784999610233e-18,-2.07082614944731e-17,8.18572640226556e-18,0.000254045393391548,0,-1.77836328216319e-14,-8.1514020852787e-14,3.22215108606567e-14,"Slope variability","10yr","trailing","base1901_1929"
1907,0,-5.27934859743767e-18,-1.88651178012478e-17,1.01915004213637e-17,0.000254045393391548,0,-2.07811231172409e-14,-7.42588462219107e-14,4.01168479589632e-14,"Slope variability","10yr","trailing","base1901_1929"
1908,0,-5.88588811468664e-18,-1.95698492133634e-17,8.78203759713259e-18,0.000254045393391548,0,-2.3168647288223e-14,-7.70328835807752e-14,3.45687732412343e-14,"Slope variability","10yr","trailing","base1901_1929"
1909,0,-5.28701983922412e-18,-2.82976767018717e-17,1.08962318334793e-17,0.000254045393391548,0,-2.08113194600443e-14,-1.11388269332866e-13,4.28908853178277e-14,"Slope variability","10yr","trailing","base1901_1929"
1910,0,-2.31006660996086e-18,-2.41234983378025e-17,1.56938264467277e-17,0.000254045393391548,0,-9.09312536283807e-15,-9.49574326688226e-14,6.17756781070205e-14,"Slope variability","10yr","trailing","base1901_1929"
1911,0,-2.1868153252585e-18,-1.45283091113058e-17,1.49348849259878e-17,0.000254045393391548,0,-8.60797078846482e-15,-5.7187847090437e-14,5.87882532590126e-14,"Slope variability","10yr","trailing","base1901_1929"
1912,0,-3.1211725748486e-18,-1.99493199737333e-17,1.42572585681844e-17,0.000254045393391548,0,-1.22858853419085e-14,-7.85265960047791e-14,5.61209096447199e-14,"Slope variability","10yr","trailing","base1901_1929"
1913,0,-8.46956234836436e-18,-2.39608680119296e-17,2.60208521396521e-18,0.000254045393391548,0,-3.33387755443793e-14,-9.43172702013923e-14,1.02425994788842e-14,"Slope variability","10yr","trailing","base1901_1929"
1914,0,-8.92881402331341e-18,-2.55058561077215e-17,5.14996031930615e-18,0.000254045393391548,0,-3.51465299335377e-14,-1.0039881364198e-13,2.0271811468625e-14,"Slope variability","10yr","trailing","base1901_1929"
1915,0,-7.30455642906154e-18,-1.90819582357449e-17,5.80048162279745e-18,0.000254045393391548,0,-2.87529576173159e-14,-7.51123961784844e-14,2.28324613383461e-14,"Slope variability","10yr","trailing","base1901_1929"
1916,0,-7.28333266011902e-18,-1.94614289961148e-17,4.77048955893622e-18,0.000254045393391548,0,-2.86694144022268e-14,-7.66061086024883e-14,1.87780990446211e-14,"Slope variability","10yr","trailing","base1901_1929"
1917,0,-3.64281701632748e-18,-1.30646361784503e-17,1.14518854468781e-17,0.000254045393391548,0,-1.43392366525339e-14,-5.14263848835646e-14,4.50781070815478e-14,"Slope variability","10yr","trailing","base1901_1929"
1918,0,-3.15288037423261e-18,-9.48676900924816e-18,1.40946282423116e-17,0.000254045393391548,0,-1.24106968921622e-14,-3.73428106000988e-14,5.54807471772896e-14,"Slope variability","10yr","trailing","base1901_1929"
1919,0,-9.71946334343727e-19,-1.1817803680092e-17,1.6154612370034e-17,0.000254045393391548,0,-3.82587663317993e-15,-4.65184726332659e-14,6.35894717647396e-14,"Slope variability","10yr","trailing","base1901_1929"
1920,0,-4.81498276129765e-19,-1.39591029707509e-17,1.44740990026815e-17,0.000254045393391548,0,-1.89532378328803e-15,-5.4947278454431e-14,5.69744596012935e-14,"Slope variability","10yr","trailing","base1901_1929"
1921,0,-9.91635854928959e-19,-1.48264647087393e-17,1.48806748173635e-17,0.000254045393391548,0,-3.90338057970844e-15,-5.83614782807258e-14,5.85748657698692e-14,"Slope variability","10yr","trailing","base1901_1929"
1922,0,1.08880491755738e-18,-1.10588621593521e-17,1.31730563956989e-17,0.000254045393391548,0,4.28586758855042e-15,-4.3531047785258e-14,5.18531598618514e-14,"Slope variability","10yr","trailing","base1901_1929"
1923,0,7.92694984600251e-19,-1.29562159612018e-17,1.53956708492942e-17,0.000254045393391548,0,3.12028875634248e-15,-5.09996099052777e-14,6.06020469167317e-14,"Slope variability","10yr","trailing","base1901_1929"
1924,0,9.34357249590102e-19,-1.56125112837913e-17,1.40946282423116e-17,0.000254045393391548,0,3.67791455344369e-15,-6.14555968733054e-14,5.54807471772896e-14,"Slope variability","10yr","trailing","base1901_1929"
1925,0,1.25092382731111e-18,-6.9931040125315e-18,1.17093834628434e-17,0.000254045393391548,0,4.92401696646046e-15,-2.75269860995014e-14,4.6091697654979e-14,"Slope variability","10yr","trailing","base1901_1929"
1926,0,1.2350699276191e-18,-9.67650438943313e-18,1.32272665043232e-17,0.000254045393391548,0,4.86161119133361e-15,-3.80896668121007e-14,5.20665473509948e-14,"Slope variability","10yr","trailing","base1901_1929"
1927,0,1.44679620092523e-18,-2.92734586571086e-18,9.97465998686664e-18,0.000254045393391548,0,5.69503025270509e-15,-1.15229244137448e-14,3.92632980023896e-14,"Slope variability","10yr","trailing","base1901_1929"
1928,0,1.95054107823571e-18,0,9.21571846612679e-18,0.000254045393391548,0,7.67792343012273e-15,0,3.62758731543817e-14,"Slope variability","10yr","trailing","base1901_1929"
1929,0,1.30769101653087e-18,0,7.15573433840433e-18,0.000254045393391548,0,5.14746990320499e-15,0,2.81671485669316e-14,"Slope variability","10yr","trailing","base1901_1929"
1930,0,2.11726273306132e-18,0,1.103175710504e-17,0.000254045393391548,0,8.33419061371476e-15,0,4.34243540406863e-14,"Slope variability","10yr","trailing","base1901_1929"
1931,1.14716374446775e-06,3.13247166413478e-06,3.35535082498454e-07,3.20332173222698e-06,0.000254045393391548,0.00451558569574094,0.0123303619967903,0.00132076822184809,0.0126092494316157,"Slope variability","10yr","trailing","base1901_1929"
1932,2.35381982572676e-05,6.15843571918358e-05,9.11417148576348e-06,6.29579962737334e-05,0.000254045393391548,0.092653513386048,0.24241477623221,0.0358761533286936,0.247821837795339,"Slope variability","10yr","trailing","base1901_1929"
1933,4.2405783045354e-05,0.000118674731109431,1.50158948250365e-05,0.000123748355905211,0.000254045393391548,0.166922070419108,0.467139866325084,0.0591071328811431,0.487111197936519,"Slope variability","10yr","trailing","base1901_1929"
1934,5.94908396083794e-05,0.000196382329730528,2.7711272622024e-05,0.000203804692486909,0.000254045393391548,0.234174053755381,0.773020628749813,0.109080004372738,0.802237307931792,"Slope variability","10yr","trailing","base1901_1929"
1935,0.000157046123658116,0.000331838870677325,7.43404076379466e-05,0.000356706036336543,0.000254045393391548,0.618181347677768,1.30621880699044,0.292626473739554,1.40410354060925,"Slope variability","10yr","trailing","base1901_1929"
1936,0.000142504382214158,0.000352573457726746,5.7188242213647e-05,0.00036778041165572,0.000254045393391548,0.560940626837198,1.38783645324102,0.225110329497317,1.4476956529138,"Slope variability","10yr","trailing","base1901_1929"
1937,0.00015760209770362,0.000353230967847947,1.7131228362178e-05,0.000372691075537501,0.000254045393391548,0.620369830759793,1.39042461322465,0.0674337295924687,1.46702552076231,"Slope variability","10yr","trailing","base1901_1929"
1938,0.000163154174127555,0.000358302413855939,2.913567137114e-07,0.000400690874933214,0.000254045393391548,0.642224493620686,1.41038736846413,0.0011468687143732,1.57724125434405,"Slope variability","10yr","trailing","base1901_1929"
1939,-6.81151759552537e-06,0.000152904777951684,-0.000150660960111203,0.000243797468564237,0.000254045393391548,-0.0268122066871219,0.601879750348471,-0.593047400308479,0.959661048403595,"Slope variability","10yr","trailing","base1901_1929"
1940,0.00019970415416988,0.000344204474035251,2.83342176891164e-05,0.000496705551928953,0.000254045393391548,0.786096340908987,1.3548935859063,0.111532105781766,1.95518424993995,"Slope variability","10yr","trailing","base1901_1929"
1941,0.000108590017564926,0.000197604482934861,-2.33969521193373e-05,0.000397435780914118,0.000254045393391548,0.427443364019444,0.777831395786433,-0.0920975255917226,1.5644282134318,"Slope variability","10yr","trailing","base1901_1929"
1942,0.000333317581314258,0.000439514953709054,0.000101246018684812,0.000658371142538395,0.000254045393391548,1.31203946217805,1.73006464648485,0.398535148908472,2.59154922570739,"Slope variability","10yr","trailing","base1901_1929"
1943,0.000364427905508225,0.000451918594002255,0.000144003857914082,0.000689105369188146,0.000254045393391548,1.43449916821184,1.77888915035642,0.566843019633644,2.71252849732276,"Slope variability","10yr","trailing","base1901_1929"
1944,0.000330871507017594,0.000393479394234672,0.000130677835899902,0.000612134929119828,0.000254045393391548,1.30241096915951,1.54885467113439,0.514387740534602,2.4095494153534,"Slope variability","10yr","trailing","base1901_1929"
1945,0.000281358656292674,0.000344969380201808,0.000134485446613343,0.000539427323728211,0.000254045393391548,1.10751331695682,1.35790448941589,0.529375655342299,2.12335014828164,"Slope variability","10yr","trailing","base1901_1929"
1946,0.000220333729493754,0.000269784427317981,0.0001065077743709,0.000423722134743608,0.000254045393391548,0.867300629042166,1.06195362850833,0.419247020971346,1.66789930369076,"Slope variability","10yr","trailing","base1901_1929"
1947,0.000146065321033071,0.000185391141737463,6.50635992341103e-05,0.000319804998891769,0.000254045393391548,0.574957565980925,0.729755967083129,0.256110131994525,1.25884982452277,"Slope variability","10yr","trailing","base1901_1929"
1948,0.000124781174214194,0.000166799957570288,6.21819590920855e-05,0.000298679058566328,0.000254045393391548,0.491176685191354,0.656575407030535,0.244767119222065,1.17569169264954,"Slope variability","10yr","trailing","base1901_1929"
1949,1.85655776115574e-05,9.93554837854484e-05,-2.81152403123709e-05,0.000224945032138175,0.000254045393391548,0.0730797648550279,0.391093428064316,-0.110670144170015,0.885452119934638,"Slope variability","10yr","trailing","base1901_1929"
1950,0.000142640199708609,0.000251126776875549,1.5679228245308e-05,0.000453438829048881,0.000254045393391548,0.561475245838307,0.98851143696394,0.0617182151425292,1.78487325826065,"Slope variability","10yr","trailing","base1901_1929"
1951,0.00027264681058386,0.000457756543506694,8.39683663164191e-05,0.00075422523200341,0.000254045393391548,1.07322084035447,1.80186909668216,0.330525049855963,2.96886009989938,"Slope variability","10yr","trailing","base1901_1929"
1952,0.00068910050002287,0.000950441270600898,0.000355514075962679,0.00134304545489253,0.000254045393391548,2.71250933080606,3.7412261561304,1.39941162174408,5.28663573451442,"Slope variability","10yr","trailing","base1901_1929"
1953,0.000973398033849062,0.00127699162061381,0.000557844521634264,0.00175096955321197,0.000254045393391548,3.83159096433136,5.026627735956,2.19584584544891,6.89234915790537,"Slope variability","10yr","trailing","base1901_1929"
1954,0.00110557691005484,0.00143803747110677,0.000658279801201967,0.00204990507703638,0.000254045393391548,4.35188725642772,5.6605532259756,2.59118967840283,8.06905037587892,"Slope variability","10yr","trailing","base1901_1929"
1955,0.00116002207676291,0.00149051212276954,0.000666200075644765,0.00215088933019826,0.000254045393391548,4.56620000574082,5.86710942824412,2.62236628954725,8.4665551360075,"Slope variability","10yr","trailing","base1901_1929"
1956,0.00108904817140398,0.00139672216174329,0.000557287704533342,0.00199265781019326,0.000254045393391548,4.28682510973732,5.49792359190938,2.19365404384413,7.84370770747287,"Slope variability","10yr","trailing","base1901_1929"
1957,0.000764501578025085,0.00102056315662612,0.000288993765007986,0.00148387874815792,0.000254045393391548,3.00931092596824,4.01724724468108,1.13756742899319,5.84099844656852,"Slope variability","10yr","trailing","base1901_1929"
1958,0.000566716462465962,0.000830662719918232,0.000191505279061585,0.001270749911262,0.000254045393391548,2.230768505188,3.26974131996155,0.753823072738921,5.0020584679662,"Slope variability","10yr","trailing","base1901_1929"
1959,0.000265175887626359,0.000483477800738777,-5.59581517683373e-05,0.000808165095762896,0.000254045393391548,1.04381301343912,1.9031157947179,-0.220268319064112,3.18118382299226,"Slope variability","10yr","trailing","base1901_1929"
1960,0.00034404959416903,0.000549141873866208,2.17916968393504e-05,0.000825260144839422,0.000254045393391548,1.3542839316073,2.16158957474124,0.0857787521687667,3.24847513990339,"Slope variability","10yr","trailing","base1901_1929"
1961,0.000140179095505956,0.000295142931309173,-9.85514188596902e-05,0.000578273071487774,0.000254045393391548,0.551787590534676,1.16177241936555,-0.387928383758558,2.27625883613843,"Slope variability","10yr","trailing","base1901_1929"
1962,0.000388498804121243,0.000561135637216475,0.000131896947237753,0.000818108782340873,0.000254045393391548,1.52924955235251,2.20880067819857,0.519186533858798,3.22032520022892,"Slope variability","10yr","trailing","base1901_1929"
1963,0.000427131034916456,0.000595150862226343,0.000187774498417946,0.000864200787836148,0.000254045393391548,1.68131777244289,2.34269495809776,0.739137584473094,3.40175736429984,"Slope variability","10yr","trailing","base1901_1929"
1964,0.000370037408977206,0.000507386801306873,0.000165907178119588,0.000751765507683909,0.000254045393391548,1.45657988140287,1.99722889887187,0.653061155349837,2.95917787623588,"Slope variability","10yr","trailing","base1901_1929"
1965,0.000283971497931412,0.000399099794036177,0.000127380178565675,0.000581332107778356,0.000254045393391548,1.11779825699787,1.57097827560708,0.501407157457683,2.28830013415113,"Slope variability","10yr","trailing","base1901_1929"
1966,0.000189824606148738,0.00026356400504368,7.71662817362032e-05,0.00044031266386215,0.000254045393391548,0.747207432555845,1.03746815293541,0.303749974388516,1.73320467647102,"Slope variability","10yr","trailing","base1901_1929"
1967,6.746571844175e-05,8.76556524225822e-05,1.22296862907889e-05,0.000176215675360412,0.000254045393391548,0.265565604402707,0.345039330382514,0.0481397679663487,0.693638538404114,"Slope variability","10yr","trailing","base1901_1929"
1968,5.7167103928639e-06,-7.7791357372148e-07,-2.0758456809029e-05,5.98167342080226e-05,0.000254045393391548,0.0225027122773016,-0.00306210462365094,-0.0817116048903708,0.235456874102141,"Slope variability","10yr","trailing","base1901_1929"
1969,-0.000106077470024067,-0.000135789354310731,-0.000154880200478576,-6.81282433532666e-05,0.000254045393391548,-0.417553212077241,-0.534508232949714,-0.609655614734438,-0.268173504127523,"Slope variability","10yr","trailing","base1901_1929"
1970,-5.76236363377638e-05,-8.04436317021334e-05,-8.64438973227763e-05,-3.41660672197038e-05,0.000254045393391548,-0.226824173304143,-0.316650621482238,-0.340269493450505,-0.134488040753588,"Slope variability","10yr","trailing","base1901_1929"
1971,-8.50328744221185e-05,-0.000112566295364236,-0.000128847116906802,-5.41566630361918e-05,0.000254045393391548,-0.334715277797072,-0.443095203819513,-0.507181473305504,-0.213177111039847,"Slope variability","10yr","trailing","base1901_1929"
1972,1.81609110368119e-05,2.06475676577254e-05,-4.30552452515993e-06,6.91721320353209e-05,0.000254045393391548,0.0714868740360166,0.0812751114360977,-0.0169478551359679,0.272282567740597,"Slope variability","10yr","trailing","base1901_1929"
1973,0.000165849519862389,0.000165424014069856,8.75820129723616e-05,0.000296799991820674,0.000254045393391548,0.652834194898282,0.651159274574586,0.344749463090541,1.1682951139493,"Slope variability","10yr","trailing","base1901_1929"
1974,0.000371052036818339,0.000367506802752744,0.000175286166082029,0.000599396062422894,0.000254045393391548,1.46057376543905,1.44661864498493,0.689979706941068,2.35940535831356,"Slope variability","10yr","trailing","base1901_1929"
1975,0.000526934766656837,0.000589239928083505,0.000270690921158974,0.000894254053951918,0.000254045393391548,2.07417564090484,2.31942772201871,1.06552186420389,3.52005616796856,"Slope variability","10yr","trailing","base1901_1929"
1976,0.000541536079342676,0.000626880556524624,0.000244072809207072,0.000980790530539143,0.000254045393391548,2.13165085228699,2.46759269339886,0.960744872987695,3.86069008158513,"Slope variability","10yr","trailing","base1901_1929"
1977,0.000534265209381966,0.000596318122261462,0.000123812838397448,0.000997657137454951,0.000254045393391548,2.10303049486329,2.34728964891083,0.487365020654482,3.92708218061372,"Slope variability","10yr","trailing","base1901_1929"
1978,0.00052801855135823,0.000615649884556141,0.000107701728093626,0.00105584500432475,0.000254045393391548,2.07844174739441,2.42338534990583,0.423946786264415,4.15612733704417,"Slope variability","10yr","trailing","base1901_1929"
1979,0.000278779062265522,0.000388707345227123,-4.68015770192821e-05,0.000871009081177105,0.000254045393391548,1.09735924963557,1.53007043362533,-0.184225253583516,3.42855687933951,"Slope variability","10yr","trailing","base1901_1929"
1980,0.000563381812654057,0.000633548097443839,0.000151197227739641,0.00104737491909691,0.000254045393391548,2.21764230845841,2.49383816406142,0.595158312934287,4.12278650328698,"Slope variability","10yr","trailing","base1901_1929"
1981,0.000452152102869149,0.00050641783590681,6.53300140527324e-05,0.00090674621914242,0.000254045393391548,1.7798083123368,1.99341475610342,0.257158821817495,3.56922913278295,"Slope variability","10yr","trailing","base1901_1929"
1982,0.000652243003517554,0.000711476732366505,0.000283194544173288,0.00105427824132774,0.000254045393391548,2.56742700511118,2.80058899265274,1.11473993050058,4.14996008096407,"Slope variability","10yr","trailing","base1901_1929"
1983,0.000674478456502002,0.000768546360642823,0.000365379103753161,0.00105407306604812,0.000254045393391548,2.65495251654676,3.02523242158656,1.43824337404937,4.14915244860796,"Slope variability","10yr","trailing","base1901_1929"
1984,0.00063427349794599,0.00076283030942309,0.000369270095630353,0.000999526897048597,0.000254045393391548,2.49669356125035,3.00273230401535,1.45355950249889,3.93444212353055,"Slope variability","10yr","trailing","base1901_1929"
1985,0.000594451333312073,0.00073624910285215,0.000345987421713972,0.00096553920158167,0.000254045393391548,2.33994139935406,2.89810058361265,1.36191181070037,3.80065620829239,"Slope variability","10yr","trailing","base1901_1929"
1986,0.000422364819955974,0.000573950293252191,0.000258471222655352,0.000776415350427873,0.000254045393391548,1.66255649951898,2.25924306514619,1.01742141120813,3.05620716070699,"Slope variability","10yr","trailing","base1901_1929"
1987,0.000233312776175725,0.000378245748095205,0.000126951821154812,0.000513713447636892,0.000254045393391548,0.91839010761408,1.48889040279598,0.499721012296206,2.02213250466278,"Slope variability","10yr","trailing","base1901_1929"
1988,8.55955983896886e-05,0.00017274038512672,3.37433844359529e-05,0.000228729714738457,0.000254045393391548,0.336930330627032,0.679958738163314,0.132824232651784,0.900349782709609,"Slope variability","10yr","trailing","base1901_1929"
1989,-4.59503558344585e-05,-4.11259561383822e-05,-9.91514969252242e-05,2.99799461468812e-05,0.000254045393391548,-0.180874587887675,-0.161884282132984,-0.390290473688719,0.118010193952521,"Slope variability","10yr","trailing","base1901_1929"
1990,-9.12901437208948e-05,-0.000114428528790363,-0.000148618110215846,-3.89824506449909e-05,0.000254045393391548,-0.359345794474587,-0.450425521450018,-0.585006121275295,-0.153446792026294,"Slope variability","10yr","trailing","base1901_1929"
1991,2.18198490969154e-05,2.42945188299977e-05,-8.44594869540453e-06,0.000101296778512197,0.000254045393391548,0.085889568024111,0.0956306213848709,-0.0332458250183155,0.398734955040388,"Slope variability","10yr","trailing","base1901_1929"
1992,1.84648831702237e-05,1.81472688830326e-05,-1.3953711859996e-05,0.000101961513558106,0.000254045393391548,0.0726834008824741,0.0714331743660592,-0.0549260574014417,0.40135155452694,"Slope variability","10yr","trailing","base1901_1929"
1993,-2.30273008341507e-05,-6.62960836264747e-05,-8.50596343092816e-05,2.07970438997715e-05,0.000254045393391548,-0.0906424656110959,-0.260961565732057,-0.334820612858676,0.0818634954254732,"Slope variability","10yr","trailing","base1901_1929"
1994,-0.000118493656176884,-0.000185421235991438,-0.000203362345934467,-6.40178890933149e-05,0.000254045393391548,-0.46642710027123,-0.729874427227489,-0.800496097250756,-0.251993898565392,"Slope variability","10yr","trailing","base1901_1929"
1995,-7.39256530088529e-05,-0.00012849421244616,-0.000152064350600507,-1.88341888459636e-05,0.000254045393391548,-0.290993873267817,-0.505792333924033,-0.598571572467512,-0.0741371004391145,"Slope variability","10yr","trailing","base1901_1929"
1996,-9.236668609702e-05,-0.00015648626634434,-0.000185713567395783,-2.76348541521823e-05,0.000254045393391548,-0.363583392967333,-0.615977578869755,-0.731025132620891,-0.108779198013601,"Slope variability","10yr","trailing","base1901_1929"
1997,-3.50435653334986e-05,-8.4163847546366e-05,-0.000104380769954163,1.42993880204796e-06,0.000254045393391548,-0.137942140440577,-0.331294523481669,-0.410874484125308,0.0056286743993191,"Slope variability","10yr","trailing","base1901_1929"
1998,2.31431844798823e-05,-1.42694545640944e-05,-2.96625901178812e-05,6.06541914373302e-05,0.000254045393391548,0.0910986189157651,-0.0561689167970919,-0.116760984018961,0.238753360679313,"Slope variability","10yr","trailing","base1901_1929"
1999,1.63272232663074e-05,-1.50280047152409e-05,-1.9803587917356e-05,5.50794272829543e-05,0.000254045393391548,0.0642689207953595,-0.0591548010952474,-0.0779529502699294,0.216809392005243,"Slope variability","10yr","trailing","base1901_1929"
2000,-1.17828960976642e-05,-4.24884392749663e-05,-4.42725219727322e-05,2.14829715762885e-05,0.000254045393391548,-0.0463810657629356,-0.167247430499481,-0.174270123074017,0.0845635155571503,"Slope variability","10yr","trailing","base1901_1929"
2001,6.06407969141265e-05,5.55524750321762e-05,1.54852790927578e-05,0.000129809475891157,0.000254045393391548,0.23870063575868,0.218671451942275,0.0609547722398219,0.510969611210733,"Slope variability","10yr","trailing","base1901_1929"
2002,4.86074015273928e-05,4.62769028561529e-05,8.34377811168396e-06,0.000108663560709543,0.000254045393391548,0.191333528541793,0.182159976366226,0.032843650499988,0.427732852223243,"Slope variability","10yr","trailing","base1901_1929"
2003,5.39503880163246e-05,3.01730010537715e-05,-4.77395372487221e-07,0.000130735044044086,0.000254045393391548,0.212365149771377,0.118770116832102,-0.00187917350562399,0.514612929204309,"Slope variability","10yr","trailing","base1901_1929"
2004,4.37635606505573e-05,2.14455769813513e-05,5.38510555317306e-06,0.00010730084458183,0.000254045393391548,0.172266696381723,0.0844163190485341,0.0211974146875131,0.42236878673274,"Slope variability","10yr","trailing","base1901_1929"
2005,4.34220726288736e-06,-2.67052315727413e-05,-2.20683662268224e-05,3.37789406901778e-05,0.000254045393391548,0.0170922495579163,-0.105119920563101,-0.0868678070962281,0.132964192891764,"Slope variability","10yr","trailing","base1901_1929"
2006,2.8774301615734e-05,-2.04570291515928e-06,1.91765405375141e-06,6.61792829677332e-05,0.000254045393391548,0.113264410078814,-0.00805250938758937,0.00754847009091728,0.260501802785041,"Slope variability","10yr","trailing","base1901_1929"
2007,2.30080091267955e-05,-8.60640549227621e-06,-3.16541617996133e-06,6.27919543631718e-05,0.000254045393391548,0.0905665275785353,-0.0338774318139734,-0.0124600416394192,0.247168246292085,"Slope variability","10yr","trailing","base1901_1929"
2008,1.62339293766404e-05,-2.51780981919283e-05,-9.74095483353309e-06,4.66664808491722e-05,0.000254045393391548,0.0639016876468995,-0.0991086587156593,-0.0383433633788424,0.183693473934587,"Slope variability","10yr","trailing","base1901_1929"
2009,4.92584140002769e-06,-3.07945528959924e-05,-4.33781995677948e-05,3.64943096880067e-05,0.000254045393391548,0.0193896111803757,-0.121216734083937,-0.170749797855764,0.143652711827605,"Slope variability","10yr","trailing","base1901_1929"
2010,-2.32234453048825e-06,-3.41904644099341e-05,-4.78527025686017e-05,4.27151523723152e-05,0.000254045393391548,-0.00914145499544223,-0.134584075520858,-0.188362803709055,0.168139842262286,"Slope variability","10yr","trailing","base1901_1929"
