"","date","tos","date_tidy"
"1","Jan_1961",1.01776127759861,1961-01-01
"2","Feb_1961",1.21621229773571,1961-02-01
"3","Mar_1961",0.455985485147838,1961-03-01
"4","Apr_1961",-0.44118010035871,1961-04-01
"5","May_1961",-0.988903503661832,1961-05-01
"6","Jun_1961",-1.33256867305609,1961-06-01
"7","Jul_1961",-1.51793000498527,1961-07-01
"8","Aug_1961",-1.67533756413883,1961-08-01
"9","Sep_1961",-1.70473179227553,1961-09-01
"10","Oct_1961",-1.71495510296075,1961-10-01
"11","Nov_1961",-1.56204902744726,1961-11-01
"12","Dec_1961",-0.73134130748253,1961-12-01
"13","Jan_1962",0.789624744561188,1962-01-01
"14","Feb_1962",1.02207050461162,1962-02-01
"15","Mar_1962",0.554169070209473,1962-03-01
"16","Apr_1962",-0.43770562443647,1962-04-01
"17","May_1962",-1.07002850669833,1962-05-01
"18","Jun_1962",-1.39925735478487,1962-06-01
"19","Jul_1962",-1.60745678333979,1962-07-01
"20","Aug_1962",-1.68636899642989,1962-08-01
"21","Sep_1962",-1.73534006809767,1962-09-01
"22","Oct_1962",-1.71267607993,1962-10-01
"23","Nov_1962",-1.57173235715147,1962-11-01
"24","Dec_1962",-0.824510412811853,1962-12-01
"25","Jan_1963",0.535950861546069,1963-01-01
"26","Feb_1963",1.03211919996577,1963-02-01
"27","Mar_1963",0.358604070928313,1963-03-01
"28","Apr_1963",-0.601653073946446,1963-04-01
"29","May_1963",-1.17380041889474,1963-05-01
"30","Jun_1963",-1.45612637123938,1963-06-01
"31","Jul_1963",-1.63495828995032,1963-07-01
"32","Aug_1963",-1.71116314355157,1963-08-01
"33","Sep_1963",-1.78048072888669,1963-09-01
"34","Oct_1963",-1.7765356245942,1963-10-01
"35","Nov_1963",-1.65831133731437,1963-11-01
"36","Dec_1963",-1.13208668730207,1963-12-01
"37","Jan_1964",0.238974451441744,1964-01-01
"38","Feb_1964",0.758613123750086,1964-02-01
"39","Mar_1964",0.173727567792368,1964-03-01
"40","Apr_1964",-0.624412373951779,1964-04-01
"41","May_1964",-1.13319638200219,1964-05-01
"42","Jun_1964",-1.45295281632008,1964-06-01
"43","Jul_1964",-1.63468756576427,1964-07-01
"44","Aug_1964",-1.72133445982588,1964-08-01
"45","Sep_1964",-1.76423345434014,1964-09-01
"46","Oct_1964",-1.7458920901927,1964-10-01
"47","Nov_1964",-1.55571351802057,1964-11-01
"48","Dec_1964",-0.797787806028924,1964-12-01
"49","Jan_1965",0.883181787429474,1965-01-01
"50","Feb_1965",1.152200394123,1965-02-01
"51","Mar_1965",0.551524158290527,1965-03-01
"52","Apr_1965",-0.504238433684778,1965-04-01
"53","May_1965",-1.10557578984565,1965-05-01
"54","Jun_1965",-1.39612589835549,1965-06-01
"55","Jul_1965",-1.63483379566138,1965-07-01
"56","Aug_1965",-1.73339460693092,1965-08-01
"57","Sep_1965",-1.78334802791629,1965-09-01
"58","Oct_1965",-1.77913885317393,1965-10-01
"59","Nov_1965",-1.68369268645708,1965-11-01
"60","Dec_1965",-1.29763490562653,1965-12-01
"61","Jan_1966",0.134815721315391,1966-01-01
"62","Feb_1966",0.583708225643828,1966-02-01
"63","Mar_1966",0.0272701852915098,1966-03-01
"64","Apr_1966",-0.744560514947564,1966-04-01
"65","May_1966",-1.31144211933367,1966-05-01
"66","Jun_1966",-1.5017150781631,1966-06-01
"67","Jul_1966",-1.66824328377433,1966-07-01
"68","Aug_1966",-1.7172366617631,1966-08-01
"69","Sep_1966",-1.75034294542849,1966-09-01
"70","Oct_1966",-1.72022417179869,1966-10-01
"71","Nov_1966",-1.58320905357302,1966-11-01
"72","Dec_1966",-0.85110749897819,1966-12-01
"73","Jan_1967",0.652378374649659,1967-01-01
"74","Feb_1967",1.17150341192819,1967-02-01
"75","Mar_1967",0.399790660186984,1967-03-01
"76","Apr_1967",-0.562370810197877,1967-04-01
"77","May_1967",-1.16337906674381,1967-05-01
"78","Jun_1967",-1.44241411981665,1967-06-01
"79","Jul_1967",-1.58842463080412,1967-07-01
"80","Aug_1967",-1.67345517951608,1967-08-01
"81","Sep_1967",-1.73740824507347,1967-09-01
"82","Oct_1967",-1.76724563847291,1967-10-01
"83","Nov_1967",-1.59466614678282,1967-11-01
"84","Dec_1967",-0.598460607174983,1967-12-01
"85","Jan_1968",1.20257500995544,1968-01-01
"86","Feb_1968",1.50402316608854,1968-02-01
"87","Mar_1968",0.287131881968838,1968-03-01
"88","Apr_1968",-0.644405449925392,1968-04-01
"89","May_1968",-1.05491198813566,1968-05-01
"90","Jun_1968",-1.43430626244094,1968-06-01
"91","Jul_1968",-1.63357664898226,1968-07-01
"92","Aug_1968",-1.73351215406011,1968-08-01
"93","Sep_1968",-1.75027970556882,1968-09-01
"94","Oct_1968",-1.75513566033819,1968-10-01
"95","Nov_1968",-1.60035554062668,1968-11-01
"96","Dec_1968",-0.905146735781183,1968-12-01
"97","Jan_1969",0.885578664672669,1969-01-01
"98","Feb_1969",1.36057879391655,1969-02-01
"99","Mar_1969",0.523750634317899,1969-03-01
"100","Apr_1969",-0.485537262447895,1969-04-01
"101","May_1969",-1.06702058889168,1969-05-01
"102","Jun_1969",-1.3867403479411,1969-06-01
"103","Jul_1969",-1.56209936327613,1969-07-01
"104","Aug_1969",-1.67331193882525,1969-08-01
"105","Sep_1969",-1.73588319477276,1969-09-01
"106","Oct_1969",-1.7171231274231,1969-10-01
"107","Nov_1969",-1.57118168221797,1969-11-01
"108","Dec_1969",-0.785604055595728,1969-12-01
"109","Jan_1970",0.584565486571116,1970-01-01
"110","Feb_1970",1.01530807641318,1970-02-01
"111","Mar_1970",0.350833957220688,1970-03-01
"112","Apr_1970",-0.526604710358977,1970-04-01
"113","May_1970",-1.12299462764686,1970-05-01
"114","Jun_1970",-1.41365177183695,1970-06-01
"115","Jul_1970",-1.57687909804554,1970-07-01
"116","Aug_1970",-1.67760893207468,1970-08-01
"117","Sep_1970",-1.69473369638239,1970-09-01
"118","Oct_1970",-1.68404182934193,1970-10-01
"119","Nov_1970",-1.50639105309512,1970-11-01
"120","Dec_1970",-0.818413078090507,1970-12-01
"121","Jan_1971",0.788354385660058,1971-01-01
"122","Feb_1971",1.05573583290418,1971-02-01
"123","Mar_1971",0.345362254108664,1971-03-01
"124","Apr_1971",-0.594880362479526,1971-04-01
"125","May_1971",-1.12646406244835,1971-05-01
"126","Jun_1971",-1.43849594626252,1971-06-01
"127","Jul_1971",-1.61966224376266,1971-07-01
"128","Aug_1971",-1.68757310715902,1971-08-01
"129","Sep_1971",-1.71377647745811,1971-09-01
"130","Oct_1971",-1.7036826354497,1971-10-01
"131","Nov_1971",-1.61195816179215,1971-11-01
"132","Dec_1971",-0.820495072857655,1971-12-01
"133","Jan_1972",0.766235228720131,1972-01-01
"134","Feb_1972",1.29234066096502,1972-02-01
"135","Mar_1972",0.367744214933565,1972-03-01
"136","Apr_1972",-0.578968310446568,1972-04-01
"137","May_1972",-1.0653760600818,1972-05-01
"138","Jun_1972",-1.37795720959202,1972-06-01
"139","Jul_1972",-1.57635856510078,1972-07-01
"140","Aug_1972",-1.68871804542204,1972-08-01
"141","Sep_1972",-1.72366902904873,1972-09-01
"142","Oct_1972",-1.69931070771459,1972-10-01
"143","Nov_1972",-1.51487277585465,1972-11-01
"144","Dec_1972",-0.971929566310018,1972-12-01
"145","Jan_1973",0.628734359001857,1973-01-01
"146","Feb_1973",1.04333249766676,1973-02-01
"147","Mar_1973",-0.0615495936914829,1973-03-01
"148","Apr_1973",-0.807305288099328,1973-04-01
"149","May_1973",-1.18332501482356,1973-05-01
"150","Jun_1973",-1.41146184976007,1973-06-01
"151","Jul_1973",-1.60764399127454,1973-07-01
"152","Aug_1973",-1.6835407897158,1973-08-01
"153","Sep_1973",-1.73602250083993,1973-09-01
"154","Oct_1973",-1.74062213861297,1973-10-01
"155","Nov_1973",-1.58367688215029,1973-11-01
"156","Dec_1973",-1.08864124671806,1973-12-01
"157","Jan_1974",0.561536926232816,1974-01-01
"158","Feb_1974",0.460763201584517,1974-02-01
"159","Mar_1974",-0.135670566314297,1974-03-01
"160","Apr_1974",-0.783875860985691,1974-04-01
"161","May_1974",-1.25453745075409,1974-05-01
"162","Jun_1974",-1.56804960627647,1974-06-01
"163","Jul_1974",-1.67196421182924,1974-07-01
"164","Aug_1974",-1.72917263434173,1974-08-01
"165","Sep_1974",-1.76948683666773,1974-09-01
"166","Oct_1974",-1.75563672645028,1974-10-01
"167","Nov_1974",-1.64753717003447,1974-11-01
"168","Dec_1974",-0.713988107165678,1974-12-01
"169","Jan_1975",0.818591732707534,1975-01-01
"170","Feb_1975",1.15755075524368,1975-02-01
"171","Mar_1975",0.347433883715822,1975-03-01
"172","Apr_1975",-0.546222723729929,1975-04-01
"173","May_1975",-1.23778489567291,1975-05-01
"174","Jun_1975",-1.48832556446585,1975-06-01
"175","Jul_1975",-1.65280599548127,1975-07-01
"176","Aug_1975",-1.72981491626314,1975-08-01
"177","Sep_1975",-1.75547019708159,1975-09-01
"178","Oct_1975",-1.74419030771139,1975-10-01
"179","Nov_1975",-1.65856660530593,1975-11-01
"180","Dec_1975",-1.1174010755244,1975-12-01
"181","Jan_1976",0.210884620111435,1976-01-01
"182","Feb_1976",0.852020521816241,1976-02-01
"183","Mar_1976",0.242265549220202,1976-03-01
"184","Apr_1976",-0.816171361866108,1976-04-01
"185","May_1976",-1.34069150871084,1976-05-01
"186","Jun_1976",-1.59502619213354,1976-06-01
"187","Jul_1976",-1.70915137122196,1976-07-01
"188","Aug_1976",-1.75992879471327,1976-08-01
"189","Sep_1976",-1.77899234930902,1976-09-01
"190","Oct_1976",-1.76326759169876,1976-10-01
"191","Nov_1976",-1.70370044218444,1976-11-01
"192","Dec_1976",-1.0871585980991,1976-12-01
"193","Jan_1977",0.966666193213154,1977-01-01
"194","Feb_1977",1.54951167116862,1977-02-01
"195","Mar_1977",0.223102629435817,1977-03-01
"196","Apr_1977",-0.882850618654601,1977-04-01
"197","May_1977",-1.41816325317977,1977-05-01
"198","Jun_1977",-1.63250572299636,1977-06-01
"199","Jul_1977",-1.73377558081254,1977-07-01
"200","Aug_1977",-1.77039275676247,1977-08-01
"201","Sep_1977",-1.78351475084007,1977-09-01
"202","Oct_1977",-1.77071781114074,1977-10-01
"203","Nov_1977",-1.66460425208119,1977-11-01
"204","Dec_1977",-1.18877720351255,1977-12-01
"205","Jan_1978",-0.205606294428406,1978-01-01
"206","Feb_1978",0.382581697041922,1978-02-01
"207","Mar_1978",0.0899573522085977,1978-03-01
"208","Apr_1978",-0.549784377558094,1978-04-01
"209","May_1978",-1.03643377846994,1978-05-01
"210","Jun_1978",-1.35591775104453,1978-06-01
"211","Jul_1978",-1.55691678900617,1978-07-01
"212","Aug_1978",-1.64517552277775,1978-08-01
"213","Sep_1978",-1.72719671977388,1978-09-01
"214","Oct_1978",-1.71461009408944,1978-10-01
"215","Nov_1978",-1.58187270161315,1978-11-01
"216","Dec_1978",-0.933028635354778,1978-12-01
"217","Jan_1979",0.438128327463424,1979-01-01
"218","Feb_1979",0.729048674564041,1979-02-01
"219","Mar_1979",0.265653426960207,1979-03-01
"220","Apr_1979",-0.53768181466935,1979-04-01
"221","May_1979",-1.05997030599937,1979-05-01
"222","Jun_1979",-1.43340969584443,1979-06-01
"223","Jul_1979",-1.62973857531957,1979-07-01
"224","Aug_1979",-1.68180136027384,1979-08-01
"225","Sep_1979",-1.69908801796001,1979-09-01
"226","Oct_1979",-1.72358041099512,1979-10-01
"227","Nov_1979",-1.6363986398575,1979-11-01
"228","Dec_1979",-1.24289711303316,1979-12-01
"229","Jan_1980",0.0343082603968469,1980-01-01
"230","Feb_1980",0.574231074420186,1980-02-01
"231","Mar_1980",0.141402448921538,1980-03-01
"232","Apr_1980",-0.390000141407333,1980-04-01
"233","May_1980",-1.07670175572879,1980-05-01
"234","Jun_1980",-1.47465423780819,1980-06-01
"235","Jul_1980",-1.6928990562412,1980-07-01
"236","Aug_1980",-1.75604140775048,1980-08-01
"237","Sep_1980",-1.78212591979419,1980-09-01
"238","Oct_1980",-1.75332643407764,1980-10-01
"239","Nov_1980",-1.60160951799018,1980-11-01
"240","Dec_1980",-0.916249723118012,1980-12-01
"241","Jan_1981",0.353076205557475,1981-01-01
"242","Feb_1981",0.461120014161631,1981-02-01
"243","Mar_1981",0.0623971760479977,1981-03-01
"244","Apr_1981",-0.691222294785344,1981-04-01
"245","May_1981",-1.19825038253106,1981-05-01
"246","Jun_1981",-1.48081459538145,1981-06-01
"247","Jul_1981",-1.63159849551448,1981-07-01
"248","Aug_1981",-1.71409443331684,1981-08-01
"249","Sep_1981",-1.76104650183342,1981-09-01
"250","Oct_1981",-1.77178553108724,1981-10-01
"251","Nov_1981",-1.63455712528594,1981-11-01
"252","Dec_1981",-1.24435266006853,1981-12-01
"253","Jan_1982",-0.222684073913659,1982-01-01
"254","Feb_1982",0.300292266274381,1982-02-01
"255","Mar_1982",-0.0603847949012798,1982-03-01
"256","Apr_1982",-0.754591379580491,1982-04-01
"257","May_1982",-1.24181225775648,1982-05-01
"258","Jun_1982",-1.4665289459268,1982-06-01
"259","Jul_1982",-1.59299344221938,1982-07-01
"260","Aug_1982",-1.72366167633145,1982-08-01
"261","Sep_1982",-1.74666335107148,1982-09-01
"262","Oct_1982",-1.74784659994471,1982-10-01
"263","Nov_1982",-1.60893625556758,1982-11-01
"264","Dec_1982",-0.894051492630379,1982-12-01
"265","Jan_1983",0.278849871889596,1983-01-01
"266","Feb_1983",0.983648854227276,1983-02-01
"267","Mar_1983",0.130342385583077,1983-03-01
"268","Apr_1983",-0.585538776319062,1983-04-01
"269","May_1983",-1.18711415369806,1983-05-01
"270","Jun_1983",-1.50261415631093,1983-06-01
"271","Jul_1983",-1.64036471209487,1983-07-01
"272","Aug_1983",-1.69761306051706,1983-08-01
"273","Sep_1983",-1.76228362242743,1983-09-01
"274","Oct_1983",-1.75541824398932,1983-10-01
"275","Nov_1983",-1.68923367256624,1983-11-01
"276","Dec_1983",-1.25143395420717,1983-12-01
"277","Jan_1984",-0.174300580068551,1984-01-01
"278","Feb_1984",0.39089137224127,1984-02-01
"279","Mar_1984",-0.170861021825562,1984-03-01
"280","Apr_1984",-0.736196599568754,1984-04-01
"281","May_1984",-1.17197251728869,1984-05-01
"282","Jun_1984",-1.41560591187914,1984-06-01
"283","Jul_1984",-1.64497309161359,1984-07-01
"284","Aug_1984",-1.72792160966834,1984-08-01
"285","Sep_1984",-1.74036402266141,1984-09-01
"286","Oct_1984",-1.75226647748324,1984-10-01
"287","Nov_1984",-1.68523481370896,1984-11-01
"288","Dec_1984",-1.22173294343598,1984-12-01
"289","Jan_1985",-0.043820764143946,1985-01-01
"290","Feb_1985",0.616695941750634,1985-02-01
"291","Mar_1985",-0.0384711901169664,1985-03-01
"292","Apr_1985",-0.807290914298896,1985-04-01
"293","May_1985",-1.22488315205,1985-05-01
"294","Jun_1985",-1.48945949816221,1985-06-01
"295","Jul_1985",-1.63068074878239,1985-07-01
"296","Aug_1985",-1.70249264840376,1985-08-01
"297","Sep_1985",-1.75521528007086,1985-09-01
"298","Oct_1985",-1.7132181551719,1985-10-01
"299","Nov_1985",-1.65821476930993,1985-11-01
"300","Dec_1985",-1.38304429915002,1985-12-01
"301","Jan_1986",-0.639684953738133,1986-01-01
"302","Feb_1986",-0.0630180043518584,1986-02-01
"303","Mar_1986",-0.113847368410534,1986-03-01
"304","Apr_1986",-0.6941429037092,1986-04-01
"305","May_1986",-1.09873544082563,1986-05-01
"306","Jun_1986",-1.38140582419465,1986-06-01
"307","Jul_1986",-1.58480751984896,1986-07-01
"308","Aug_1986",-1.69526165494114,1986-08-01
"309","Sep_1986",-1.73025520916729,1986-09-01
"310","Oct_1986",-1.70859459525388,1986-10-01
"311","Nov_1986",-1.6507937247558,1986-11-01
"312","Dec_1986",-1.19598033186574,1986-12-01
"313","Jan_1987",0.132981634718605,1987-01-01
"314","Feb_1987",0.864680156184883,1987-02-01
"315","Mar_1987",0.224744545620881,1987-03-01
"316","Apr_1987",-0.427527541737251,1987-04-01
"317","May_1987",-1.01599508882363,1987-05-01
"318","Jun_1987",-1.37186448503701,1987-06-01
"319","Jul_1987",-1.58558293306043,1987-07-01
"320","Aug_1987",-1.67268907741926,1987-08-01
"321","Sep_1987",-1.7094651470303,1987-09-01
"322","Oct_1987",-1.72848923530086,1987-10-01
"323","Nov_1987",-1.60743487520382,1987-11-01
"324","Dec_1987",-1.09878218914848,1987-12-01
"325","Jan_1988",0.112309367605129,1988-01-01
"326","Feb_1988",0.648118029104083,1988-02-01
"327","Mar_1988",0.18735790667607,1988-03-01
"328","Apr_1988",-0.484555110567094,1988-04-01
"329","May_1988",-1.01503892829463,1988-05-01
"330","Jun_1988",-1.34527382285874,1988-06-01
"331","Jul_1988",-1.58067010871096,1988-07-01
"332","Aug_1988",-1.61670066327998,1988-08-01
"333","Sep_1988",-1.680297481141,1988-09-01
"334","Oct_1988",-1.67442207615546,1988-10-01
"335","Nov_1988",-1.50447526635167,1988-11-01
"336","Dec_1988",-0.949497129493553,1988-12-01
"337","Jan_1989",0.179066216816408,1989-01-01
"338","Feb_1989",0.674642116653199,1989-02-01
"339","Mar_1989",-0.0861182228436215,1989-03-01
"340","Apr_1989",-0.654275879302405,1989-04-01
"341","May_1989",-1.10763178698626,1989-05-01
"342","Jun_1989",-1.35789805510957,1989-06-01
"343","Jul_1989",-1.48157704037182,1989-07-01
"344","Aug_1989",-1.53411926765762,1989-08-01
"345","Sep_1989",-1.68355199977652,1989-09-01
"346","Oct_1989",-1.74239963855558,1989-10-01
"347","Nov_1989",-1.64272563555272,1989-11-01
"348","Dec_1989",-1.1721971595957,1989-12-01
"349","Jan_1990",-0.11381717658189,1990-01-01
"350","Feb_1990",0.397078009408326,1990-02-01
"351","Mar_1990",0.0850533756380321,1990-03-01
"352","Apr_1990",-0.648660671508001,1990-04-01
"353","May_1990",-1.08473162426605,1990-05-01
"354","Jun_1990",-1.38107077446445,1990-06-01
"355","Jul_1990",-1.54617588192738,1990-07-01
"356","Aug_1990",-1.62984285633935,1990-08-01
"357","Sep_1990",-1.6774356854146,1990-09-01
"358","Oct_1990",-1.65045316765172,1990-10-01
"359","Nov_1990",-1.5382658584274,1990-11-01
"360","Dec_1990",-1.16952925897844,1990-12-01
"361","Jan_1991",-0.167229782500616,1991-01-01
"362","Feb_1991",0.693721332900215,1991-02-01
"363","Mar_1991",-0.0082022943416146,1991-03-01
"364","Apr_1991",-0.499947329770974,1991-04-01
"365","May_1991",-0.968721482400702,1991-05-01
"366","Jun_1991",-1.31230055613755,1991-06-01
"367","Jul_1991",-1.53966438584912,1991-07-01
"368","Aug_1991",-1.6395101899391,1991-08-01
"369","Sep_1991",-1.68556091326538,1991-09-01
"370","Oct_1991",-1.70817998976944,1991-10-01
"371","Nov_1991",-1.6100201483463,1991-11-01
"372","Dec_1991",-0.911880576611085,1991-12-01
"373","Jan_1992",0.61597295245314,1992-01-01
"374","Feb_1992",0.882336822305371,1992-02-01
"375","Mar_1992",0.450190642033148,1992-03-01
"376","Apr_1992",-0.502987273113988,1992-04-01
"377","May_1992",-0.976019179939591,1992-05-01
"378","Jun_1992",-1.29402039732234,1992-06-01
"379","Jul_1992",-1.48204091928896,1992-07-01
"380","Aug_1992",-1.54162308705366,1992-08-01
"381","Sep_1992",-1.57983228892134,1992-09-01
"382","Oct_1992",-1.5711676504394,1992-10-01
"383","Nov_1992",-1.41737617080953,1992-11-01
"384","Dec_1992",-0.8058568823248,1992-12-01
"385","Jan_1993",0.42306874074225,1993-01-01
"386","Feb_1993",0.757292753055317,1993-02-01
"387","Mar_1993",0.233551280132932,1993-03-01
"388","Apr_1993",-0.51401195649335,1993-04-01
"389","May_1993",-1.00441903534832,1993-05-01
"390","Jun_1993",-1.32194171841653,1993-06-01
"391","Jul_1993",-1.51236996338318,1993-07-01
"392","Aug_1993",-1.65750622461976,1993-08-01
"393","Sep_1993",-1.71719344730054,1993-09-01
"394","Oct_1993",-1.69683256820182,1993-10-01
"395","Nov_1993",-1.63354622193298,1993-11-01
"396","Dec_1993",-1.16091224362616,1993-12-01
"397","Jan_1994",-0.318802254789655,1994-01-01
"398","Feb_1994",0.188310905073251,1994-02-01
"399","Mar_1994",-0.0886507083803894,1994-03-01
"400","Apr_1994",-0.702578175152856,1994-04-01
"401","May_1994",-1.1543325378628,1994-05-01
"402","Jun_1994",-1.39267204491506,1994-06-01
"403","Jul_1994",-1.56836095431913,1994-07-01
"404","Aug_1994",-1.64367750395233,1994-08-01
"405","Sep_1994",-1.70468226976373,1994-09-01
"406","Oct_1994",-1.72527214315253,1994-10-01
"407","Nov_1994",-1.60969022890084,1994-11-01
"408","Dec_1994",-0.976929232712806,1994-12-01
"409","Jan_1995",0.0989886490259485,1995-01-01
"410","Feb_1995",0.665983707125926,1995-02-01
"411","Mar_1995",0.13918149990927,1995-03-01
"412","Apr_1995",-0.441804133401638,1995-04-01
"413","May_1995",-0.920162215829465,1995-05-01
"414","Jun_1995",-1.29044436078013,1995-06-01
"415","Jul_1995",-1.42568351684227,1995-07-01
"416","Aug_1995",-1.58539693862194,1995-08-01
"417","Sep_1995",-1.6527523974606,1995-09-01
"418","Oct_1995",-1.69531117843399,1995-10-01
"419","Nov_1995",-1.56502929498265,1995-11-01
"420","Dec_1995",-1.02118785259497,1995-12-01
"421","Jan_1996",0.130316552068133,1996-01-01
"422","Feb_1996",0.475782565116215,1996-02-01
"423","Mar_1996",-0.0335882225432509,1996-03-01
"424","Apr_1996",-0.564485546467256,1996-04-01
"425","May_1996",-1.07645910634382,1996-05-01
"426","Jun_1996",-1.33190099471055,1996-06-01
"427","Jul_1996",-1.50661816816735,1996-07-01
"428","Aug_1996",-1.65125207857108,1996-08-01
"429","Sep_1996",-1.70546363000784,1996-09-01
"430","Oct_1996",-1.68021317104685,1996-10-01
"431","Nov_1996",-1.48305736657762,1996-11-01
"432","Dec_1996",-0.875446979977533,1996-12-01
"433","Jan_1997",0.667581014219101,1997-01-01
"434","Feb_1997",0.865586902264019,1997-02-01
"435","Mar_1997",0.167236512141011,1997-03-01
"436","Apr_1997",-0.513189009472586,1997-04-01
"437","May_1997",-0.960958078315522,1997-05-01
"438","Jun_1997",-1.27920666613241,1997-06-01
"439","Jul_1997",-1.49283014301197,1997-07-01
"440","Aug_1997",-1.62302366868141,1997-08-01
"441","Sep_1997",-1.69844731603916,1997-09-01
"442","Oct_1997",-1.69961516061755,1997-10-01
"443","Nov_1997",-1.59775773282011,1997-11-01
"444","Dec_1997",-1.11039738707069,1997-12-01
"445","Jan_1998",0.149491621766557,1998-01-01
"446","Feb_1998",0.631254243572639,1998-02-01
"447","Mar_1998",0.193620312917432,1998-03-01
"448","Apr_1998",-0.55454299503525,1998-04-01
"449","May_1998",-1.12767091399038,1998-05-01
"450","Jun_1998",-1.3906870832323,1998-06-01
"451","Jul_1998",-1.51687548627114,1998-07-01
"452","Aug_1998",-1.61381089673788,1998-08-01
"453","Sep_1998",-1.6672254991541,1998-09-01
"454","Oct_1998",-1.67035486625783,1998-10-01
"455","Nov_1998",-1.53395013691583,1998-11-01
"456","Dec_1998",-1.23679103079636,1998-12-01
"457","Jan_1999",-0.474178030499498,1999-01-01
"458","Feb_1999",0.385573837593194,1999-02-01
"459","Mar_1999",0.0622411470345624,1999-03-01
"460","Apr_1999",-0.633855266397874,1999-04-01
"461","May_1999",-1.1022561509283,1999-05-01
"462","Jun_1999",-1.36749278940929,1999-06-01
"463","Jul_1999",-1.57714497029766,1999-07-01
"464","Aug_1999",-1.69697423776057,1999-08-01
"465","Sep_1999",-1.74326594142975,1999-09-01
"466","Oct_1999",-1.75812625929098,1999-10-01
"467","Nov_1999",-1.68769423618106,1999-11-01
"468","Dec_1999",-1.43820863646916,1999-12-01
"469","Jan_2000",-0.809610937156062,2000-01-01
"470","Feb_2000",-0.182006997072486,2000-02-01
"471","Mar_2000",-0.385657726604787,2000-03-01
"472","Apr_2000",-0.773251173268247,2000-04-01
"473","May_2000",-1.18556613671571,2000-05-01
"474","Jun_2000",-1.35258098076795,2000-06-01
"475","Jul_2000",-1.54037310801324,2000-07-01
"476","Aug_2000",-1.67645247229434,2000-08-01
"477","Sep_2000",-1.74049650518163,2000-09-01
"478","Oct_2000",-1.72122777936581,2000-10-01
"479","Nov_2000",-1.63325151971457,2000-11-01
"480","Dec_2000",-1.11658233224052,2000-12-01
"481","Jan_2001",0.0424780965241281,2001-01-01
"482","Feb_2001",0.429731660919766,2001-02-01
"483","Mar_2001",-0.00802254024868048,2001-03-01
"484","Apr_2001",-0.769868362998447,2001-04-01
"485","May_2001",-1.24507862096152,2001-05-01
"486","Jun_2001",-1.47720383736266,2001-06-01
"487","Jul_2001",-1.65983157498334,2001-07-01
"488","Aug_2001",-1.74188838068212,2001-08-01
"489","Sep_2001",-1.76900289517204,2001-09-01
"490","Oct_2001",-1.7332430583314,2001-10-01
"491","Nov_2001",-1.68068474745927,2001-11-01
"492","Dec_2001",-1.39655771828351,2001-12-01
"493","Jan_2002",-0.826828317393166,2002-01-01
"494","Feb_2002",-0.47601673885729,2002-02-01
"495","Mar_2002",-0.424300640214195,2002-03-01
"496","Apr_2002",-0.796372683532212,2002-04-01
"497","May_2002",-1.17506069907596,2002-05-01
"498","Jun_2002",-1.40045285220809,2002-06-01
"499","Jul_2002",-1.62124568368474,2002-07-01
"500","Aug_2002",-1.67650530270868,2002-08-01
"501","Sep_2002",-1.71860534439907,2002-09-01
"502","Oct_2002",-1.71769413374323,2002-10-01
"503","Nov_2002",-1.54995725154712,2002-11-01
"504","Dec_2002",-0.872389807469347,2002-12-01
"505","Jan_2003",0.613979912440971,2003-01-01
"506","Feb_2003",0.79343055438904,2003-02-01
"507","Mar_2003",0.415496044302546,2003-03-01
"508","Apr_2003",-0.435241588327363,2003-04-01
"509","May_2003",-1.02276579520771,2003-05-01
"510","Jun_2003",-1.32678204145253,2003-06-01
"511","Jul_2003",-1.47681828801554,2003-07-01
"512","Aug_2003",-1.5936546095939,2003-08-01
"513","Sep_2003",-1.65711070142933,2003-09-01
"514","Oct_2003",-1.64844399779088,2003-10-01
"515","Nov_2003",-1.52218568016981,2003-11-01
"516","Dec_2003",-0.924972336111024,2003-12-01
"517","Jan_2004",0.33494396187038,2004-01-01
"518","Feb_2004",0.821086053891339,2004-02-01
"519","Mar_2004",0.117984510533693,2004-03-01
"520","Apr_2004",-0.651881832367851,2004-04-01
"521","May_2004",-1.06231628613558,2004-05-01
"522","Jun_2004",-1.36811817936168,2004-06-01
"523","Jul_2004",-1.54757254247871,2004-07-01
"524","Aug_2004",-1.6698904667015,2004-08-01
"525","Sep_2004",-1.71909805568412,2004-09-01
"526","Oct_2004",-1.74295769118802,2004-10-01
"527","Nov_2004",-1.63638193569891,2004-11-01
"528","Dec_2004",-1.19230419911037,2004-12-01
"529","Jan_2005",-0.143392211452836,2005-01-01
"530","Feb_2005",0.289111451936067,2005-02-01
"531","Mar_2005",0.0103024947672916,2005-03-01
"532","Apr_2005",-0.706760118292123,2005-04-01
"533","May_2005",-1.20652777146363,2005-05-01
"534","Jun_2005",-1.42299229263844,2005-06-01
"535","Jul_2005",-1.60540786516218,2005-07-01
"536","Aug_2005",-1.70298339569538,2005-08-01
"537","Sep_2005",-1.73927472248421,2005-09-01
"538","Oct_2005",-1.729574173568,2005-10-01
"539","Nov_2005",-1.65123874681754,2005-11-01
"540","Dec_2005",-1.07514752236299,2005-12-01
"541","Jan_2006",0.221880087087134,2006-01-01
"542","Feb_2006",0.385588507021552,2006-02-01
"543","Mar_2006",0.0205121705652177,2006-03-01
"544","Apr_2006",-0.613512825538486,2006-04-01
"545","May_2006",-1.07640846901143,2006-05-01
"546","Jun_2006",-1.39394890552431,2006-06-01
"547","Jul_2006",-1.59742472821767,2006-07-01
"548","Aug_2006",-1.73844073688293,2006-08-01
"549","Sep_2006",-1.75644550753561,2006-09-01
"550","Oct_2006",-1.76063641068816,2006-10-01
"551","Nov_2006",-1.6748583138885,2006-11-01
"552","Dec_2006",-1.38114376183638,2006-12-01
"553","Jan_2007",-0.682288784465157,2007-01-01
"554","Feb_2007",-0.127210496762438,2007-02-01
"555","Mar_2007",-0.420302738681869,2007-03-01
"556","Apr_2007",-0.893271803691273,2007-04-01
"557","May_2007",-1.17310718985147,2007-05-01
"558","Jun_2007",-1.48915965419257,2007-06-01
"559","Jul_2007",-1.63050318107245,2007-07-01
"560","Aug_2007",-1.71259735176395,2007-08-01
"561","Sep_2007",-1.74017823172991,2007-09-01
"562","Oct_2007",-1.70151557028399,2007-10-01
"563","Nov_2007",-1.55973202742613,2007-11-01
"564","Dec_2007",-1.16461789016245,2007-12-01
"565","Jan_2008",0.0549696231005739,2008-01-01
"566","Feb_2008",0.258858332327574,2008-02-01
"567","Mar_2008",-0.341310628573396,2008-03-01
"568","Apr_2008",-0.87592113805516,2008-04-01
"569","May_2008",-1.12939427709605,2008-05-01
"570","Jun_2008",-1.45274473887725,2008-06-01
"571","Jul_2008",-1.61090494783431,2008-07-01
"572","Aug_2008",-1.68626357833647,2008-08-01
"573","Sep_2008",-1.70496467917631,2008-09-01
"574","Oct_2008",-1.70575845511477,2008-10-01
"575","Nov_2008",-1.5981655769272,2008-11-01
"576","Dec_2008",-1.20939136252861,2008-12-01
"577","Jan_2009",-0.187959672476408,2009-01-01
"578","Feb_2009",0.47522679600693,2009-02-01
"579","Mar_2009",0.17675655908742,2009-03-01
"580","Apr_2009",-0.466143883497351,2009-04-01
"581","May_2009",-1.04773069166487,2009-05-01
"582","Jun_2009",-1.4021344122004,2009-06-01
"583","Jul_2009",-1.57242179098251,2009-07-01
"584","Aug_2009",-1.68893075656689,2009-08-01
"585","Sep_2009",-1.72722016319373,2009-09-01
"586","Oct_2009",-1.70458595359761,2009-10-01
"587","Nov_2009",-1.56221297961591,2009-11-01
"588","Dec_2009",-0.935578784442713,2009-12-01
"589","Jan_2010",0.445988984585369,2010-01-01
"590","Feb_2010",0.707347488020745,2010-02-01
"591","Mar_2010",0.0282564360438681,2010-03-01
"592","Apr_2010",-0.602415416972128,2010-04-01
"593","May_2010",-1.11313723116042,2010-05-01
"594","Jun_2010",-1.41981343388171,2010-06-01
"595","Jul_2010",-1.58376542772021,2010-07-01
"596","Aug_2010",-1.64031574347656,2010-08-01
"597","Sep_2010",-1.68440538302039,2010-09-01
"598","Oct_2010",-1.73493523379124,2010-10-01
"599","Nov_2010",-1.66004285654815,2010-11-01
"600","Dec_2010",-1.23262510106089,2010-12-01
