"w","ratio_median","ratio_mean","ratio_q05","ratio_q25","ratio_q75","ratio_q95","climate_ratio_median","climate_ratio_mean","climate_ratio_q05","climate_ratio_q25","climate_ratio_q75","climate_ratio_q95"
3.16227766016838e-08,1.00086123214842,683313721.806295,0.994699797112937,1.00011722863555,1.00342171326672,1.02203325847173,1,0.969294235717852,0.532359860190783,0.685905037817723,1.21890403185019,1.28098400088319
4.53623270600988e-08,1.00097759833867,688661252.958019,0.993426720732394,1.00013013143158,1.00378761309513,1.02306039297197,1,1.00226117955296,0.578542415338497,0.727254114225489,1.2625090753987,1.35304786296899
6.50714749759769e-08,1.00112879933676,695132785.248063,0.992419891130721,1.00015367252181,1.004242906485,1.025238840265,1,1.02794861093263,0.613972926520524,0.747470324331228,1.2969044981885,1.41632743909416
9.33439073780173e-08,1.00131857295638,702727900.089796,0.991490323793041,1.00019470927364,1.00483360535592,1.02787543380697,1,1.0299791252755,0.625356282072563,0.752118698686543,1.29137560389832,1.44414916913466
1.33900223528244e-07,1.00153324654608,711398406.521329,0.989810178552372,1.00024333155922,1.00565365357247,1.03011489666675,1,1.03584831475226,0.620328919144134,0.76357608649708,1.28671139921109,1.4764368844111
1.92077558830971e-07,1.00180969310099,721049122.671069,0.988106936352916,1.00030689286774,1.0063643781658,1.03284377107236,1,1.03923357810693,0.59594380224427,0.777428721216467,1.27993817333974,1.50514601413638
2.75531941876727e-07,1.00205745649556,1.18935473582905,0.986748283559492,1.00037199639759,1.0072151976943,1.03414087317967,1,1.05031143758305,0.57644844136516,0.794968932430667,1.28479999468541,1.54158550885989
3.95245813495413e-07,1.00243434358061,1.18810802915803,0.985629441121449,1.00048390177709,1.00823618923804,1.03855405255821,1,1.0599956744624,0.559522905963053,0.810893692245311,1.28980960283165,1.57848511783262
5.66973295442978e-07,1.00279734345054,1.18725547326863,0.984243003967775,1.00058679944227,1.00927372756391,1.04174977241281,1,1.06020602502409,0.547660017601386,0.81378785401229,1.28887445309252,1.60098855420169
8.13313403379543e-07,1.00315210750753,1.0050168331949,0.984713711812053,1.00071631288706,1.01013169029403,1.04304560676174,1,1.07011589805059,0.542093083055584,0.818435516493996,1.30493252879789,1.64150756910375
1.16668403509199e-06,1.00339575177919,1.0054714396864,0.983977743992231,1.0007783782403,1.01088174273821,1.04557165362434,1,1.07663066855378,0.534513371658761,0.820910862623843,1.31979667347068,1.67618564135131
1.67358810525261e-06,1.00363127265166,1.00584481794399,0.983344738752086,1.00083245643487,1.01149651087705,1.04679763276192,1,1.08338473546575,0.524296122824457,0.811760371950555,1.33205264346616,1.71721803897828
2.40073324207457e-06,1.00375319040993,1.00611102864717,0.981199339065167,1.00086424990625,1.01199266482605,1.04882456986968,1,1.08641909241874,0.53116154547899,0.798919636004517,1.334751132025,1.7490274381752
3.44381038650601e-06,1.00389551463652,1.00625215903127,0.980304151573171,1.00089467804917,1.01227755939679,1.05050336365203,1,1.09500911229922,0.533978710844286,0.789926075264448,1.35374148882883,1.78988800847056
4.94008654120945e-06,1.00390393258409,1.00625889413143,0.979323596377742,1.00090137517997,1.01235576404637,1.05161269851532,1,1.10669281691138,0.545034539292089,0.786179613068053,1.38604737757495,1.83385487395021
7.08646885155566e-06,1.00384613163331,1.00620734530924,0.980604600647633,1.00086988723476,1.01224359555795,1.0522399565358,1,1.11310041164649,0.54948944725591,0.77604204215902,1.40528956429039,1.88317881118429
1.01654172179288e-05,1.00370258689809,1.00595279220957,0.97998996073015,1.00083518524973,1.01191440062024,1.05277993801895,1,1.11685487095798,0.561820549043799,0.767122499787499,1.42697034652395,1.91758691428035
1.45821154906901e-05,1.00356042664416,1.0055812319023,0.979598337660142,1.00078466293784,1.01157555925144,1.05234357066519,1,1.11289581872899,0.551520066839836,0.763657030254429,1.43851217388348,1.91907524922205
2.0917792907584e-05,1.0033129835129,1.00511229247784,0.97906391609008,1.0007264719116,1.01102797312736,1.05007879898544,1,1.10375025599649,0.546072169990059,0.757462686782181,1.44323926898032,1.89947864004902
3.00062127750894e-05,1.00304613604491,1.00454071395137,0.978966667090509,1.00062710175942,1.01040666821895,1.04556370907626,1,1.09330839680066,0.545388074995017,0.750408370689321,1.43493523646839,1.86538294790276
4.30433941612213e-05,1.00276532582643,1.00384805768772,0.978716142447423,1.00053406035907,1.00977939023371,1.04140175803244,1,1.07229271318017,0.538196130310742,0.752054195957576,1.39864523274008,1.77838933676973
6.17450057694841e-05,1.00246855507849,1.00313526462228,0.977871218624848,1.00042172334286,1.00891882733246,1.03841594561765,1,1.04479571514613,0.542123070211393,0.761471390417163,1.33569239806868,1.67062169875127
8.85721447336123e-05,1.00218234910134,1.00246504121366,0.978105983899889,1.00032881411952,1.00821851437466,1.03495193187765,1,1.03791281054262,0.565127096691435,0.779178611772457,1.29875841720972,1.58904328813885
0.000127055212400501,1.00194986996951,1.00190994980684,0.978180908719738,1.00026015922336,1.00742993890619,1.03364894321514,1,1.0160104407523,0.588021759090447,0.793006084030323,1.25695946986467,1.4781896989023
0.000182258508549024,1.00179578833016,1.00155690169766,0.978226988128051,1.00019698482264,1.00698083219359,1.03267707596109,1,0.985638128515077,0.557812172710321,0.792004457360986,1.21844485293977,1.34910756020886
0.000261446683775594,1.00177017605541,1.00150540297054,0.978307945812977,1.00017617295246,1.00695423374426,1.03284674647444,1,0.958608970283343,0.515557284876299,0.77388339968358,1.17078943274712,1.32989865389318
0.000375040753934783,1.00188213097273,1.00186310798145,0.978097789737474,1.00021343643722,1.00708659827491,1.03446630192238,1,0.946678407675783,0.432470981707412,0.688890120872709,1.18043283331963,1.42091899532796
0.000537989486348578,1.00219423637799,1.00273656653037,0.980397568908841,1.00029628024211,1.00818968152241,1.03860304270114,1,1.0495646276844,0.373205728287393,0.651192190705919,1.47249747032734,1.778287024546
0.000771736629646219,1.00269013497062,1.00420932458666,0.981332673087097,1.00049120968084,1.00956574602775,1.04356034139462,1,1.19800334400253,0.301494088732095,0.603817128866002,1.8462622699935,2.35835558991156
0.00110704287100476,1.00340493061625,1.00628240976724,0.983065094765541,1.00075718386115,1.01146066873954,1.05226172568014,1,1.44304212195306,0.252026540389557,0.566173561348217,2.30905667515636,3.41578316470892
0.00158803388508885,1.0040709970903,1.00868106917821,0.986368479689869,1.0010055658497,1.01333166397788,1.0615785837517,1,1.84331695117055,0.237319428209937,0.553709104475708,2.93091209959785,5.31475108629676
0.00227800719036431,1.00434225448369,1.01038799325932,0.989286709603114,1.00109971895879,1.01402065589889,1.07012421125417,1,2.38249280531039,0.311692819860104,0.59085565478511,3.49024156421842,8.31319947858915
0.00326776198422312,1.00355343502972,1.00932676171564,0.991525420314124,1.00080635155831,1.01084455660439,1.05948775413019,1,2.2797851306753,0.432695726914087,0.729863729146238,2.75073095071769,8.35665702222619
0.0046875481476536,1.00048107327351,1.00075166332863,0.990400739462946,0.999945438922748,1.00204119827955,1.01307544027314,1,1.00856192574308,0.419482641714752,0.719904444231201,1.29255044133629,1.63784220749654
0.00672420688613729,1.00112531879275,1.00285336469905,0.993227029652484,1.00010015482734,1.00360176055773,1.01954739383616,1,1.01253279304037,0.437217666586033,0.727293599443338,1.2700757826793,1.65113441608702
0.00964575868307804,1.00184757179994,1.00503439288992,0.996035144943501,1.00032453930537,1.00538395018058,1.0272561771046,1,1.01947432334238,0.450775977340344,0.73819641481855,1.24220406259391,1.7205588519245
0.0138366742944791,1.00258667388027,1.00737079164581,0.997710400525075,1.00055863742794,1.00738918798306,1.03698474048645,1,1.03071212818897,0.470361497379486,0.749369264300228,1.23353793920975,1.80740527899842
0.0198484703818451,1.00332930167352,1.00943483689264,0.99891069708377,1.00079686960059,1.00927172880225,1.04542234424335,1,1.04489511569211,0.468271844333159,0.755754951763602,1.22806485362953,1.9171794049191
0.0284722880740333,1.00390717565801,1.01113183514137,0.999251650954638,1.00090670381112,1.01096060475797,1.05299043400958,1,1.06556440618681,0.455699051990337,0.747305562101121,1.25503188041044,2.06515836336793
0.0408430056611436,1.00435282310893,1.01234459492474,0.999277962059665,1.00103764371999,1.01218515874559,1.0575734556708,1,1.08217693299109,0.438513614429632,0.73415722821845,1.27920127812312,2.21199297110623
0.0585885864563713,1.00452928487519,1.01291715277368,0.999254771697918,1.00105477254612,1.01260259963334,1.05937323321963,1,1.10938571871171,0.424365691325984,0.715757378176227,1.30573557484201,2.3868051088962
0.0840443157253079,1.00435876944363,1.01264577648449,0.998905689016642,1.00102747400632,1.01256116982664,1.05913402751976,1,1.16887104674343,0.417505843254329,0.714166871405063,1.39433193282124,2.65015234668931
0.12056011986217,1.00379220047674,1.01124297059947,0.998181155605269,1.00079382748834,1.01131417373509,1.05491099009641,1,1.25517014566219,0.422280143201187,0.709693555369736,1.52770264633952,3.06088898002375
0.172941410442158,1.00267988889764,1.00825721418891,0.995993173349636,1.00031530392349,1.00870473197996,1.04519821295269,1,1.39953951899802,0.428735025845292,0.712485040845318,1.75215127603617,3.71247397862804
0.248081467403285,1.00045586910017,1.00282902666096,0.98697273077534,0.999453924447706,1.00410586151159,1.02943798647558,1,1.5530187810708,0.416897363606317,0.669258163390412,2.03646429533536,4.5426775650384
0.355868581802455,0.998616827209675,0.993171056472931,0.957803765863657,0.993856712306026,1.00016928678885,1.0106104871158,1,1.83092159474586,0.415830034418106,0.631384315278243,2.40033291219167,6.09289683103151
0.510487336437021,0.996905309721209,0.987141639677113,0.924878665149532,0.987512561322742,0.999655448190085,1.00383471183044,1,1.0151625577813,0.414893540209079,0.81877710757483,1.15563386911568,1.45094934166942
0.732285270429473,0.989489052797549,0.971086901527944,0.865130195762706,0.971171989206781,0.996478940131226,0.99975154914612,1,1.06827582482842,0.394411674806516,0.795071874790788,1.23642495105366,1.68869546941187
1.05045057734576,0.97936489939006,0.951235661815332,0.776773260488259,0.945906462712733,0.992827226262043,0.999547438495788,1,1.21883034395002,0.456923678942952,0.776940797946708,1.36886135418588,2.10754745857994
1.50685321691489,0.988872142564728,0.937305458593805,0.622571599752646,0.945772863704715,0.997347308746418,1.00964805370031,1,1.40290557542072,0.151669434736464,0.660711432046631,1.32749845776496,1.8762252355595
2.16155492347296,0.985776234273661,0.939303385877125,0.576739702692722,0.937037001245301,0.996692757352337,1.03665728101381,1,1.42346091955062,0.134660988062877,0.607784289654127,1.46697636614315,2.09152364666227
3.10071321794452,0.980596677181006,0.945844090616539,0.561039440520205,0.922631451063763,0.995758683690454,1.08875797875712,1,1.46171898573812,0.109140905771626,0.513506856862739,1.74526288690489,2.57603149020308
4.44791957656499,0.970071888483511,0.970874780431736,0.520146175366638,0.894822941499274,0.993374034279815,1.19104382314593,1,1.63925410881173,0.0747845797874948,0.37496811429371,2.40499409395416,3.89807043228487
6.38046383815689,0.993889492950662,0.993736482221055,0.925940901875429,0.983963875011616,0.998762724012232,1.03228636920346,1,1.02437433493488,0.754892124434715,0.905081631647067,1.12158943705613,1.35879332243874
9.15266521555844,0.992797276176686,0.995676336308365,0.908794100932402,0.980458330257612,0.998605925648057,1.04729193239192,1,1.01141262067887,0.713548556982708,0.894123867991562,1.11098306045042,1.34100948279798
13.1293402287023,0.991402968686772,0.999887909978089,0.889099494117342,0.975789696303268,0.998482929570482,1.07089106952235,1,0.989946310330054,0.606391170662896,0.858256122805045,1.11168285078194,1.34447973990994
18.8338118767848,0.989541331168001,1.01230736409239,0.856613296489103,0.970011571819065,0.998343587518972,1.12515712075417,1,0.986527485581956,0.408328926216454,0.787030075763236,1.20156001641645,1.47449582819401
27.0167779668531,1.08489828477447,1.24376537324013,0.999902019513177,1.02234136059173,1.19080505604149,1.9305491133651,1,1.34217849434824,0.320464267776163,0.671263601288545,2.02028256621646,2.93880991924751
38.7551015421336,0.984097965406994,0.972245661998391,0.858806106828641,0.964712798221302,0.995626577698137,1.01466939857472,1,1.05997058710439,0.789874792482842,0.890480982181593,1.12824705806819,1.56973257910429
55.5935240458296,0.987770747473936,0.984153500790834,0.886712298024217,0.971620963865619,0.997658169932123,1.04125520458804,1,1.03492434828606,0.799897116097136,0.902571050452696,1.10922351044652,1.40246230205179
79.747950407875,0.992895603928398,1.00169306428865,0.917476233980241,0.98083815264646,0.999386119672173,1.10218039981938,1,1.0137047648009,0.823909217390455,0.916550202206211,1.09241354760596,1.24693354925053
114.397057992117,0.999097455576258,1.03225062915543,0.966603222926002,0.992229509958644,1.00889797951739,1.21006483837804,1,1.01227634342478,0.772533754283089,0.93198264713277,1.0809388544401,1.23573299374443
164.100604596346,1.00794729766511,1.08731563154814,0.995655913690378,1.00087056911058,1.04610002331129,1.3974515837077,1,0.99216298396292,0.569061084135936,0.858484574948647,1.11870667932213,1.35855207817769
235.399484056154,1.04264363598157,1.21463720707961,1.00034072571376,1.01511243761646,1.14855389690243,1.8389556147209,1,1.10835973434231,0.363553757040988,0.757426158149022,1.41868006696321,1.98579446590943
337.676495648558,1.04330201507547,1.19169014257332,1.00105952819181,1.01548785348234,1.14974401341225,1.76682804312725,1,1.03775567046123,0.379175105578103,0.739364752493162,1.29009087535495,1.67772754956818
484.391102940098,1.05999831921718,1.25462375838755,1.00136745325577,1.02140122487845,1.19484617889945,2.08437441610517,1,1.12118671972923,0.301258379508134,0.640931865486145,1.47185860507141,2.21928030127415
694.850674036028,1.07961073794026,1.2529696496202,1.00215032096868,1.02602210689282,1.21217028438985,2.08057275328088,1,1.22217613502127,0.371282148081809,0.679045595128589,1.54459720917444,2.58437586834324
996.751295136877,1.01338485982062,1.06519877393629,0.990337370903637,1.00376445314753,1.04232780621765,1.28026469901936,1,0.986291315872747,0.571607121501277,0.861748410547984,1.10891595874573,1.22398754127038
1429.82252371756,1.01421989539748,1.06655787747776,0.993627880008992,1.00445736161772,1.04765828933117,1.28097796262404,1,0.989411917096631,0.579213162906733,0.860417496890197,1.11304082086924,1.22368061946758
2051.05572403526,1.01463083690236,1.07108745886721,0.99921034724555,1.00446388467574,1.05143276983999,1.30888692049339,1,0.996173227675819,0.570982246530353,0.860718901146282,1.12013198294911,1.24416087560857
2942.20402414699,1.01548424375492,1.08644450569416,0.989452246220708,1.00236748598782,1.06325169579123,1.38083996790921,1,1.01538427109277,0.524735802015633,0.844826857130651,1.1696452153562,1.3607778806708
4220.54087476266,1.0052510097255,1.01346064467086,0.99930440244521,1.00181942834341,1.0140332463269,1.06348757353817,1,0.992449924806996,0.861337889426684,0.959432215102723,1.03473569874802,1.08601176072546
6054.29301617067,1.00022661097345,0.997897634786191,0.970988900062442,0.998613789955775,1.0017705202362,1.01359406708158,1,0.977238675246059,0.557869387637082,0.93344961401321,1.09094150157753,1.15556632590937
8684.77880283868,1.01982540294269,1.06550085408178,0.999075208252117,1.00735172113642,1.06598043255777,1.29536605519197,1,0.987108813586469,0.626746044083128,0.902206371712587,1.08807677715428,1.25304129390359
12458.1652478298,1.01804952046303,1.05994635079871,0.998852864711118,1.0063556129471,1.06020888721871,1.27088425590188,1,0.993151042178614,0.67990923711568,0.908963786547628,1.07889155552327,1.27586207322677
17871.0229547244,1.01671559058522,1.05710958767094,0.998368089115607,1.00509171226829,1.05623431461826,1.25152715234146,1,1.00708914234226,0.738684710150202,0.915305714740064,1.07849704184775,1.3590316143989
25635.6738809449,1.02322584922927,1.10286603567656,0.993178526379487,1.00689540880666,1.08824672079305,1.48246002606272,1,1.1163151074414,0.6461521293329,0.848399313558452,1.21838659700978,2.34265045032912
36773.9315760001,1.03524442321484,1.15770604845954,0.992535858842829,1.01043119197665,1.1283877156351,1.73202659742011,1,0.965130551675208,0.339779870279166,0.801829535603828,1.145928764437,1.38086621871361
52751.5699347979,1.03497391403642,1.16181807050825,0.990214083838411,1.00928450298762,1.13294891189106,1.74997917131227,1,0.966059492685765,0.346022984586421,0.799590027294233,1.14720237968077,1.38391907131779
75671.2163026369,1.03519124794347,1.16833564782298,0.986209961914931,1.00866145574178,1.13624665307579,1.82303157451928,1,0.968887012515098,0.344234903276557,0.800308129896148,1.15123411476165,1.39640116005726
108549.05330397,1.0352057184204,1.18118852512218,0.981809564939215,1.00750032906585,1.14304009722812,1.86455133600573,1,0.966031970668636,0.330655692557478,0.793708885470132,1.15188983423349,1.40554331388225
155711.742838438,1.04731468838387,1.29044512427779,0.988935273206855,1.01196545109064,1.19006650149429,2.31711669287842,1,0.966233101628713,0.210452202799158,0.712041387623942,1.21862761415604,1.54290348250289
223365.806700198,1.03977862119926,1.31427977133878,0.996095998823592,1.01079022682674,1.15050251320851,2.38332896360651,1,1.03170059243572,0.0868884917270031,0.538376181044068,1.42281848084716,2.09020883362091
320414.393245838,0.999510236731091,0.999209989517894,0.976624482286491,0.995654032617671,1.00400288366755,1.02158766044223,1,1.06458252076493,0.921049006921243,0.956814005541303,1.04489256142265,1.58761156085616
459628.91507784,1.01189232963789,1.02507708641848,0.967113411322832,0.999625821292575,1.0416775619605,1.11725327066321,1,1.00023694011505,0.667942021906645,0.861136891150472,1.12048094101926,1.33332889949199
659329.743072884,0.996859100633124,0.991288368625536,0.949902459014962,0.989646945352292,1.00095135417943,1.01436013712388,1,1.07900266049772,0.897416369610071,0.936050150481375,1.05107904827135,1.79205766245579
945797.132947857,0.997647052394396,0.993662663599801,0.946670650626306,0.98848101828686,1.0044203568447,1.02816041062572,1,1.08584672537408,0.880279783879283,0.932242674880182,1.06012354234909,1.84202209415773
1356729.65779355,1.00961281786088,1.03142104455701,0.950563641160425,0.995927615899502,1.04910868270518,1.16979975267776,1,1.0713248206627,0.399286462621964,0.669802844472248,1.38483886745718,1.99401068146048
1946205.26983358,0.985125571483526,0.984503418209171,0.914943071729676,0.96453209585714,1.00135334937421,1.05381018947188,1,1.07363957219846,0.777183642991883,0.861229595199985,1.11677184781979,1.8897821784832
2791797.85786357,1.01296010219316,1.04804294336478,0.927671375553236,0.993782485783758,1.07381261086953,1.25010542212765,1,2.32165510334646,0.332720798769491,0.587508364496284,1.80418003497543,7.40536581590453
4004785.82602855,0.934449337567825,0.923297019323224,0.758304092949255,0.858901058169974,0.988154475179757,1.0466035044454,1,1.11536191372011,0.835014591869496,0.947250783783144,1.07062557786008,1.90599789302519
5744796.12382558,0.936671972403418,0.932791880403359,0.749410112400145,0.850384877479623,0.995051551294855,1.10181119543855,1,1.07418074623142,0.751704270695966,0.925376420960098,1.06873054906301,1.80901898808581
8240810.85430961,0.281513709261926,0.387192077902348,0.00280135146148083,0.133519645286231,0.574418591585669,1.00724536450396,1,107.892732992367,0.273395891688683,0.528652971567395,1.97867078383858,560.949267508484
11821300.8908807,0.837041422768339,0.765694337400125,0.364358750677948,0.647382152378084,0.933983817645421,0.993556637221257,1,1.12803951031127,0.826183771527541,0.949240828309966,1.09393553648905,1.79737732859771
16957452.0303007,0.868278590741574,0.855005182868377,0.64832127211027,0.760645864598091,0.971426742502703,1.00590299938245,1,1.03837928890329,0.862665520196462,0.920363163085515,1.06934257514209,1.4929763593614
24325172.1628858,0.862326448956122,0.846788457451306,0.633035255147077,0.747316991065445,0.969303046574682,1.00420231481593,1,1.05633924107658,0.847987471490113,0.916148365171472,1.07782572277364,1.64818156977326
34894039.487579,0.762935386712458,0.748274694882006,0.434603347603822,0.569381865350934,0.953108212697483,0.998811472877212,1,1.03834352649129,0.776807835664585,0.853411572954827,1.09662166131277,1.67140263448233
50054897.1907571,0.0285849787077264,0.152506039257067,0.00233249665314434,0.0156703888305193,0.147901776177064,0.797833301988872,1,16.0500118859117,0.651893581493166,0.857325532267946,3.97204824395547,95.2801940687316
71802885.8100286,0.999766796982784,0.997451852466577,0.953209350995283,0.99268043407734,1.0078735620923,1.03201050533682,1,1.09065494728189,0.866304416487419,0.917902582496158,1.06294737788671,2.12051065291819
103000000.000001,0.587409175386614,0.529924254061221,0.0126891374898967,0.204557789231377,0.851014275456753,0.984160011385146,1,4.40596700169194,0.231502445683186,0.992522564172222,3.66080610555508,20.9223415080924
