"ensemble","time","slope_mean","slope_median","slope_sd","slope_min","slope_max","slope_q25","slope_q75","n_sims"
"Exploited",1901,-1.04934135182235,-1.04885061967866,0.0152444409067654,-1.09458891128722,-1.00813453240417,-1.05901600658237,-1.04106844133825,212
"Exploited",1902,-1.05328762518383,-1.05232212792466,0.0142263790758867,-1.10223729867997,-1.0150463381971,-1.06228191427184,-1.04449606860658,212
"Exploited",1903,-1.05265049327602,-1.05156255158062,0.0142472794491922,-1.10215790938832,-1.01522213327704,-1.06179120621797,-1.04352655050021,212
"Exploited",1904,-1.05166094783869,-1.05092469409075,0.0142162181993942,-1.09745305103986,-1.01376975441295,-1.06085462180096,-1.04283047476744,212
"Exploited",1905,-1.04955528013851,-1.04955332422742,0.0146013643560066,-1.09380167683096,-1.0101038170398,-1.05894456429054,-1.04093013108247,212
"Exploited",1906,-1.05128924416686,-1.05076400620186,0.0143348985400852,-1.09490305725598,-1.01204927400531,-1.06028192805816,-1.04237200035748,212
"Exploited",1907,-1.0485173670806,-1.04828195944366,0.0154079299171448,-1.09374632080706,-1.00639910235153,-1.05849442046853,-1.0400953079013,212
"Exploited",1908,-1.05175066220881,-1.05100891870045,0.0144631963824858,-1.09781482616008,-1.01180355722708,-1.06102268497959,-1.04266899005756,212
"Exploited",1909,-1.05025861004656,-1.04954058235309,0.0147642216348963,-1.09705630023725,-1.0100256226901,-1.05949365125643,-1.04159082713166,212
"Exploited",1910,-1.0506910936275,-1.0501145475081,0.0144558183092335,-1.09695921490287,-1.01135210917765,-1.05993132698479,-1.04184424526581,212
"Exploited",1911,-1.05163732441732,-1.05107517850526,0.0142953477429409,-1.09803853458631,-1.01301249247855,-1.06088171730946,-1.04273183755855,212
"Exploited",1912,-1.05262420398629,-1.05162818737084,0.0141323396400721,-1.10127519168985,-1.0150728686708,-1.06179088802098,-1.04380695809471,212
"Exploited",1913,-1.05169421890701,-1.0507094157186,0.0141367251968738,-1.09980208940954,-1.01419803258805,-1.06077489713573,-1.04265101934055,212
"Exploited",1914,-1.05110512654039,-1.05070217668804,0.0141707716504144,-1.0956870916501,-1.01296962795289,-1.06028159387457,-1.04225691492814,212
"Exploited",1915,-1.05180267232711,-1.0514435550274,0.0141342442700612,-1.09612694136042,-1.01361303927916,-1.06080884111655,-1.04297003003423,212
"Exploited",1916,-1.05036668885234,-1.04974449630458,0.0144086295760176,-1.09530179419172,-1.01119767545214,-1.05982529975794,-1.04160067277623,212
"Exploited",1917,-1.05068669537293,-1.05050812863394,0.0144811462894615,-1.09500282366277,-1.01102348342882,-1.06023652238811,-1.04191807239661,212
"Exploited",1918,-1.0502048289462,-1.04981766091856,0.014616814368215,-1.09483079547424,-1.01018862743003,-1.05994653805831,-1.04129061697574,212
"Exploited",1919,-1.04951956580107,-1.04879486765769,0.0150221357705536,-1.09457494434348,-1.00806372449168,-1.05935884464693,-1.04108748260924,212
"Exploited",1920,-1.05297084476291,-1.05214937982592,0.0143748018173948,-1.10067092056005,-1.0136904604334,-1.06221384092468,-1.04403601778204,212
"Exploited",1921,-1.04943134980852,-1.0491428844569,0.0151409139578635,-1.09509198812079,-1.00833168059781,-1.05901620471631,-1.04085609809161,212
"Exploited",1922,-1.05336895772676,-1.05245376706614,0.014132604855243,-1.10254640770914,-1.01525649208895,-1.062333285832,-1.04476077111745,212
"Exploited",1923,-1.05273300954631,-1.0518116633831,0.0141524325237653,-1.10246573019166,-1.01543173772897,-1.06181570366165,-1.04374357072233,212
"Exploited",1924,-1.05174776816849,-1.05130802731553,0.0141192477021697,-1.09777092271087,-1.0139769210956,-1.06090878614661,-1.04305039076852,212
"Exploited",1925,-1.04964734171035,-1.0496433957077,0.0144984334436358,-1.0943025516278,-1.01030348287571,-1.05939456619032,-1.04087289518116,212
"Exploited",1926,-1.05137633585139,-1.05095279649909,0.014236738689132,-1.09540252394974,-1.0122550767594,-1.06071018279308,-1.04263055992595,212
"Exploited",1927,-1.0486133049597,-1.04834041605037,0.0153019923394528,-1.09424332063797,-1.00659483133595,-1.05852281628174,-1.04044773472787,212
"Exploited",1928,-1.05183862920882,-1.05114603892303,0.0143680228015327,-1.0981279464429,-1.01201288015888,-1.06109952170278,-1.04303096902624,212
"Exploited",1929,-1.05035002460955,-1.04977366286737,0.0146666772074075,-1.09736450274872,-1.01023135459891,-1.05961538949568,-1.04134778598818,212
"Exploited",1930,-1.05078221774666,-1.05030145200429,0.0143594109626118,-1.09726877883665,-1.01156019496879,-1.06003114098375,-1.04211061733682,212
"Exploited",1931,-1.05179462476067,-1.05125286767664,0.0141779372158086,-1.0983556468354,-1.01335583872007,-1.06100652579491,-1.04294227152968,212
"Exploited",1932,-1.05308729519438,-1.0522521642932,0.0139335624410952,-1.10162025114008,-1.01603313935777,-1.06195091526934,-1.04429677571115,212
"Exploited",1933,-1.05234647911238,-1.05188095196269,0.0138786435838569,-1.10016986811304,-1.01557849612319,-1.06117817536943,-1.04327449457333,212
"Exploited",1934,-1.05228487741764,-1.05236035514717,0.013781350287361,-1.09621370496385,-1.01527162201807,-1.06069706501029,-1.04351490443007,212
"Exploited",1935,-1.0534223940968,-1.05373000545623,0.0136808586075374,-1.09685568949108,-1.01665672377207,-1.06131976800839,-1.04445650335751,212
"Exploited",1936,-1.05227092859572,-1.05262214067045,0.0138735227315572,-1.09616567334361,-1.01476935310969,-1.0603500450437,-1.04324931417481,212
"Exploited",1937,-1.0528283578218,-1.0534460318378,0.0138862825303285,-1.09580758158655,-1.0150568516259,-1.06073505988442,-1.0440893757267,212
"Exploited",1938,-1.05255110209892,-1.05321436917861,0.0139918127949717,-1.09568772117858,-1.01467436010796,-1.06062411086789,-1.04362850644532,212
"Exploited",1939,-1.05191871695914,-1.05267480758335,0.0143113591207256,-1.09545843885361,-1.01273944286371,-1.06031187401864,-1.04322281916851,212
"Exploited",1940,-1.05596736567881,-1.05633934772617,0.0138339253616944,-1.102323196007,-1.01926679384093,-1.06402218052629,-1.04743206508105,212
"Exploited",1941,-1.05294519493074,-1.0536853169841,0.0143620402225078,-1.09667396102505,-1.01450926957394,-1.06145699971705,-1.04486671716069,212
"Exploited",1942,-1.05660190095521,-1.05648978911324,0.0136855228508994,-1.10452719513309,-1.02130443162052,-1.06489342288522,-1.04805049727425,212
"Exploited",1943,-1.05583404928211,-1.05595445927941,0.0137172632449692,-1.1044520475818,-1.02140264821124,-1.0640185339218,-1.04723747972372,212
"Exploited",1944,-1.05479321313093,-1.05511750305888,0.0136458622547458,-1.0997934392025,-1.01989878677498,-1.06270916998484,-1.04644322434231,212
"Exploited",1945,-1.05267250296857,-1.05323507757114,0.0139032631890179,-1.09545506258963,-1.01619466529649,-1.06095292513441,-1.04450748264829,212
"Exploited",1946,-1.0542778514476,-1.05471441146807,0.013781612701432,-1.09714670397006,-1.01809731321653,-1.06254541341849,-1.04566891836267,212
"Exploited",1947,-1.05162446955412,-1.05193736674886,0.0145772105362228,-1.09539602904606,-1.01249593038343,-1.06050194830595,-1.0438174795945,212
"Exploited",1948,-1.05552683081461,-1.05584210935746,0.0138730853197494,-1.10063874985021,-1.01881616117079,-1.0639760238223,-1.04721001730742,212
"Exploited",1949,-1.05544156555295,-1.05573897516303,0.0140034634624115,-1.10064625594265,-1.01866847408453,-1.06396964754027,-1.04697108677098,212
"Exploited",1950,-1.05612813438405,-1.05647619164865,0.0137360340693716,-1.10074038118026,-1.02030038730021,-1.06434174995449,-1.04767885311106,212
"Exploited",1951,-1.05744921338257,-1.05822193233262,0.0136168810664296,-1.10206093684972,-1.02245686824161,-1.06583903806329,-1.04851398241017,212
"Exploited",1952,-1.05934798583661,-1.05978953906519,0.0135262755511657,-1.10586927273085,-1.02559442286711,-1.06759734637938,-1.04931471486547,212
"Exploited",1953,-1.05882610771319,-1.05919311653866,0.0134946517089749,-1.10483260993544,-1.02528301644678,-1.06681027811572,-1.04920468108496,212
"Exploited",1954,-1.05858886237556,-1.0592714937611,0.0134562633545347,-1.10118451080287,-1.02452830150256,-1.06694334314369,-1.04885414115811,212
"Exploited",1955,-1.05982821079263,-1.06028311393776,0.0134598245374659,-1.10304165814771,-1.02586868221453,-1.06791812789631,-1.0499674250148,212
"Exploited",1956,-1.05880577075665,-1.05919878600388,0.013658037648083,-1.10311107881062,-1.02395041762849,-1.06704200224179,-1.04894333909147,212
"Exploited",1957,-1.05969538517509,-1.05984913871604,0.0136983363764604,-1.10246136847603,-1.02449689866796,-1.06795005068619,-1.04979205958586,212
"Exploited",1958,-1.05947473720804,-1.05970385147986,0.0138210530431111,-1.10341756961806,-1.0239987652878,-1.06799541527429,-1.04935721269575,212
"Exploited",1959,-1.05936968488924,-1.05967392990174,0.0141052946849535,-1.1015376862859,-1.02259606564452,-1.06782948413433,-1.04946255724719,212
"Exploited",1960,-1.06309815335467,-1.06346621678629,0.0137463275248054,-1.11113919636438,-1.02878452791062,-1.07115457486736,-1.05287313718809,212
"Exploited",1961,-1.05985434464822,-1.06041602353937,0.0141925871027837,-1.1049241150141,-1.02374273118328,-1.06818479887551,-1.04999150009899,212
"Exploited",1962,-1.06366328686444,-1.06405604267264,0.0135836368140224,-1.11315792402811,-1.030691658505,-1.07168893746623,-1.05381874361612,212
"Exploited",1963,-1.06313466336772,-1.06348819748761,0.0135707288793706,-1.11329229485262,-1.03103499679033,-1.07110838217385,-1.05351026498218,212
"Exploited",1964,-1.06233715828245,-1.06293612229541,0.013473242979547,-1.10855747368525,-1.02979208280665,-1.07005586079147,-1.0528765737325,212
"Exploited",1965,-1.06050795133986,-1.06180223964992,0.0137022466512962,-1.10209432271007,-1.0264340077906,-1.06871464131025,-1.05025836137369,212
"Exploited",1966,-1.06217182685924,-1.06323864457764,0.0135684515734138,-1.10611555194541,-1.02843017938486,-1.07034511014636,-1.05240423807294,212
"Exploited",1967,-1.05957837436701,-1.0609539936553,0.0142955429902299,-1.1002167796868,-1.02286885382796,-1.0679345837069,-1.04922258333186,212
"Exploited",1968,-1.06286207249245,-1.06384137440065,0.0137002607316299,-1.10956234240902,-1.02857374254394,-1.07102589440527,-1.05281323511763,212
"Exploited",1969,-1.06153145238985,-1.06274352386496,0.013885064528692,-1.10871268544012,-1.02696722384176,-1.06963120813197,-1.05160782544762,212
"Exploited",1970,-1.06198832954437,-1.06299883994256,0.013652136579535,-1.10839664420727,-1.02836013922458,-1.06992585995048,-1.05227270217677,212
"Exploited",1971,-1.06303275384346,-1.06423711711612,0.0135659679228217,-1.10966049729759,-1.03021492563969,-1.07083415450874,-1.05290042605463,212
"Exploited",1972,-1.06395734542637,-1.06497003100648,0.0134790796175925,-1.11324605759962,-1.03226158698599,-1.0714707916882,-1.05386179333952,212
"Exploited",1973,-1.06375856183173,-1.06478290950965,0.0134312258294038,-1.11313741702537,-1.03278899888542,-1.07087840923393,-1.05368191124223,212
"Exploited",1974,-1.06432906226478,-1.0650374912711,0.0133512335402876,-1.11084186717776,-1.03396818427649,-1.07136760530654,-1.05426686268413,212
"Exploited",1975,-1.06547812676697,-1.06612216905864,0.0133150943135593,-1.11238812590885,-1.03572486450216,-1.07247953664041,-1.05576301343493,212
"Exploited",1976,-1.06436118019249,-1.06501175774659,0.0134564850927511,-1.11215508929234,-1.03404959786355,-1.07163644979879,-1.05415352064265,212
"Exploited",1977,-1.06494309537376,-1.06541215650909,0.0134372027599627,-1.11078359419319,-1.03460205494873,-1.07219541414022,-1.05503443231904,212
"Exploited",1978,-1.0649671662452,-1.0657078099251,0.0134786148788034,-1.11199419219967,-1.03518239076379,-1.0721144939634,-1.05525845954487,212
"Exploited",1979,-1.06510015792448,-1.06591775305991,0.0136258346720782,-1.11027953127478,-1.03446664756873,-1.07251529053227,-1.05609979307378,212
"Exploited",1980,-1.0687695272564,-1.06931107127474,0.0131941356908786,-1.11959302294675,-1.04180600563901,-1.0759456486077,-1.05981251924314,212
"Exploited",1981,-1.06655217624909,-1.06741210764798,0.0133795557906151,-1.11405756339112,-1.03555705481737,-1.07378373158801,-1.05870393588361,212
"Exploited",1982,-1.06793058137121,-1.06894455935607,0.0130264670627091,-1.11290018974123,-1.03820862927894,-1.07509102960336,-1.06013371845621,212
"Exploited",1983,-1.06879327805127,-1.06958368005137,0.0129871710963945,-1.11556887264787,-1.04005585915664,-1.07583753231415,-1.06077930319148,212
"Exploited",1984,-1.06893131955712,-1.06978041907707,0.0129186609983854,-1.11917838044738,-1.04122424516823,-1.07584466430752,-1.06079542405977,212
"Exploited",1985,-1.0669660383678,-1.06790161105923,0.0130837750258543,-1.1128663121191,-1.03726055546339,-1.07422769178971,-1.0589923419139,212
"Exploited",1986,-1.0688888095443,-1.06992623495033,0.0127642450671176,-1.11577032037914,-1.04145190307232,-1.07570638340985,-1.06093411232857,212
"Exploited",1987,-1.06605223317722,-1.06691725532688,0.0133836026593578,-1.10968126471958,-1.03422988537739,-1.07382124460091,-1.05729419923063,212
"Exploited",1988,-1.06723832575155,-1.06842848472388,0.0129944929854377,-1.11393493630712,-1.03792424357502,-1.07465891493727,-1.05890150429112,212
"Exploited",1989,-1.06796503352486,-1.06881797542506,0.0129473797942493,-1.11725991429116,-1.03990093095934,-1.07517500518565,-1.05956707205116,212
"Exploited",1990,-1.06966702233192,-1.07031921483096,0.0127320253697678,-1.12167772786484,-1.04347260598566,-1.07694641178282,-1.0614022345821,212
"Exploited",1991,-1.06608636836235,-1.06683834190418,0.0129581627282499,-1.1128851925096,-1.03646633028633,-1.07342515386456,-1.05828998645804,212
"Exploited",1992,-1.06783639895174,-1.06886982215182,0.0125673774176437,-1.11486983032083,-1.04037435736157,-1.07460458704375,-1.05993547781698,212
"Exploited",1993,-1.06866370443886,-1.06911780754926,0.0125686910112189,-1.12123450561665,-1.04293052986567,-1.07553640549655,-1.06052674633926,212
"Exploited",1994,-1.06942662285647,-1.06978973941272,0.0124518577677998,-1.1229402376041,-1.04428526334711,-1.07602641004802,-1.06117945433703,212
"Exploited",1995,-1.06789684920538,-1.06858580035065,0.0123850305828522,-1.11680978470217,-1.0414066775344,-1.07467459640131,-1.06005182195148,212
"Exploited",1996,-1.06738477539596,-1.06810459942729,0.0123112825778683,-1.11625471968015,-1.04125786769711,-1.07391915372012,-1.05943107557325,212
"Exploited",1997,-1.06880901956351,-1.06925043235754,0.0123072794999288,-1.1203629867523,-1.04388021109776,-1.0753126669158,-1.06045457015674,212
"Exploited",1998,-1.06732544106481,-1.06782818414244,0.0123377454932879,-1.11853240336736,-1.04163217102923,-1.07376748102482,-1.05942893402791,212
"Exploited",1999,-1.06877261317734,-1.06918065440821,0.012238173992648,-1.12062105371083,-1.04410122475388,-1.07513631389779,-1.06045177812403,212
"Exploited",2000,-1.06684949610336,-1.06741942562333,0.0123598651752679,-1.11448714343413,-1.04021924277369,-1.07348414714011,-1.05836722458146,212
"Exploited",2001,-1.06499018337269,-1.06565961223725,0.012759008014713,-1.10648925935627,-1.03575022954805,-1.07256493254914,-1.05706249747253,212
"Exploited",2002,-1.06785784124506,-1.06840033367684,0.0124915257359162,-1.11484552000302,-1.04160052692024,-1.07475144174599,-1.05969838558718,212
"Exploited",2003,-1.06295453005136,-1.0635660640809,0.0138881527773872,-1.10497683475803,-1.02693109026969,-1.07123048916386,-1.05319684707894,212
"Exploited",2004,-1.06705075985328,-1.06796883491771,0.0126671136779236,-1.11611811493508,-1.03954703627601,-1.07376517597417,-1.05895987884681,212
"Exploited",2005,-1.06885863359529,-1.06914337325301,0.0126191100706996,-1.12216379795208,-1.04344869518617,-1.07568380194507,-1.06046350216357,212
"Exploited",2006,-1.0649089922195,-1.06554842058765,0.0128812686617874,-1.11089168841458,-1.03510564484026,-1.0721615188585,-1.05673414925032,212
"Exploited",2007,-1.06792363896015,-1.06841606889062,0.012412411907173,-1.1141325005366,-1.04133691898933,-1.07457137456811,-1.05979670952103,212
"Exploited",2008,-1.06480510487401,-1.06600359451396,0.0132582743661992,-1.10584111898673,-1.03281624034691,-1.07274821646881,-1.05540197710467,212
"Exploited",2009,-1.06765473688714,-1.06800728036799,0.012708187194475,-1.11288870657487,-1.0390671599174,-1.07467425441619,-1.05923450364284,212
"Exploited",2010,-1.0680757347201,-1.06837769082728,0.0127216477151668,-1.11924218350784,-1.04105223330715,-1.07474598156423,-1.05960982624275,212
"Unexploited",1901,-1.04934135182235,-1.04885061967866,0.0152444409067654,-1.09458891128722,-1.00813453240417,-1.05901600658237,-1.04106844133825,212
"Unexploited",1902,-1.05328762518383,-1.05232212792466,0.0142263790758867,-1.10223729867997,-1.0150463381971,-1.06228191427184,-1.04449606860658,212
"Unexploited",1903,-1.05265049327602,-1.05156255158062,0.0142472794491922,-1.10215790938832,-1.01522213327704,-1.06179120621797,-1.04352655050021,212
"Unexploited",1904,-1.05166094783869,-1.05092469409075,0.0142162181993942,-1.09745305103986,-1.01376975441295,-1.06085462180096,-1.04283047476744,212
"Unexploited",1905,-1.04955528013851,-1.04955332422742,0.0146013643560066,-1.09380167683096,-1.0101038170398,-1.05894456429054,-1.04093013108247,212
"Unexploited",1906,-1.05128924416686,-1.05076400620186,0.0143348985400852,-1.09490305725598,-1.01204927400531,-1.06028192805816,-1.04237200035748,212
"Unexploited",1907,-1.0485173670806,-1.04828195944366,0.0154079299171448,-1.09374632080706,-1.00639910235153,-1.05849442046853,-1.0400953079013,212
"Unexploited",1908,-1.05175066220881,-1.05100891870045,0.0144631963824858,-1.09781482616008,-1.01180355722708,-1.06102268497959,-1.04266899005756,212
"Unexploited",1909,-1.05025861004656,-1.04954058235309,0.0147642216348963,-1.09705630023725,-1.0100256226901,-1.05949365125643,-1.04159082713166,212
"Unexploited",1910,-1.0506910936275,-1.0501145475081,0.0144558183092335,-1.09695921490287,-1.01135210917765,-1.05993132698479,-1.04184424526581,212
"Unexploited",1911,-1.05163732441732,-1.05107517850526,0.0142953477429409,-1.09803853458631,-1.01301249247855,-1.06088171730946,-1.04273183755855,212
"Unexploited",1912,-1.05262420398629,-1.05162818737084,0.0141323396400721,-1.10127519168985,-1.0150728686708,-1.06179088802098,-1.04380695809471,212
"Unexploited",1913,-1.05169421890701,-1.0507094157186,0.0141367251968738,-1.09980208940954,-1.01419803258805,-1.06077489713573,-1.04265101934055,212
"Unexploited",1914,-1.05110512654039,-1.05070217668804,0.0141707716504144,-1.0956870916501,-1.01296962795289,-1.06028159387457,-1.04225691492814,212
"Unexploited",1915,-1.05180267232711,-1.0514435550274,0.0141342442700612,-1.09612694136042,-1.01361303927916,-1.06080884111655,-1.04297003003423,212
"Unexploited",1916,-1.05036668885234,-1.04974449630458,0.0144086295760176,-1.09530179419172,-1.01119767545214,-1.05982529975794,-1.04160067277623,212
"Unexploited",1917,-1.05068669537293,-1.05050812863394,0.0144811462894615,-1.09500282366277,-1.01102348342882,-1.06023652238811,-1.04191807239661,212
"Unexploited",1918,-1.0502048289462,-1.04981766091856,0.014616814368215,-1.09483079547424,-1.01018862743003,-1.05994653805831,-1.04129061697574,212
"Unexploited",1919,-1.04951956580107,-1.04879486765769,0.0150221357705536,-1.09457494434348,-1.00806372449168,-1.05935884464693,-1.04108748260924,212
"Unexploited",1920,-1.05297084476291,-1.05214937982592,0.0143748018173948,-1.10067092056005,-1.0136904604334,-1.06221384092468,-1.04403601778204,212
"Unexploited",1921,-1.04943134980852,-1.0491428844569,0.0151409139578635,-1.09509198812079,-1.00833168059781,-1.05901620471631,-1.04085609809161,212
"Unexploited",1922,-1.05336895772676,-1.05245376706614,0.014132604855243,-1.10254640770914,-1.01525649208895,-1.062333285832,-1.04476077111745,212
"Unexploited",1923,-1.05273300954631,-1.0518116633831,0.0141524325237653,-1.10246573019166,-1.01543173772897,-1.06181570366165,-1.04374357072233,212
"Unexploited",1924,-1.05174776816849,-1.05130802731553,0.0141192477021697,-1.09777092271087,-1.0139769210956,-1.06090878614661,-1.04305039076852,212
"Unexploited",1925,-1.04964734171035,-1.0496433957077,0.0144984334436358,-1.0943025516278,-1.01030348287571,-1.05939456619032,-1.04087289518116,212
"Unexploited",1926,-1.05137633585139,-1.05095279649909,0.0142367386891319,-1.09540252394974,-1.0122550767594,-1.06071018279308,-1.04263055992595,212
"Unexploited",1927,-1.0486133049597,-1.04834041605037,0.0153019923394528,-1.09424332063797,-1.00659483133595,-1.05852281628174,-1.04044773472787,212
"Unexploited",1928,-1.05183862920882,-1.05114603892303,0.0143680228015327,-1.0981279464429,-1.01201288015888,-1.06109952170278,-1.04303096902624,212
"Unexploited",1929,-1.05035002460955,-1.04977366286737,0.0146666772074076,-1.09736450274872,-1.01023135459891,-1.05961538949568,-1.04134778598818,212
"Unexploited",1930,-1.05078221774666,-1.05030145200429,0.0143594109626118,-1.09726877883665,-1.01156019496879,-1.06003114098375,-1.04211061733682,212
"Unexploited",1931,-1.05172684192348,-1.05122292607253,0.0141996988870268,-1.09834810004282,-1.01322359502793,-1.06093807954938,-1.0429348238953,212
"Unexploited",1932,-1.05271193744747,-1.05190457073666,0.0140396240097199,-1.10157900710852,-1.01528788023855,-1.06167080202937,-1.04424625543619,212
"Unexploited",1933,-1.05178442126818,-1.05112235022917,0.0140431812569937,-1.10010722479361,-1.01441188076707,-1.06076669872585,-1.04302236260861,212
"Unexploited",1934,-1.05119838813661,-1.05092608120859,0.0140746165860664,-1.09600109130044,-1.01318181097987,-1.06041534321076,-1.04237894393884,212
"Unexploited",1935,-1.0518952033549,-1.05140631265932,0.0140391855565626,-1.09644210197485,-1.0138274999978,-1.06089325549654,-1.04302796559443,212
"Unexploited",1936,-1.05046200943296,-1.04993498982841,0.0143132041296255,-1.09561490774788,-1.01140885552638,-1.05990183682298,-1.04144581630283,212
"Unexploited",1937,-1.0507840373989,-1.05046732475018,0.0143843273595351,-1.09548263184145,-1.01123577816594,-1.06034787674915,-1.04166608183509,212
"Unexploited",1938,-1.05030196019398,-1.04997625542885,0.0145203336996482,-1.09530791493275,-1.01039900878367,-1.0600280302576,-1.04122523055914,212
"Unexploited",1939,-1.04961913747707,-1.04905414296514,0.0149228232969157,-1.09504910485792,-1.00826990472287,-1.05942705298566,-1.04092882173045,212
"Unexploited",1940,-1.05306324849768,-1.0521576933755,0.0142840951194268,-1.10097089339491,-1.01390777699952,-1.06213343081449,-1.04443264261032,212
"Unexploited",1941,-1.04953296777729,-1.04941805152987,0.0150431610856162,-1.09556002416214,-1.00853764824402,-1.05904025582256,-1.0409258701879,212
"Unexploited",1942,-1.05346223749083,-1.05257243511491,0.0140447246320677,-1.1028422764825,-1.01547493519441,-1.06213835832316,-1.04519551448235,212
"Unexploited",1943,-1.05282737662818,-1.05198743489603,0.0140634309685462,-1.10276043932402,-1.01564967421216,-1.06189853057851,-1.04410927646136,212
"Unexploited",1944,-1.05184621520932,-1.05136060090163,0.0140282991614453,-1.09807543717416,-1.01419254430194,-1.0609443635703,-1.04324665537868,212
"Unexploited",1945,-1.04975075864736,-1.0496595274126,0.0144016013473021,-1.09476839183865,-1.01051195522258,-1.0593258999169,-1.04087144557745,212
"Unexploited",1946,-1.05147492803536,-1.05085132291935,0.0141446397435362,-1.09586711606012,-1.01246944512008,-1.06063005567358,-1.04284722546284,212
"Unexploited",1947,-1.04872034365635,-1.04839402741134,0.0152019722452969,-1.09470569792899,-1.00679957737459,-1.05853146619983,-1.04049248436691,212
"Unexploited",1948,-1.05193799112169,-1.05101439703385,0.0142787681854294,-1.0984278787784,-1.01223064940163,-1.0611402796731,-1.04346143109527,212
"Unexploited",1949,-1.05045266367988,-1.05012281090505,0.0145748768332843,-1.09765976855504,-1.01044570065663,-1.05964521409649,-1.04147617296098,212
"Unexploited",1950,-1.05088454076358,-1.05028192831873,0.0142689787389553,-1.09756540513684,-1.01177680384653,-1.06008272074563,-1.04239659389878,212
"Unexploited",1951,-1.05182758246191,-1.05109498619023,0.0141100077840957,-1.09864474835441,-1.01344309471965,-1.06095164820556,-1.04314550902938,212
"Unexploited",1952,-1.05281091807205,-1.05184991732897,0.0139528755041143,-1.10187010135552,-1.01551112983665,-1.06153781188697,-1.04466323417946,212
"Unexploited",1953,-1.05188572419925,-1.05112278013877,0.0139556024966985,-1.10039964745326,-1.01463403139725,-1.06091695325145,-1.04344592613688,212
"Unexploited",1954,-1.05130256081901,-1.05080369995861,0.0139845522207757,-1.09630213938454,-1.01340237670603,-1.06031326762797,-1.04256896525742,212
"Unexploited",1955,-1.05199861285162,-1.0514379595464,0.0139502200542559,-1.09674426257487,-1.01405025159403,-1.06085783506705,-1.04330050775061,212
"Unexploited",1956,-1.05056804608629,-1.05008580147481,0.0142237348222705,-1.09591509154289,-1.01162848829226,-1.0599678977689,-1.04168585123842,212
"Unexploited",1957,-1.05089196137689,-1.05038134057056,0.0142935528912946,-1.0959294185983,-1.01145647668803,-1.06010717737666,-1.04163404399612,212
"Unexploited",1958,-1.05040963324362,-1.04998252398724,0.0144298430052689,-1.09575222965003,-1.01061789064296,-1.06002659981764,-1.04118258191878,212
"Unexploited",1959,-1.0497291086166,-1.04931663926894,0.0148294712551921,-1.09549066391897,-1.00848477535898,-1.05940394310042,-1.04077895091521,212
"Unexploited",1960,-1.05316630753307,-1.05225074012857,0.0141992809376715,-1.10125841900802,-1.01413330125192,-1.06196015595079,-1.04481678297233,212
"Unexploited",1961,-1.04964483130719,-1.049356363849,0.0149511931318338,-1.09599599895713,-1.00875234185888,-1.05916097610995,-1.04070385904905,212
"Unexploited",1962,-1.05356608250177,-1.05284664905786,0.0139627469822633,-1.10312589465435,-1.01570156633474,-1.06196832436084,-1.04553555718308,212
"Unexploited",1963,-1.05293220656489,-1.05188626509654,0.0139803047167369,-1.1030429670169,-1.01587583311263,-1.06193610404555,-1.04454629023888,212
"Unexploited",1964,-1.05195490472536,-1.05124464505701,0.0139434000155409,-1.09836748854161,-1.01441650663987,-1.06096694363717,-1.04360460211694,212
"Unexploited",1965,-1.04986415082354,-1.04981833885737,0.0143108812631883,-1.09520212770015,-1.01072910638744,-1.05913874328453,-1.0406415644048,212
"Unexploited",1966,-1.05158363712776,-1.05083824671485,0.0140586259891999,-1.09629971483357,-1.01269224550542,-1.06051015511137,-1.04323396721291,212
"Unexploited",1967,-1.048837104199,-1.04855817858658,0.0151078919908691,-1.09513628604446,-1.00701320035202,-1.05854896431056,-1.04016734346866,212
"Unexploited",1968,-1.05204737030105,-1.05129934789193,0.0141954543474638,-1.09871535404542,-1.01245672533749,-1.06106214816758,-1.04392943787564,212
"Unexploited",1969,-1.05056514615569,-1.05028478641101,0.0144888624934396,-1.09794277704735,-1.01066851915612,-1.05970875797288,-1.04161136131573,212
"Unexploited",1970,-1.05099668305531,-1.05029138480179,0.0141845560193125,-1.09784973736702,-1.01200179330734,-1.0601541067689,-1.04282688786853,212
"Unexploited",1971,-1.05193816376577,-1.05116069296297,0.0140263123184384,-1.09892909208646,-1.01367084979018,-1.06086258855393,-1.04351474740644,212
"Unexploited",1972,-1.05291976043426,-1.05203884323654,0.0138721461514852,-1.10214905126996,-1.01574247701467,-1.06137130826778,-1.04500396597347,212
"Unexploited",1973,-1.05199674059131,-1.05112738381299,0.0138740532241414,-1.10067990626819,-1.01486434461759,-1.06076540551214,-1.0439018903368,212
"Unexploited",1974,-1.05141626012031,-1.05088722112809,0.0139006468119425,-1.0965907706308,-1.01363118617593,-1.06028724791353,-1.04292048594775,212
"Unexploited",1975,-1.05211151944905,-1.05165359753076,0.0138674216966013,-1.09703394058876,-1.0142811565572,-1.06085058840261,-1.04364852234675,212
"Unexploited",1976,-1.05068341714188,-1.05021633684393,0.0141403131461755,-1.09620283997653,-1.011856436067,-1.05986295834961,-1.0419518438686,212
"Unexploited",1977,-1.05100909497602,-1.05066684719229,0.0142089040924942,-1.09634569503479,-1.01168544507006,-1.06018642553615,-1.04187079194328,212
"Unexploited",1978,-1.05052647617167,-1.05020486146664,0.014345422732883,-1.09616622454745,-1.01084513921891,-1.06004053149051,-1.04144917986986,212
"Unexploited",1979,-1.04984810877083,-1.0493319469733,0.014742156768907,-1.09590209133746,-1.00870820325159,-1.0595454166931,-1.04085122519977,212
"Unexploited",1980,-1.05327865158837,-1.05255508285648,0.0141204387477925,-1.10153391110982,-1.01436690508801,-1.06193169267812,-1.04517385626067,212
"Unexploited",1981,-1.04976556815634,-1.04929316669844,0.0148651091241617,-1.09640232382882,-1.0089756315093,-1.05922658904473,-1.04069940027415,212
"Unexploited",1982,-1.05109455955384,-1.0508164094219,0.0144373630125037,-1.09672099586863,-1.01059349074782,-1.06038260996592,-1.04274396803259,212
"Unexploited",1983,-1.05217009852258,-1.0516346981658,0.0143368145782269,-1.09769467830855,-1.01236492834823,-1.06147517349374,-1.0433876468377,212
"Unexploited",1984,-1.05243771835163,-1.05178944804102,0.014234918989282,-1.10068804375606,-1.01339004747716,-1.06159237654994,-1.04428229826113,212
"Unexploited",1985,-1.0504462817616,-1.05028848341395,0.0146124092587999,-1.09655688241749,-1.01021017944541,-1.06007299656051,-1.04135905933924,212
"Unexploited",1986,-1.05257625877487,-1.05225111328096,0.0141090281644137,-1.09777361862704,-1.01358840928625,-1.06147296472628,-1.04456941826483,212
"Unexploited",1987,-1.04977127610204,-1.04936891821605,0.0150252855905824,-1.09637551076753,-1.00826358339804,-1.05944056548686,-1.04088708028958,212
"Unexploited",1988,-1.05110023812066,-1.05075797325388,0.0144865246179292,-1.09690885256556,-1.01057662314303,-1.06042137095742,-1.04296460851586,212
"Unexploited",1989,-1.05205675606835,-1.05133985115537,0.0143774584432101,-1.09986227856721,-1.01245418098201,-1.0612647037703,-1.04374793557051,212
"Unexploited",1990,-1.05396321816892,-1.05310940502669,0.0140457648947313,-1.10423650701027,-1.01598355239034,-1.06281261351626,-1.04592218333738,212
"Unexploited",1991,-1.05039565539073,-1.05009183732169,0.0145117595752196,-1.09672016961903,-1.01082641447126,-1.05969955644829,-1.04125733485974,212
"Unexploited",1992,-1.05233971227162,-1.05179823054338,0.0139304676775406,-1.09801156464568,-1.01405598899018,-1.06119343264743,-1.04457560813576,212
"Unexploited",1993,-1.05322050015359,-1.0523613660461,0.0138275621744329,-1.10361815043507,-1.01636309462818,-1.06192927555477,-1.04529236013537,212
"Unexploited",1994,-1.0541379191901,-1.05342749562796,0.0136738175342625,-1.10536095600521,-1.01823718066048,-1.06261351307511,-1.04636216685916,212
"Unexploited",1995,-1.05254782306969,-1.05182809946037,0.0137128913019668,-1.09939601527972,-1.01587744828631,-1.06134376425423,-1.0443199034733,212
"Unexploited",1996,-1.05210048707955,-1.05145761896992,0.0136086068349434,-1.09873704207944,-1.01539693293326,-1.06059279008282,-1.04435034322021,212
"Unexploited",1997,-1.05348041113689,-1.05287771582581,0.0135147617617726,-1.10223512336981,-1.01778195024797,-1.06165313081816,-1.04561963826711,212
"Unexploited",1998,-1.05208715939711,-1.05122290469943,0.0136279057980473,-1.10075593672889,-1.01582221166099,-1.0605556237217,-1.04426483419447,212
"Unexploited",1999,-1.05353874012345,-1.0529735797252,0.0134474915931192,-1.10266622204861,-1.01816224998092,-1.06175722616581,-1.04573779607806,212
"Unexploited",2000,-1.05168465686297,-1.05103350235483,0.0137258790426886,-1.09723849076565,-1.01486608112874,-1.06044680965497,-1.04303196284248,212
"Unexploited",2001,-1.04982674895304,-1.04948126140237,0.0143368332663984,-1.09616112546245,-1.00995212929544,-1.05893528304904,-1.04118226189968,212
"Unexploited",2002,-1.05285275829583,-1.05242910926944,0.0138915171761225,-1.09837765301931,-1.01427299702382,-1.06137471234131,-1.04495720891994,212
"Unexploited",2003,-1.04777613578133,-1.04789089104061,0.0157296920099764,-1.09591084254861,-1.00421597164304,-1.05799253798757,-1.03956809079119,212
"Unexploited",2004,-1.05211312718849,-1.05124518639221,0.0141350977165017,-1.09988254060713,-1.01237411043728,-1.06085043253124,-1.04453304110557,212
"Unexploited",2005,-1.05398251006335,-1.05314337712838,0.0139927538516159,-1.10571764158216,-1.01638450156203,-1.06278689514203,-1.04611871524798,212
"Unexploited",2006,-1.05000803592044,-1.04961076348545,0.0145523504805703,-1.09698049873266,-1.01029454114922,-1.05936013144299,-1.04133562899182,212
"Unexploited",2007,-1.0525934704302,-1.05223150350517,0.0138599627807703,-1.09803452279965,-1.01432670713196,-1.06135665450664,-1.04502778881478,212
"Unexploited",2008,-1.04951159645845,-1.04907599162214,0.0150125158343656,-1.09662814055393,-1.00801591747716,-1.05904818169215,-1.04118023118625,212
"Unexploited",2009,-1.05242032875164,-1.05188610256799,0.0142895191322481,-1.0984680131766,-1.01209233375538,-1.06156789011527,-1.04453808253405,212
"Unexploited",2010,-1.05302060740443,-1.05211168708251,0.0142351159296847,-1.10275873463711,-1.01391086707364,-1.06185336064542,-1.04533354397165,212
"Unexploited",2011,-1.05326737599729,-1.05245256588002,0.0139826983129926,-1.10375551637924,-1.01536190355773,-1.06199790120857,-1.04571546185453,212
