"time","diff_median","diff_q25","diff_q75","diff_q05","diff_q95","n_pairs"
1901,0,0,0,-2.22044604925031e-16,2.22044604925031e-16,212
1902,0,0,0,-2.22044604925031e-16,2.22044604925031e-16,212
1903,0,0,0,-2.22044604925031e-16,0,212
1904,0,0,0,-2.22044604925031e-16,9.99200722162616e-17,212
1905,0,0,0,-2.22044604925031e-16,2.22044604925031e-16,212
1906,0,0,0,-2.22044604925031e-16,9.99200722162616e-17,212
1907,0,0,0,-3.21964677141295e-16,2.22044604925031e-16,212
1908,0,0,0,0,2.22044604925031e-16,212
1909,0,0,0,-2.22044604925031e-16,0,212
1910,0,0,0,-2.22044604925031e-16,2.22044604925031e-16,212
1911,0,0,0,-9.99200722162639e-17,2.22044604925031e-16,212
1912,0,0,0,0,2.22044604925031e-16,212
1913,0,0,0,-9.99200722162639e-17,2.22044604925031e-16,212
1914,0,0,0,-2.22044604925031e-16,2.22044604925031e-16,212
1915,0,0,0,-2.22044604925031e-16,2.22044604925031e-16,212
1916,0,0,0,-2.22044604925031e-16,2.22044604925031e-16,212
1917,0,0,0,-2.22044604925031e-16,0,212
1918,0,0,0,-2.22044604925031e-16,2.22044604925031e-16,212
1919,0,0,0,-9.99200722162639e-17,2.22044604925031e-16,212
1920,0,0,0,0,2.22044604925031e-16,212
1921,0,0,0,0,2.22044604925031e-16,212
1922,0,0,0,0,0,212
1923,0,0,0,-9.99200722162639e-17,2.22044604925031e-16,212
1924,0,0,0,0,0,212
1925,0,0,0,-9.99200722162639e-17,2.22044604925031e-16,212
1926,0,0,0,-2.22044604925031e-16,2.22044604925031e-16,212
1927,0,0,0,0,9.99200722162616e-17,212
1928,0,0,0,-2.22044604925031e-16,2.22044604925031e-16,212
1929,0,0,0,-2.22044604925031e-16,2.22044604925031e-16,212
1930,0,0,0,0,2.22044604925031e-16,212
1931,-3.36804471164909e-05,-7.46180883188785e-05,-1.24173147464379e-05,-0.000319748110560991,-4.68755889794226e-06,212
1932,-0.000182552907071587,-0.000410261821614577,-7.03569098491341e-05,-0.00177793135683518,-2.39244557982743e-05,212
1933,-0.000238969181318271,-0.000645332461731152,-9.1841478249588e-05,-0.00264348325373056,-2.24085358328409e-05,212
1934,-0.000591799572887908,-0.00115685869440646,-0.000342052405998217,-0.0048671683898509,-0.000112843483897629,212
1935,-0.00101352314879233,-0.00161291418753795,-0.000550761395884281,-0.0061802659411705,-0.000114444984771956,212
1936,-0.00123429919889173,-0.00196756450344227,-0.000682389315843412,-0.00757114854274125,-8.38101234265865e-05,212
1937,-0.00138745242552585,-0.00222145419406627,-0.00081313089352858,-0.008543062316498,-5.96858569931423e-05,212
1938,-0.00159938011323657,-0.00246009387236229,-0.000826865095993556,-0.00910136989170662,6.85456066585169e-05,212
1939,-0.00168729804138545,-0.00251222259672701,-0.000860471292338627,-0.00989027318192219,0.000335038729958089,212
1940,-0.00207076638696313,-0.00345949604243057,-0.00125692836075814,-0.00939584313213786,4.44774078721197e-05,212
1941,-0.00254092513021931,-0.00439669533216319,-0.00164117210805842,-0.0116421427820076,1.4297313831799e-05,212
1942,-0.00232001589290232,-0.00405656568997648,-0.00139906523727285,-0.0104460146804334,0.000207915869072591,212
1943,-0.00219821732468217,-0.00388782800905968,-0.00137350035429157,-0.0103790659571966,0.000696743136473154,212
1944,-0.00220561020659005,-0.00386806233587117,-0.0013602349219447,-0.0106055295817779,0.000988317366235902,212
1945,-0.00217372854057152,-0.00378273320146089,-0.00135188452447976,-0.0107199173187987,0.00122837911805222,212
1946,-0.00216980262449984,-0.00375079686842195,-0.00132838280848063,-0.0104948640496668,0.00146580327231771,212
1947,-0.00217666216553392,-0.0038193033804087,-0.00133029115373529,-0.0107962705630675,0.00149200858220597,212
1948,-0.0027374105259248,-0.00494173004394971,-0.00165876354559535,-0.0123404204282271,0.00096015757366109,212
1949,-0.00383935338269725,-0.00657250366537743,-0.00259056869604674,-0.0149198770897018,-0.000133433173854514,212
1950,-0.00410884131014255,-0.00700011583595372,-0.00263158446806067,-0.0153311661388903,-0.00022403965671436,212
1951,-0.00451298595705751,-0.00757681772267194,-0.00274963847940474,-0.0160292476865464,-0.000347021784981694,212
1952,-0.00556649095530071,-0.00886586839033759,-0.00300366986239736,-0.0165266576810194,-0.000490848928450185,212
1953,-0.00594521723144736,-0.00930860742931622,-0.0032477747419688,-0.0176300828025516,-0.000636567662347591,212
1954,-0.0062276258421714,-0.00969584498175813,-0.0033863560234893,-0.0182708874807008,-0.000761011518086867,212
1955,-0.0067144907247364,-0.0105715757546142,-0.00377717983571468,-0.0186738866931084,-0.000865227791264206,212
1956,-0.00720866766896222,-0.0109145642317294,-0.00401752292830304,-0.0187811171813549,-0.000973463220500941,212
1957,-0.00787806219687648,-0.012106251158909,-0.00427587732852519,-0.0194982299997419,-0.00115397321548964,212
1958,-0.00804276719090258,-0.0126373099557524,-0.0044208985077322,-0.019903725169833,-0.00120982971006157,212
1959,-0.00871266327135989,-0.0138508562794176,-0.00469487587961415,-0.0209606049748606,-0.0014624557978874,212
1960,-0.00903981666164788,-0.0144832298603574,-0.00488056215962296,-0.0215369688955298,-0.00138877191628496,212
1961,-0.00927503699688326,-0.0147569686515526,-0.00494810071696916,-0.0225758147762091,-0.00177928546581446,212
1962,-0.00925428059781241,-0.0148031291727014,-0.00496089940717692,-0.0218505624649283,-0.00146859969869235,212
1963,-0.00934314509763678,-0.0149965722749884,-0.00501222883920316,-0.0219370335308257,-0.001577430702418,212
1964,-0.00954963876727122,-0.0152700763293479,-0.00508913186905879,-0.0219594735405372,-0.00167127569062864,212
1965,-0.00983893203017949,-0.0155696283369007,-0.00523999642975082,-0.0220127120293626,-0.00189118320546906,212
1966,-0.00978986954018168,-0.0155805584159887,-0.00527455832367257,-0.0217779868008321,-0.00171280836102046,212
1967,-0.0098911724764722,-0.0156354391005468,-0.0052998731977284,-0.022303691453784,-0.00195306860943224,212
1968,-0.0100836632538093,-0.0158638270556279,-0.00541601497020727,-0.0217885804124498,-0.00180674496444827,212
1969,-0.0102392708985913,-0.0160223274956497,-0.00548261302617803,-0.021650805211391,-0.00198360740987426,212
1970,-0.0102850992531986,-0.016119726040296,-0.00551085568551346,-0.0214544770295832,-0.00196859170883468,212
1971,-0.0103728587684563,-0.0163603311135204,-0.00561112337953851,-0.0215156711176452,-0.00195915618362506,212
1972,-0.0103255426722584,-0.0163164665792608,-0.00559619565766517,-0.0214593050014853,-0.00186000143427004,212
1973,-0.0110036596034151,-0.0170499347762727,-0.00662863460134422,-0.022283734444186,-0.00272676863588317,212
1974,-0.0120411373173851,-0.0182315187298736,-0.00761527058356998,-0.0234145429365296,-0.00399503663970903,212
1975,-0.0125144016887884,-0.018521234278168,-0.00806444953106039,-0.0237850533475568,-0.0045816047993108,212
1976,-0.0128430308853423,-0.0187571850052164,-0.00841592925660883,-0.0239841982323599,-0.00490428676618132,212
1977,-0.013103404909004,-0.0190036546546217,-0.00858343148065144,-0.0241672380436282,-0.005101011394402,212
1978,-0.0136214909130998,-0.0194820714807502,-0.00902481122542975,-0.0246370080501415,-0.00548777303046613,212
1979,-0.0144734416573441,-0.0204480708567216,-0.00954546035814718,-0.0258551988395362,-0.00589888397051393,212
1980,-0.0147072809041437,-0.020606167049939,-0.00990094289463805,-0.025929737612137,-0.0059977434849044,212
1981,-0.0157443106159949,-0.0220649049431694,-0.0114115973331211,-0.0283083678458723,-0.0068709592537719,212
1982,-0.0158625327076387,-0.0218851808664219,-0.0114685448843627,-0.0283104484833189,-0.00695865946801422,212
1983,-0.0156571944720889,-0.0218745324421623,-0.0114167097325986,-0.0281359566709766,-0.00692617753826763,212
1984,-0.0155217851997591,-0.0218444653559486,-0.011122983850052,-0.027973432310179,-0.0069006997116754,212
1985,-0.0154930404268535,-0.0217310721403455,-0.0111685464923529,-0.0279510699762833,-0.00690652462608576,212
1986,-0.0153066503732734,-0.0215899352075254,-0.0105816402900098,-0.0276034244765349,-0.00688151278610549,212
1987,-0.0151045725951028,-0.0214957799537975,-0.0106122995453925,-0.0276002553467733,-0.00684748483846348,212
1988,-0.0149915083586489,-0.021338242676062,-0.0103709926765134,-0.0272717016447937,-0.00679801646340599,212
1989,-0.0147433423190713,-0.0211544948563004,-0.010276450729932,-0.027006476370111,-0.00671325327362045,212
1990,-0.0145810592559664,-0.0210012920163029,-0.0101558393146883,-0.0267686810819089,-0.00663998174654015,212
1991,-0.0144599783941558,-0.0210242058886646,-0.0101614043867469,-0.026626816471662,-0.00659354586885573,212
1992,-0.014423997565679,-0.0209623592330101,-0.00991288612227909,-0.0264177877979837,-0.00653047803501021,212
1993,-0.0144616975846577,-0.0203707471992328,-0.00993058139755892,-0.0263474021065342,-0.00648608103048929,212
1994,-0.0142865838345637,-0.0201902935848425,-0.00980618672693118,-0.0261425668477382,-0.00642146207056793,212
1995,-0.0143024068235602,-0.0206602042899515,-0.00987729886828126,-0.0260967185827039,-0.00640583942140081,212
1996,-0.0142729788473572,-0.0201677379368526,-0.00984780953476466,-0.0259802946936321,-0.00636763595340532,212
1997,-0.0144212722573897,-0.0200997680133812,-0.00991115606658977,-0.0260205949602457,-0.0063575133355914,212
1998,-0.0142921702462773,-0.0201773605550142,-0.00983918110644999,-0.0258528751736757,-0.00630794184401362,212
1999,-0.0143585473508605,-0.0199358876095277,-0.00987907568242719,-0.0259502141687211,-0.00628940240364976,212
2000,-0.014213382566808,-0.0200225807917749,-0.00982287079954225,-0.0257587263890325,-0.00625342286768002,212
2001,-0.0141724127062963,-0.0208427804987568,-0.00982327477533035,-0.0256674242202574,-0.00623175016657123,212
2002,-0.0141071499994626,-0.0197904229082462,-0.00978907598310635,-0.0255883842247297,-0.00619214450616071,212
2003,-0.0141097775482345,-0.0208604120878667,-0.00979067522808758,-0.025635815245098,-0.00619218499226474,212
2004,-0.0140618327708215,-0.0197884793974181,-0.00967273346542546,-0.0255226138931393,-0.00613555350094637,212
2005,-0.0140370831480008,-0.0196742444858271,-0.0096076902307794,-0.0255161584538311,-0.00610126988885705,212
2006,-0.0139938508014238,-0.02064677193952,-0.00953594397887408,-0.0253698283290517,-0.00607625032151608,212
2007,-0.014391353376987,-0.0205623583018238,-0.00983839299844419,-0.0263477945650208,-0.006458268283165,212
2008,-0.0142819866845398,-0.0208514160344612,-0.00978456182808352,-0.0261111484248609,-0.00630757602757417,212
2009,-0.0142059725436653,-0.0205823044497173,-0.00977304928073536,-0.0261909865667408,-0.0063479593681691,212
2010,-0.0140391882798965,-0.0201545655431658,-0.0096676644119465,-0.0260724521163267,-0.00619151826483872,212
