"decade","start_year","end_year","metric_name","metric_category","comparison","n_sims","ratio_median","ratio_mean","ratio_sd","ratio_q05","ratio_q25","ratio_q75","ratio_q95","n_valid","prop_below_075","prop_below_040","prop_below_020","prop_below_054"
"1841-1850",1841,1850,"total_biomass","biomass","absolute",170,1.00019347405421,1.00068968105485,0.00198812269080915,0.999006735083691,0.999581939703375,1.00113082703532,1.0032373429508,170,0,0,0,NA
"1851-1860",1851,1860,"total_biomass","biomass","absolute",170,0.99980652594579,0.999310318945152,0.00198812269080913,0.996762657049205,0.998869172964683,1.00041806029663,1.00099326491631,170,0,0,0,NA
"1861-1870",1861,1870,"total_biomass","biomass","absolute",170,0.999068080481407,0.997622650606038,0.00590838176906948,0.989726038330772,0.997140208018691,1.0006800841758,1.00217114927168,170,0,0,0,NA
"1871-1880",1871,1880,"total_biomass","biomass","absolute",170,0.998314160946515,0.995314718423958,0.00907869918782346,0.98478891686553,0.99532709344637,0.999713092681921,1.00065538667371,170,0,0,0,NA
"1881-1890",1881,1890,"total_biomass","biomass","absolute",170,0.997595795910045,0.993729343714567,0.0127245497707439,0.977879496407834,0.992944874141392,1.00003677223539,1.0018124438917,170,0,0,0,NA
"1891-1900",1891,1900,"total_biomass","biomass","absolute",170,0.997054494305788,0.99156862465319,0.0157216141161068,0.972940810820956,0.991252482710669,0.999312287351067,1.00042623338964,170,0,0,0,NA
"1901-1910",1901,1910,"total_biomass","biomass","absolute",170,0.996724598747118,0.99011200195032,0.0190899547668287,0.96646127930068,0.989098287985431,0.999528186798199,1.00157127196834,170,0,0,0,NA
"1911-1920",1911,1920,"total_biomass","biomass","absolute",170,0.995789598077528,0.988089277268892,0.0218577221389243,0.961588488795153,0.987269093249901,0.998894055928451,1.00022290278465,170,0,0,0,NA
"1921-1930",1921,1930,"total_biomass","biomass","absolute",170,0.99563239732756,0.986760713479196,0.0249498192004046,0.955521861743786,0.985319910547452,0.99902081742785,1.00134583705045,170,0,0,0,NA
"1931-1940",1931,1940,"total_biomass","biomass","absolute",170,0.988381074048049,0.97562319530185,0.0346178430015251,0.902979882406512,0.970197621911947,0.996414779312898,0.998545737614593,170,0,0,0,NA
"1941-1950",1941,1950,"total_biomass","biomass","absolute",170,0.983928123608852,0.966954129745688,0.0440973195837723,0.861076971703889,0.956406881506241,0.994939103133526,0.998462349485114,170,0.00588235294117647,0,0,NA
"1951-1960",1951,1960,"total_biomass","biomass","absolute",170,0.981995982818866,0.961430369097502,0.0500010623932437,0.841428214704174,0.949773255093209,0.993155991540455,0.997145441484421,170,0.00588235294117647,0,0,NA
"1961-1970",1961,1970,"total_biomass","biomass","absolute",170,0.979616964552997,0.95863238540683,0.0542928282575797,0.826067469892248,0.946185606611805,0.993334279877369,0.997357429672511,170,0.00588235294117647,0,0,NA
"1971-1980",1971,1980,"total_biomass","biomass","absolute",170,0.977266055383335,0.94579834601125,0.0773222088535476,0.800409209706802,0.933768073034589,0.990452946016133,0.995462182250984,170,0.0411764705882353,0,0,NA
"1981-1990",1981,1990,"total_biomass","biomass","absolute",170,0.974606825068023,0.945404843346677,0.130853609337708,0.788550552877684,0.931569454441923,0.988232317915301,1.00316331305731,170,0.0470588235294118,0,0,NA
"1991-2000",1991,2000,"total_biomass","biomass","absolute",170,0.992874574859858,0.991417805864731,0.44041650433809,0.801106221707922,0.950485720380884,1.01252774875817,1.0232623378016,170,0.0470588235294118,0,0,NA
"2001-2010",2001,2010,"total_biomass","biomass","absolute",170,0.970029962573906,0.967714014367017,0.428660656387022,0.797030553338009,0.929387912492268,0.9866198983965,1.00045815440599,170,0.0470588235294118,0,0,NA
"1841-1850",1841,1850,"whale_biomass","biomass","absolute",170,1.00631801580092,1.00838661946391,0.00444403700376992,1.00488471709962,1.00540834418411,1.00850103628426,1.01730919928384,170,0,0,0,0
"1851-1860",1851,1860,"whale_biomass","biomass","absolute",170,0.993681984199083,0.991613380536092,0.00444403700376994,0.982690800716161,0.991498963715738,0.994591655815891,0.995115282900378,170,0,0,0,0
"1861-1870",1861,1870,"whale_biomass","biomass","absolute",170,0.981207111681976,0.975229754497966,0.0129640840866656,0.949178878175174,0.97479590337212,0.98389920560823,0.985473174241247,170,0,0,0,0
"1871-1880",1871,1880,"whale_biomass","biomass","absolute",170,0.968891829264429,0.959209730242745,0.0211212315557005,0.916740200952174,0.958385648994071,0.973361341869039,0.975962782659459,170,0,0,0,0
"1881-1890",1881,1890,"whale_biomass","biomass","absolute",170,0.956736096477525,0.943559337453122,0.0289344074774204,0.885338046722433,0.942263558161407,0.963029585015512,0.966572907630949,170,0,0,0,0
"1891-1900",1891,1900,"whale_biomass","biomass","absolute",170,0.944749412017475,0.928253936093157,0.0364083615636178,0.854941795317836,0.926424023199034,0.952778938319714,0.957310845127485,170,0,0,0,0
"1901-1910",1901,1910,"whale_biomass","biomass","absolute",170,0.932924966096221,0.913300608642153,0.0435612897067648,0.825517130868041,0.910862632502404,0.942711170477514,0.948171290263951,170,0,0,0,0
"1911-1920",1911,1920,"whale_biomass","biomass","absolute",170,0.921313039610521,0.898674873416307,0.0503971986792585,0.797035434495037,0.895573921498936,0.93278531239446,0.939175641773292,170,0,0,0,0
"1921-1930",1921,1930,"whale_biomass","biomass","absolute",170,0.909809857470383,0.884384672971283,0.0569336003522642,0.769464608995777,0.880553696065054,0.923080471498341,0.930367748760261,170,0,0,0,0
"1931-1940",1931,1940,"whale_biomass","biomass","absolute",170,0.73291106233315,0.713119290273718,0.122821813681865,0.468511466818139,0.650271072212102,0.815353514466367,0.868373392194051,170,0.588235294117647,0.0235294117647059,0,0.0823529411764706
"1941-1950",1941,1950,"whale_biomass","biomass","absolute",170,0.618572042026301,0.575587392869218,0.190441247332914,0.222279762196912,0.419835125450665,0.727395953923602,0.816258298531185,170,0.841176470588235,0.217647058823529,0.0352941176470588,0.382352941176471
"1951-1960",1951,1960,"whale_biomass","biomass","absolute",170,0.54257113659231,0.500336779866419,0.216634669288098,0.117585406534815,0.314858747209251,0.68628590428979,0.778932178739502,170,0.917647058823529,0.347058823529412,0.123529411764706,0.494117647058824
"1961-1970",1961,1970,"whale_biomass","biomass","absolute",170,0.497705684697129,0.459884614156316,0.220001285509104,0.0873322268389877,0.276171462943763,0.648615727260758,0.752353814007027,170,0.941176470588235,0.376470588235294,0.158823529411765,0.547058823529412
"1971-1980",1971,1980,"whale_biomass","biomass","absolute",170,0.354195104079572,0.39264342123904,0.214230609642391,0.073745158020132,0.227260434870381,0.596522692254853,0.721698347375536,170,0.964705882352941,0.552941176470588,0.170588235294118,0.7
"1981-1990",1981,1990,"whale_biomass","biomass","absolute",170,0.291965522446772,0.347120988733375,0.235611432629385,0.0407682977453973,0.136732308716907,0.584462966445997,0.707149994775882,170,0.970588235294118,0.594117647058824,0.341176470588235,0.711764705882353
"1991-2000",1991,2000,"whale_biomass","biomass","absolute",170,0.284732584860002,0.341879837584847,0.234912305938888,0.0358206339153722,0.128408882581363,0.580163307114039,0.701005564168588,170,0.976470588235294,0.594117647058824,0.364705882352941,0.711764705882353
"2001-2010",2001,2010,"whale_biomass","biomass","absolute",170,0.282570654495668,0.33647512420212,0.234015273745847,0.035030481438648,0.11966680461406,0.574625030139476,0.694138664011399,170,0.988235294117647,0.594117647058824,0.364705882352941,0.717647058823529
"1841-1850",1841,1850,"baleen_biomass","biomass","absolute",170,1.00614743769842,1.00826971357451,0.00473566128200014,1.0048221194906,1.00520593579892,1.00834491268906,1.01761997898154,170,0,0,0,0
"1851-1860",1851,1860,"baleen_biomass","biomass","absolute",170,0.993852562301578,0.991730286425495,0.00473566128200015,0.982380021018464,0.991655087310943,0.994794064201076,0.995177880509398,170,0,0,0,0
"1861-1870",1861,1870,"baleen_biomass","biomass","absolute",170,0.981709571489049,0.975588312094179,0.0138141716312233,0.94839685336592,0.975420265693975,0.984555798020484,0.985721081810793,170,0,0,0,0
"1871-1880",1871,1880,"baleen_biomass","biomass","absolute",170,0.969707401959119,0.959807310209746,0.022501531660638,0.915596230418514,0.959525939309566,0.974419709193187,0.976332093751708,170,0,0,0,0
"1881-1890",1881,1890,"baleen_biomass","biomass","absolute",170,0.957854274326209,0.944403445092238,0.0308220936153481,0.883805802414495,0.944001870385237,0.964499837276018,0.967127807864658,170,0,0,0,0
"1891-1900",1891,1900,"baleen_biomass","biomass","absolute",170,0.946156416836121,0.929341524503475,0.0387770195051075,0.853038879537307,0.928823119201167,0.954705076941394,0.95799270372821,170,0,0,0,0
"1901-1910",1901,1910,"baleen_biomass","biomass","absolute",170,0.934612869402714,0.914638696733309,0.046389874071148,0.8232875936553,0.913997298640672,0.945010522151015,0.949011589420878,170,0,0,0,0
"1911-1920",1911,1920,"baleen_biomass","biomass","absolute",170,0.923214412777976,0.900259896199317,0.0536609917273207,0.794507237424102,0.899499342251992,0.93541297250017,0.940105780584448,170,0,0,0,0
"1921-1930",1921,1930,"baleen_biomass","biomass","absolute",170,0.911963278409053,0.886223107266125,0.0606132277805032,0.766686528733057,0.885336927558722,0.925986333190364,0.931338984496586,170,0.00588235294117647,0,0,0
"1931-1940",1931,1940,"baleen_biomass","biomass","absolute",170,0.742504755352731,0.717509233571953,0.132141507108283,0.463381906257944,0.64337800774247,0.821381320381091,0.87629128245656,170,0.535294117647059,0.0235294117647059,0.00588235294117647,0.0941176470588235
"1941-1950",1941,1950,"baleen_biomass","biomass","absolute",170,0.662724182257376,0.608265809675223,0.189213252051873,0.224811279751288,0.467090780401457,0.748330339238138,0.840392874202333,170,0.758823529411765,0.141176470588235,0.0352941176470588,0.305882352941176
"1951-1960",1951,1960,"baleen_biomass","biomass","absolute",170,0.608111865010512,0.545693131614203,0.206418752351228,0.149339246288933,0.370739618243053,0.701537507791125,0.808816031841735,170,0.852941176470588,0.270588235294118,0.0764705882352941,0.4
"1961-1970",1961,1970,"baleen_biomass","biomass","absolute",170,0.565449347922489,0.504434003908201,0.211756178755349,0.110462751896663,0.320247419746438,0.665784648004988,0.785114287815005,170,0.911764705882353,0.311764705882353,0.1,0.488235294117647
"1971-1980",1971,1980,"baleen_biomass","biomass","absolute",170,0.417553959458679,0.434103401405667,0.215081123065943,0.0899082575728533,0.259098229730928,0.636182086110784,0.75853871505725,170,0.935294117647059,0.488235294117647,0.105882352941176,0.635294117647059
"1981-1990",1981,1990,"baleen_biomass","biomass","absolute",170,0.370310299296657,0.387204776069822,0.243504896200813,0.0384676718090704,0.182439312732973,0.624008265917704,0.747007262311554,170,0.947058823529412,0.535294117647059,0.282352941176471,0.647058823529412
"1991-2000",1991,2000,"baleen_biomass","biomass","absolute",170,0.368096927361017,0.381542795125852,0.243265193501319,0.0319694430758172,0.173309008700931,0.618262867100912,0.741802846677911,170,0.952941176470588,0.535294117647059,0.305882352941176,0.647058823529412
"2001-2010",2001,2010,"baleen_biomass","biomass","absolute",170,0.365065275556237,0.375632425063305,0.242751806542836,0.0305926400831089,0.161165767149591,0.61240708926621,0.735618511431335,170,0.964705882352941,0.535294117647059,0.311764705882353,0.658823529411765
"1841-1850",1841,1850,"seal_biomass","biomass","absolute",170,1.00166747896988,1.00344637180878,0.00681796167657532,0.99380223793925,1.00040007815976,1.00567311008483,1.01881878521792,170,0,0,0,NA
"1851-1860",1851,1860,"seal_biomass","biomass","absolute",170,0.998332521030123,0.996553628191219,0.00681796167657532,0.981181214782081,0.994326889915171,0.999599921840239,1.00619776206075,170,0,0,0,NA
"1861-1870",1861,1870,"seal_biomass","biomass","absolute",170,0.995117501178357,0.990398792616137,0.0202417465818208,0.945406795166335,0.983531526060698,0.998940518579809,1.01990272129078,170,0,0,0,NA
"1871-1880",1871,1880,"seal_biomass","biomass","absolute",170,0.992069685136241,0.98445439048214,0.0328097024937882,0.911334333982886,0.973157481143907,0.99819863639552,1.03246116902734,170,0,0,0,NA
"1881-1890",1881,1890,"seal_biomass","biomass","absolute",170,0.989124279271039,0.979118608620935,0.0452763369951375,0.878965487673091,0.963133625750905,0.997783849312343,1.0460924231114,170,0,0,0,NA
"1891-1900",1891,1900,"seal_biomass","biomass","absolute",170,0.985974508241203,0.97393437562483,0.056958543947256,0.848141054996605,0.955267343584068,0.997489958917468,1.05853386294742,170,0,0,0,NA
"1901-1910",1901,1910,"seal_biomass","biomass","absolute",170,0.982903446016217,0.969301905171417,0.068614114956327,0.818876028355428,0.945575864599796,0.997516401059262,1.07223482146895,170,0,0,0,NA
"1911-1920",1911,1920,"seal_biomass","biomass","absolute",170,0.980605465006003,0.964778738274688,0.0795356066294693,0.791011798130332,0.935840071639077,0.997277076595242,1.08509837253386,170,0.00588235294117647,0,0,NA
"1921-1930",1921,1930,"seal_biomass","biomass","absolute",170,0.978189436256447,0.960761356445477,0.0904822816555055,0.764576480439737,0.926717804086071,0.996827775818497,1.09880842772821,170,0.0294117647058824,0,0,NA
"1931-1940",1931,1940,"seal_biomass","biomass","absolute",170,0.976989307594898,0.956932220000123,0.100793511378478,0.739417218110906,0.918288755675963,0.996652166486351,1.11201799060107,170,0.0647058823529412,0,0,NA
"1941-1950",1941,1950,"seal_biomass","biomass","absolute",170,0.975068315860321,0.953883176976724,0.11135135231933,0.715424687259601,0.910111908761864,0.997282068380971,1.12647816926237,170,0.0764705882352941,0,0,NA
"1951-1960",1951,1960,"seal_biomass","biomass","absolute",170,0.97244213144593,0.950606529186111,0.121117881280865,0.695119474509837,0.90196718322915,0.996881468964527,1.13939982493579,170,0.0882352941176471,0,0,NA
"1961-1970",1961,1970,"seal_biomass","biomass","absolute",170,0.969318768549109,0.947688812237636,0.130944744993338,0.675273122948629,0.894612005946224,0.996680891187219,1.15381447519685,170,0.1,0,0,NA
"1971-1980",1971,1980,"seal_biomass","biomass","absolute",170,0.964726454502328,0.944228139499967,0.140192335441986,0.654646312442366,0.88773710319299,0.996104072447764,1.16681945852492,170,0.1,0,0,NA
"1981-1990",1981,1990,"seal_biomass","biomass","absolute",170,0.967664227312271,0.945269713409711,0.153971324875823,0.641699905534784,0.876081202526115,0.999211756807855,1.19764716728666,170,0.1,0,0,NA
"1991-2000",1991,2000,"seal_biomass","biomass","absolute",170,0.966413802370928,0.951672644422207,0.172404777185816,0.630352625187656,0.869704209667,1.01526754110098,1.234455413882,170,0.1,0,0,NA
"2001-2010",2001,2010,"seal_biomass","biomass","absolute",170,0.965528757778073,0.956565119932169,0.191508960844399,0.615196789780463,0.862895684817312,1.0253724993921,1.27088424948277,170,0.0941176470588235,0,0,NA
"1841-1850",1841,1850,"fish_biomass","biomass","absolute",170,0.997905861850577,0.9961748800768,0.00533105870886438,0.988246754506133,0.996105254181362,0.998826748788402,0.999361520929932,170,0,0,0,NA
"1851-1860",1851,1860,"fish_biomass","biomass","absolute",170,1.00209413814942,1.0038251199232,0.00533105870886438,1.00063847907007,1.0011732512116,1.00389474581864,1.01175324549387,170,0,0,0,NA
"1861-1870",1861,1870,"fish_biomass","biomass","absolute",170,1.00070398594565,1.0040459856361,0.010378255009638,0.995544659384896,0.997929287302213,1.00546820125883,1.02389053038822,170,0,0,0,NA
"1871-1880",1871,1880,"fish_biomass","biomass","absolute",170,1.00701267819463,1.01496164414104,0.0219707680903005,1.00108600413163,1.00324536085697,1.01588670542114,1.05217493699627,170,0,0,0,NA
"1881-1890",1881,1890,"fish_biomass","biomass","absolute",170,1.00475993959491,1.0148132821986,0.027026454973873,0.995570902787701,0.99992259444917,1.01739505111567,1.06387441073131,170,0,0,0,NA
"1891-1900",1891,1900,"fish_biomass","biomass","absolute",170,1.0115296062051,1.02564374090245,0.038998828694913,1.00110301677459,1.00481602799405,1.02762900659457,1.093733666614,170,0,0,0,NA
"1901-1910",1901,1910,"fish_biomass","biomass","absolute",170,1.00946763991644,1.0253652172655,0.0437234645237812,0.996305573534511,1.00174995589448,1.02916536464546,1.10470337430183,170,0,0,0,NA
"1911-1920",1911,1920,"fish_biomass","biomass","absolute",170,1.01562975488639,1.03613527312401,0.0557747932409263,1.00139865871866,1.00667818947583,1.03931664693551,1.13531692006337,170,0,0,0,NA
"1921-1930",1921,1930,"fish_biomass","biomass","absolute",170,1.01357663702555,1.03570493906491,0.0601874301112241,0.9966987964316,1.00340437378213,1.04038731900063,1.14546750917802,170,0,0,0,NA
"1931-1940",1931,1940,"fish_biomass","biomass","absolute",170,1.03238311735693,1.08822488519896,0.181338996502393,1.00521373531519,1.01567934505474,1.08257353431533,1.32369610236988,170,0,0,0,NA
"1941-1950",1941,1950,"fish_biomass","biomass","absolute",170,1.04308771083879,1.15373219482506,0.364990366801176,1.00473568124864,1.0180519273897,1.13470177989227,1.69513342313189,170,0,0,0,NA
"1951-1960",1951,1960,"fish_biomass","biomass","absolute",170,1.05474404996358,1.18311718881288,0.418868604508178,1.01119289375857,1.02537239722773,1.16286469634572,1.83607940334489,170,0,0,0,NA
"1961-1970",1961,1970,"fish_biomass","biomass","absolute",170,1.05396041099181,1.19781012199916,0.460504728136447,1.00785951637175,1.02370610982456,1.1678019660923,1.92525981328766,170,0,0,0,NA
"1971-1980",1971,1980,"fish_biomass","biomass","absolute",170,1.06256607480033,1.21708646929546,0.480829493451416,1.01297731030632,1.02997302838853,1.19282540256553,1.97580526457785,170,0,0,0,NA
"1981-1990",1981,1990,"fish_biomass","biomass","absolute",170,1.05285290111538,1.21361614531085,0.483479344484972,0.995901848717337,1.01808699744305,1.17536977402035,2.05760598961777,170,0,0,0,NA
"1991-2000",1991,2000,"fish_biomass","biomass","absolute",170,1.08123538885682,1.26393607332514,0.566365646532458,1.01883885150346,1.03911918098388,1.21710922836648,2.11623995890346,170,0,0,0,NA
"2001-2010",2001,2010,"fish_biomass","biomass","absolute",170,1.05633785573241,1.24943745441105,0.604639178802433,0.999675538936019,1.02136156894442,1.19290157561759,2.08426464737702,170,0,0,0,NA
"1841-1850",1841,1850,"krill_biomass","biomass","absolute",170,1.00144635667251,1.00252563772403,0.00930858328144263,0.993559969774929,0.999935474960612,1.00287307925968,1.01659514641237,170,0,0,0,NA
"1851-1860",1851,1860,"krill_biomass","biomass","absolute",170,0.998553643327492,0.997474362275969,0.00930858328144264,0.983404853587634,0.997126920740315,1.00006452503939,1.00644003022507,170,0,0,0,NA
"1861-1870",1861,1870,"krill_biomass","biomass","absolute",170,1.00297379862075,0.997219974562846,0.0310669491455747,0.939655628656538,0.997311929954886,1.00731988373691,1.02632776079361,170,0,0,0,NA
"1871-1880",1871,1880,"krill_biomass","biomass","absolute",170,0.995960015170803,0.989206102247206,0.0483746333096717,0.914052368694169,0.988863622317824,0.999114826473478,1.03439748534428,170,0,0,0,NA
"1881-1890",1881,1890,"krill_biomass","biomass","absolute",170,1.00016528279771,0.99069030587114,0.0711416299778996,0.875243520659803,0.990522524543256,1.006249367218,1.05511908618739,170,0.0176470588235294,0,0,NA
"1891-1900",1891,1900,"krill_biomass","biomass","absolute",170,0.99395932453984,0.984534281265545,0.0952350228136142,0.853123017379808,0.980093663174693,0.998267359988709,1.06274588019762,170,0.0235294117647059,0,0,NA
"1901-1910",1901,1910,"krill_biomass","biomass","absolute",170,0.99771027164024,0.988070415206052,0.12695210005368,0.817471725016612,0.983747014288414,1.00539050559654,1.08635817937855,170,0.0352941176470588,0,0,NA
"1911-1920",1911,1920,"krill_biomass","biomass","absolute",170,0.992330829134319,0.984439643390125,0.171070025403363,0.79741025773165,0.972794782386747,0.99778648191035,1.09008933859592,170,0.0411764705882353,0,0,NA
"1921-1930",1921,1930,"krill_biomass","biomass","absolute",170,0.996140660068311,0.991318499798013,0.231649979637179,0.764370054986812,0.975853953560258,1.00478688611794,1.11363873648267,170,0.0470588235294118,0,0,NA
"1931-1940",1931,1940,"krill_biomass","biomass","absolute",170,0.986559559945483,0.983066172966699,0.33217287446082,0.7212024741921,0.949942640760698,0.994541575886875,1.11549991330078,170,0.0647058823529412,0.00588235294117647,0,NA
"1941-1950",1941,1950,"krill_biomass","biomass","absolute",170,0.977586226703535,0.963884225912705,0.483363345220037,0.579966453245564,0.901732106077871,0.994457297087673,1.13552568813739,170,0.0882352941176471,0.0352941176470588,0,NA
"1951-1960",1951,1960,"krill_biomass","biomass","absolute",170,0.970053227477022,0.964728626325081,0.744412779820627,0.490115302166348,0.87579480337569,0.985472936863235,1.13685634304029,170,0.111764705882353,0.0411764705882353,0.0117647058823529,NA
"1961-1970",1961,1970,"krill_biomass","biomass","absolute",170,0.96818962144645,0.99595487316002,1.21580135019923,0.439909993100382,0.868147470148205,0.990741352511766,1.16196762434493,170,0.111764705882353,0.0470588235294118,0.0176470588235294,NA
"1971-1980",1971,1980,"krill_biomass","biomass","absolute",170,0.944577249040997,1.11975505094561,2.95716067084949,0.403090810903319,0.834702819340846,0.972708096417241,1.29412816218885,170,0.141176470588235,0.0529411764705882,0.0294117647058824,NA
"1981-1990",1981,1990,"krill_biomass","biomass","absolute",170,0.922156204708716,1.98066766558761,14.2097048746826,0.328180279181216,0.789703066043862,0.982368431593406,1.42837887709066,170,0.2,0.0647058823529412,0.0411764705882353,NA
"1991-2000",1991,2000,"krill_biomass","biomass","absolute",170,0.979537325890611,5.28667704594083,56.385412150801,0.350642253091994,0.875167983400945,1.01656546354604,1.61334792552002,170,0.123529411764706,0.0588235294117647,0.0411764705882353,NA
"2001-2010",2001,2010,"krill_biomass","biomass","absolute",170,0.95409965026815,5.10134368802266,54.2150630616835,0.327418468601143,0.849297752598756,0.986483812666737,1.5974965973645,170,0.147058823529412,0.0588235294117647,0.0411764705882353,NA
"1841-1850",1841,1850,"ltl_biomass","biomass","absolute",170,0.999689179855003,0.999837669057709,0.000914681750831898,0.998510548112498,0.999221737889047,1.00034040254733,1.00150051344551,170,0,0,0,NA
"1851-1860",1851,1860,"ltl_biomass","biomass","absolute",170,1.000310820145,1.00016233094229,0.000914681750831893,0.998499486554486,0.999659597452669,1.00077826211095,1.0014894518875,170,0,0,0,NA
"1861-1870",1861,1870,"ltl_biomass","biomass","absolute",170,1.00114780121432,1.00086358366329,0.00202443763981693,0.997560410937137,0.999886766309034,1.00218893353152,1.00343059485523,170,0,0,0,NA
"1871-1880",1871,1880,"ltl_biomass","biomass","absolute",170,0.999580564936948,0.99941535733883,0.00269752822977442,0.995477685068248,0.99831930982573,1.00053258501075,1.00386781252548,170,0,0,0,NA
"1881-1890",1881,1890,"ltl_biomass","biomass","absolute",170,1.00041173898209,1.00016402926198,0.00373333821071997,0.994165941770356,0.998790570110889,1.00197605730418,1.00594320304536,170,0,0,0,NA
"1891-1900",1891,1900,"ltl_biomass","biomass","absolute",170,0.999319189288374,0.998783268741689,0.00471477807712713,0.992377745855579,0.997124603091441,1.00041335053013,1.00634846934338,170,0,0,0,NA
"1901-1910",1901,1910,"ltl_biomass","biomass","absolute",170,1.00001188535687,0.999579057036005,0.00567208874785801,0.991178168222559,0.997529012014266,1.00178447274062,1.00800702621621,170,0,0,0,NA
"1911-1920",1911,1920,"ltl_biomass","biomass","absolute",170,0.998826483629441,0.998260650398231,0.00683827245581738,0.989256505922313,0.995865976104933,1.00031364882544,1.0092627116615,170,0,0,0,NA
"1921-1930",1921,1930,"ltl_biomass","biomass","absolute",170,0.999593592798413,0.999121880535032,0.00789666336097006,0.988693248334102,0.996535726819963,1.00167731194706,1.01048792288009,170,0,0,0,NA
"1931-1940",1931,1940,"ltl_biomass","biomass","absolute",170,0.997634761479792,0.995245236858632,0.0126420121880794,0.97313912572834,0.991205243909879,0.999587643857859,1.01134768959567,170,0,0,0,NA
"1941-1950",1941,1950,"ltl_biomass","biomass","absolute",170,0.9966572735652,0.990924536891975,0.0219976532982965,0.945900745268589,0.986845575609444,0.999876703573362,1.01217597572287,170,0,0,0,NA
"1951-1960",1951,1960,"ltl_biomass","biomass","absolute",170,0.995289683677529,0.988261514373332,0.0272259954520967,0.936778885610205,0.982762745550079,0.998289749273965,1.01123019301252,170,0,0,0,NA
"1961-1970",1961,1970,"ltl_biomass","biomass","absolute",170,0.995617670822257,0.988501458336077,0.0328325983819275,0.932242503569756,0.983305150056934,0.999270304665558,1.01333951422936,170,0,0,0,NA
"1971-1980",1971,1980,"ltl_biomass","biomass","absolute",170,0.99198000622024,0.988486328583933,0.0544307587136367,0.929895796735419,0.979028933666275,0.996309240334796,1.02318538133357,170,0,0,0,NA
"1981-1990",1981,1990,"ltl_biomass","biomass","absolute",170,0.991934498288795,1.00667419226832,0.218464363918434,0.925934554535789,0.980987656500416,1.00042929069566,1.04850389585796,170,0,0,0,NA
"1991-2000",1991,2000,"ltl_biomass","biomass","absolute",170,1.01560616354851,1.07895647788309,0.855910359310344,0.942577403016448,0.997562111664469,1.02701817461143,1.075558363761,170,0,0,0,NA
"2001-2010",2001,2010,"ltl_biomass","biomass","absolute",170,0.988447538374444,1.05086285639228,0.819004388358625,0.917822470466893,0.977166183745186,0.998349669287684,1.04945361112892,170,0,0,0,NA
"1841-1850",1841,1850,"apex_biomass","biomass","absolute",170,1.00270359026202,1.00385286974263,0.00352272160400838,0.999415409439107,1.00083124824248,1.00783200435101,1.0089682734938,170,0,0,0,NA
"1851-1860",1851,1860,"apex_biomass","biomass","absolute",170,0.99729640973798,0.996147130257366,0.00352272160400837,0.991031726506199,0.992167995648985,0.999168751757523,1.00058459056089,170,0,0,0,NA
"1861-1870",1861,1870,"apex_biomass","biomass","absolute",170,0.992055858246802,0.988517867360688,0.0103786788789012,0.973415903343505,0.976766535458058,0.997438197506265,1.00154827427216,170,0,0,0,NA
"1871-1880",1871,1880,"apex_biomass","biomass","absolute",170,0.98707460512253,0.981120140761173,0.0171700388968021,0.956118248252901,0.961657435712264,0.995853770856436,1.00262158468002,170,0,0,0,NA
"1881-1890",1881,1890,"apex_biomass","biomass","absolute",170,0.982212898831759,0.973779289174578,0.0237692528380876,0.939129520827093,0.946793446216771,0.994207965672648,1.00347011870103,170,0,0,0,NA
"1891-1900",1891,1900,"apex_biomass","biomass","absolute",170,0.977595955728757,0.966658265305998,0.030305446418086,0.922447601316155,0.932213912725389,0.992549983590583,1.00442080517054,170,0,0,0,NA
"1901-1910",1901,1910,"apex_biomass","biomass","absolute",170,0.97323740586412,0.959587248817896,0.0366543322128487,0.906063531742232,0.917870426297899,0.990899349973387,1.00514886302665,170,0,0,0,NA
"1911-1920",1911,1920,"apex_biomass","biomass","absolute",170,0.968841205363524,0.952728374763591,0.0429438208958567,0.889975383142092,0.903802002885261,0.989421568507774,1.0059640509708,170,0,0,0,NA
"1921-1930",1921,1930,"apex_biomass","biomass","absolute",170,0.964646968731594,0.945914222511718,0.0490514060939345,0.874174417988832,0.889961175520345,0.987905657453072,1.00648546149152,170,0,0,0,NA
"1931-1940",1931,1940,"apex_biomass","biomass","absolute",170,0.78811159798403,0.781614830413643,0.100044870636165,0.615734645971989,0.700380668075517,0.869477970356509,0.932412809398638,170,0.347058823529412,0,0,NA
"1941-1950",1941,1950,"apex_biomass","biomass","absolute",170,0.456003088355564,0.470917713353941,0.193406181765586,0.168454491656154,0.30962150342702,0.618754814414498,0.786776157241021,170,0.917647058823529,0.329411764705882,0.0823529411764706,NA
"1951-1960",1951,1960,"apex_biomass","biomass","absolute",170,0.366572565460896,0.32717800651044,0.190087396108925,0.030927225759649,0.158831920714243,0.462679228199625,0.660156109979018,170,0.994117647058824,0.641176470588235,0.311764705882353,NA
"1961-1970",1961,1970,"apex_biomass","biomass","absolute",170,0.362813033276913,0.298372482137235,0.183970230020307,0.0144649063854238,0.128176962417809,0.419442880842142,0.597227723108946,170,0.994117647058824,0.694117647058824,0.352941176470588,NA
"1971-1980",1971,1980,"apex_biomass","biomass","absolute",170,0.354411814324207,0.287905207621709,0.179752859599559,0.0113779941943054,0.119538526065121,0.406294081728056,0.575808499879189,170,0.994117647058824,0.741176470588235,0.364705882352941,NA
"1981-1990",1981,1990,"apex_biomass","biomass","absolute",170,0.276900780288511,0.247312077113408,0.160874799194568,0.00960612846324558,0.0980841601954577,0.35936314031294,0.505601100324053,170,1,0.870588235294118,0.382352941176471,NA
"1991-2000",1991,2000,"apex_biomass","biomass","absolute",170,0.282833884967746,0.251507572327444,0.162935545608056,0.00960134019099485,0.0989365275764127,0.36647234032532,0.517904108058217,170,1,0.858823529411765,0.376470588235294,NA
"2001-2010",2001,2010,"apex_biomass","biomass","absolute",170,0.286942196358255,0.255845008205483,0.16511404414433,0.0095952663756092,0.0989804758581675,0.369933359868875,0.524479639371952,170,1,0.823529411764706,0.370588235294118,NA
