"w","period","period_label","ratio_mean","ratio_median","ratio_q05","ratio_q25","ratio_q75","ratio_q95","n_valid"
3.16227766016838e-08,"pre_whaling","Pre-Whaling (1920-1929)",3.7825888107146e+52,0.997820914483959,0.985105495791001,0.994302189496915,1.00374091480847,1.04637806237143,2111
4.53623270600988e-08,"pre_whaling","Pre-Whaling (1920-1929)",2.61051436518982e+52,0.998018149416053,0.984090842804684,0.994159434954089,1.00422154586295,1.04756662817498,2111
6.50714749759769e-08,"pre_whaling","Pre-Whaling (1920-1929)",1.76228909853504e+52,0.998058953694195,0.982153058160999,0.993932954556837,1.00527382969051,1.04802329887734,2111
9.33439073780173e-08,"pre_whaling","Pre-Whaling (1920-1929)",1.16252066946417e+52,0.998020100883836,0.980031509927771,0.993579705894571,1.00589985523545,1.05027049515677,2111
1.33900223528244e-07,"pre_whaling","Pre-Whaling (1920-1929)",7.50111456928083e+51,0.997778046577231,0.977173237801622,0.993078736484372,1.00630946941014,1.05215065457,2111
1.92077558830971e-07,"pre_whaling","Pre-Whaling (1920-1929)",4.74656961799928e+51,0.997377377256319,0.973605684025326,0.992456666510441,1.0059553522351,1.05369922017423,2111
2.75531941876727e-07,"pre_whaling","Pre-Whaling (1920-1929)",4538650.15247007,0.996855801566305,0.96912419143051,0.991397269040924,1.00591600461477,1.05510327870524,2111
3.95245813495413e-07,"pre_whaling","Pre-Whaling (1920-1929)",5154595.24322752,0.996372283678568,0.965318565210247,0.990144117586392,1.00540114213232,1.05546345664813,2111
5.66973295442978e-07,"pre_whaling","Pre-Whaling (1920-1929)",5674279.93752102,0.99585407412847,0.961558441237753,0.988982029651536,1.00492764929125,1.05337578647334,2111
8.13313403379543e-07,"pre_whaling","Pre-Whaling (1920-1929)",106.929915436744,0.995181727898368,0.957760501729626,0.987791135002108,1.00426088302261,1.0553914053387,2111
1.16668403509199e-06,"pre_whaling","Pre-Whaling (1920-1929)",103.116391909726,0.994459763089695,0.954469463001428,0.986509079835253,1.00378324106907,1.05524632546357,2111
1.67358810525261e-06,"pre_whaling","Pre-Whaling (1920-1929)",97.7025270662932,0.993840429442083,0.951109512052593,0.985122174796752,1.00340488870266,1.05622931690903,2111
2.40073324207457e-06,"pre_whaling","Pre-Whaling (1920-1929)",90.9444761816411,0.99336763217818,0.948800371832532,0.983866299735097,1.00318631090026,1.05679532514845,2111
3.44381038650601e-06,"pre_whaling","Pre-Whaling (1920-1929)",83.1693365715134,0.993129106430586,0.947479547705722,0.983078406396887,1.00331947585819,1.05764936341828,2111
4.94008654120945e-06,"pre_whaling","Pre-Whaling (1920-1929)",74.764125008625,0.993064099584211,0.945954201138175,0.982332062660514,1.00365710198723,1.05762055518728,2111
7.08646885155566e-06,"pre_whaling","Pre-Whaling (1920-1929)",13.3379168584729,0.993153526987187,0.945431629218407,0.982136607924843,1.00427367965096,1.05492665289951,2111
1.01654172179288e-05,"pre_whaling","Pre-Whaling (1920-1929)",11.8147788339634,0.993473065803573,0.945220314314158,0.982154580106789,1.0048449615737,1.05415748786642,2111
1.45821154906901e-05,"pre_whaling","Pre-Whaling (1920-1929)",10.3770160409382,0.994038704275202,0.947507069179387,0.982658776356616,1.00594991664218,1.05456864891762,2111
2.0917792907584e-05,"pre_whaling","Pre-Whaling (1920-1929)",9.0779727250042,0.995126263798655,0.948779307164105,0.983575389562023,1.00682283446201,1.05550633669141,2111
3.00062127750894e-05,"pre_whaling","Pre-Whaling (1920-1929)",8.3266336561767,0.996460041036404,0.95306384290847,0.985077552817818,1.00783632242664,1.05652928661475,2111
4.30433941612213e-05,"pre_whaling","Pre-Whaling (1920-1929)",7.9858385103408,0.99808620606316,0.958172682199796,0.98747063921803,1.00911582119179,1.05868542787425,2111
6.17450057694841e-05,"pre_whaling","Pre-Whaling (1920-1929)",6.79480074169112,1.00050449992111,0.962846932937466,0.990548125919055,1.01112865067512,1.06180307612779,2111
8.85721447336123e-05,"pre_whaling","Pre-Whaling (1920-1929)",5.6966709499425,1.00289350443164,0.968284802833232,0.994231381974435,1.01308162479379,1.06653433023295,2111
0.000127055212400501,"pre_whaling","Pre-Whaling (1920-1929)",4.76023234291176,1.00514872189402,0.973541842252829,0.997959404903053,1.0156402441577,1.07036905598503,2111
0.000182258508549024,"pre_whaling","Pre-Whaling (1920-1929)",3.97194473739991,1.00775766301955,0.977900237464979,1.00112962896462,1.01768485397249,1.07495909846941,2111
0.000261446683775594,"pre_whaling","Pre-Whaling (1920-1929)",3.31649476601436,1.00996364107407,0.980215012201371,1.00367164292069,1.02204443063516,1.07788702134629,2111
0.000375040753934783,"pre_whaling","Pre-Whaling (1920-1929)",2.776997291586,1.0117467047654,0.980430937199071,1.00522811428936,1.02795621367962,1.08231067315113,2111
0.000537989486348578,"pre_whaling","Pre-Whaling (1920-1929)",2.33480308189082,1.01411786027787,0.978753634375037,1.00534178710446,1.03238073398276,1.08873567377933,2111
0.000771736629646219,"pre_whaling","Pre-Whaling (1920-1929)",1.97146383633977,1.01545252132825,0.976242872977539,1.00398094288565,1.03597814771277,1.08965806247035,2111
0.00110704287100476,"pre_whaling","Pre-Whaling (1920-1929)",1.67141709212816,1.01686090637357,0.968143346510027,1.00176352158559,1.03760740343355,1.08779864732421,2111
0.00158803388508885,"pre_whaling","Pre-Whaling (1920-1929)",1.42216597578747,1.01604407875168,0.953115921416789,0.998212850749264,1.03578223283951,1.07168782396017,2111
0.00227800719036431,"pre_whaling","Pre-Whaling (1920-1929)",1.22228717858974,1.01275544923339,0.941669837259975,0.992809434873695,1.02703596798411,1.05866100735659,2111
0.00326776198422312,"pre_whaling","Pre-Whaling (1920-1929)",1.07233798792726,1.00476482970706,0.940401839511426,0.98835739371118,1.0125019661164,1.04091430489561,2111
0.0046875481476536,"pre_whaling","Pre-Whaling (1920-1929)",1.00158995115616,0.997010086137907,0.974889877110215,0.988597007719397,1.00601372745507,1.03187033685185,2111
0.00672420688613729,"pre_whaling","Pre-Whaling (1920-1929)",0.996591057028643,0.993538250049281,0.967259985634291,0.984986019949382,1.00323905001505,1.02491510791052,2111
0.00964575868307804,"pre_whaling","Pre-Whaling (1920-1929)",0.992462258128885,0.991280193444359,0.957953664803786,0.981889898045135,1.00102910167685,1.02000733665717,2111
0.0138366742944791,"pre_whaling","Pre-Whaling (1920-1929)",0.988870393406768,0.989290279387295,0.95011829038144,0.979732112079887,0.999462354796185,1.01640436303619,2111
0.0198484703818451,"pre_whaling","Pre-Whaling (1920-1929)",0.984398455243724,0.986771289294343,0.940538152485983,0.977038714084439,0.997366934034912,1.01315832544563,2111
0.0284722880740333,"pre_whaling","Pre-Whaling (1920-1929)",0.981262658183634,0.984958710241313,0.931709314432412,0.975318512634094,0.995849182633303,1.01234858171898,2111
0.0408430056611436,"pre_whaling","Pre-Whaling (1920-1929)",0.97948275067084,0.984401396237303,0.926992747961428,0.974116406721208,0.995126585823876,1.01194991892304,2111
0.0585885864563713,"pre_whaling","Pre-Whaling (1920-1929)",0.979268268739969,0.984956239429537,0.924717752197123,0.973707738809204,0.995845009408798,1.01119036090294,2111
0.0840443157253079,"pre_whaling","Pre-Whaling (1920-1929)",0.980904015134053,0.986981737557776,0.925928592581902,0.974647973539033,0.998098179427611,1.01303529121216,2111
0.12056011986217,"pre_whaling","Pre-Whaling (1920-1929)",0.984713359172785,0.990755667256282,0.934440989021053,0.976795362495917,1.00121488250484,1.01714482941211,2111
0.172941410442158,"pre_whaling","Pre-Whaling (1920-1929)",0.991207026347996,0.996457045204422,0.946217695089096,0.981894757059382,1.00664774648071,1.02396199119299,2111
0.248081467403285,"pre_whaling","Pre-Whaling (1920-1929)",1.00154479657952,1.00496078212135,0.967699753369246,0.991736733753492,1.01461681341361,1.03320989490538,2111
0.355868581802455,"pre_whaling","Pre-Whaling (1920-1929)",1.01871866287032,1.01774375842124,0.991487746501275,1.0049305804409,1.02764061619362,1.06891872499467,2111
0.510487336437021,"pre_whaling","Pre-Whaling (1920-1929)",1.04034595090514,1.03378446426946,1.01197534752906,1.02358687570513,1.04875447668351,1.1219995931349,2111
0.732285270429473,"pre_whaling","Pre-Whaling (1920-1929)",1.06284612163347,1.04012656499923,1.01261415249633,1.02823979355939,1.0671032209046,1.20926275199451,2111
1.05045057734576,"pre_whaling","Pre-Whaling (1920-1929)",1.09748388511229,1.04540005598997,1.00256677134046,1.02643313128625,1.09752230806619,1.34962758743605,2111
1.50685321691489,"pre_whaling","Pre-Whaling (1920-1929)",1.32482806617519,1.01681268807089,0.960646021959841,1.00025522813249,1.07101567689048,1.9574622927692,2111
2.16155492347296,"pre_whaling","Pre-Whaling (1920-1929)",1.33338366170002,1.02502284165408,0.900904657537233,1.00472092690341,1.08833418987413,2.02516058244994,2111
3.10071321794452,"pre_whaling","Pre-Whaling (1920-1929)",1.34707998094065,1.0356341251519,0.817731508344343,1.01166254533091,1.11773587833526,2.08116572082945,2111
4.44791957656499,"pre_whaling","Pre-Whaling (1920-1929)",1.34234248150578,1.05352221155612,0.709222899794665,1.02357002318191,1.16460435415308,2.26349919123478,2111
6.38046383815689,"pre_whaling","Pre-Whaling (1920-1929)",1.00967158253587,1.01065090489311,0.938380201241091,1.00183023689748,1.02514872379178,1.08978571034196,2111
9.15266521555844,"pre_whaling","Pre-Whaling (1920-1929)",1.01396591665496,1.0156377631978,0.920101980068705,1.00477303809901,1.03351975734602,1.11335029997806,2111
13.1293402287023,"pre_whaling","Pre-Whaling (1920-1929)",1.0194596640915,1.02210773437039,0.8880632142544,1.00887187514067,1.04376722706764,1.14764382975338,2111
18.8338118767848,"pre_whaling","Pre-Whaling (1920-1929)",1.02638702494172,1.03011450460738,0.817400678056664,1.01412465148022,1.05587235064168,1.20045120373865,2111
27.0167779668531,"pre_whaling","Pre-Whaling (1920-1929)",0.864034508538927,0.928135340257544,0.45313594481214,0.818290157889126,0.984734855629651,1.02104491090732,2111
38.7551015421336,"pre_whaling","Pre-Whaling (1920-1929)",1.05195260053501,1.04118587764676,0.969859787007638,1.0253091039543,1.06848257329567,1.19864057900218,2111
55.5935240458296,"pre_whaling","Pre-Whaling (1920-1929)",1.03869973624837,1.03814102492378,0.919870518199046,1.02334535019328,1.06175104074931,1.15544238202073,2111
79.747950407875,"pre_whaling","Pre-Whaling (1920-1929)",1.01946518926409,1.03278312897605,0.847034793304891,1.02016540633398,1.04805191127436,1.1166003472653,2111
114.397057992117,"pre_whaling","Pre-Whaling (1920-1929)",0.992430384253947,1.02485976403088,0.74550121244833,1.00687747525399,1.03418704091427,1.06165578231265,2111
164.100604596346,"pre_whaling","Pre-Whaling (1920-1929)",0.953756076800362,1.01064169452384,0.62460420067884,0.957991508725695,1.02121367639019,1.0363653538698,2111
235.399484056154,"pre_whaling","Pre-Whaling (1920-1929)",0.886156209413262,0.965195168736737,0.453339460748369,0.848130801724867,0.998085190417105,1.02633209736655,2111
337.676495648558,"pre_whaling","Pre-Whaling (1920-1929)",0.88737731041556,0.961578029325972,0.480258338092168,0.850608915053772,0.995691298756571,1.0199140288556,2111
484.391102940098,"pre_whaling","Pre-Whaling (1920-1929)",0.859348230044894,0.936961642989984,0.417184032923024,0.8042437474309,0.984435031742076,1.01308944100671,2111
694.850674036028,"pre_whaling","Pre-Whaling (1920-1929)",0.84464662086916,0.909284802201854,0.42482199254928,0.793474263388217,0.968188820322466,1.0044909008863,2111
996.751295136877,"pre_whaling","Pre-Whaling (1920-1929)",0.952716106968275,0.996464052762118,0.688381926767522,0.958335932542627,1.00667839368855,1.02818643017358,2111
1429.82252371756,"pre_whaling","Pre-Whaling (1920-1929)",0.935911631671227,0.979526018210677,0.678638457171077,0.939828041711959,0.993354275249322,1.01034879300469,2111
2051.05572403526,"pre_whaling","Pre-Whaling (1920-1929)",0.922661076511322,0.969819111925579,0.672744201726198,0.924710136244012,0.983320256276648,0.996666171914437,2111
2942.20402414699,"pre_whaling","Pre-Whaling (1920-1929)",0.914916914239114,0.969700070005156,0.613616392713227,0.909290395298331,0.991559397945444,1.00549651020717,2111
4220.54087476266,"pre_whaling","Pre-Whaling (1920-1929)",0.987797262365041,0.997088573799455,0.931891281227653,0.985454825232398,1.00131262868453,1.00839642555745,2111
6054.29301617067,"pre_whaling","Pre-Whaling (1920-1929)",1.01171412787965,1.00759767151049,0.989608933794472,1.00189620026748,1.01712779520178,1.05101201276829,2111
8684.77880283868,"pre_whaling","Pre-Whaling (1920-1929)",0.939720219592431,0.980060480997042,0.715841869263742,0.925931067826436,0.995567067186496,1.00871568915175,2111
12458.1652478298,"pre_whaling","Pre-Whaling (1920-1929)",0.941772613834964,0.979444722357943,0.733540059732652,0.92915301898605,0.994481392183745,1.00668465968657,2111
17871.0229547244,"pre_whaling","Pre-Whaling (1920-1929)",0.940566701445969,0.976977967571523,0.732332310465219,0.929383935067132,0.993235703856252,1.00399426114344,2111
25635.6738809449,"pre_whaling","Pre-Whaling (1920-1929)",0.899904616054322,0.953473094513551,0.582402620875043,0.879689057286716,0.982440091521537,1.00075860564511,2111
36773.9315760001,"pre_whaling","Pre-Whaling (1920-1929)",0.877575850120202,0.935446278784902,0.442677199620733,0.829068283034056,0.970725277971113,1.00902431947219,2111
52751.5699347979,"pre_whaling","Pre-Whaling (1920-1929)",0.871971472993105,0.927378602219049,0.431456558056753,0.821735201991509,0.965757810962133,1.02107279792471,2111
75671.2163026369,"pre_whaling","Pre-Whaling (1920-1929)",0.86795134780761,0.924764928913431,0.421402520758187,0.816432553778764,0.965227444250094,1.03455092450064,2111
108549.05330397,"pre_whaling","Pre-Whaling (1920-1929)",0.867628708713563,0.933246724386276,0.412833902735062,0.817644306050242,0.974106100794282,1.02622258228708,2111
155711.742838438,"pre_whaling","Pre-Whaling (1920-1929)",0.840017182885153,0.921012284653204,0.308177647175743,0.772656980684807,0.979492810638804,1.01865427787416,2111
223365.806700198,"pre_whaling","Pre-Whaling (1920-1929)",0.827536166933004,0.899474579739797,0.288383751601874,0.729862859067684,0.973639559294983,1.02446345902875,2111
320414.393245838,"pre_whaling","Pre-Whaling (1920-1929)",1.13982772020344,1.00099781845154,0.966812245172338,0.994472210713248,1.00713970309566,1.02864579110304,2111
459628.91507784,"pre_whaling","Pre-Whaling (1920-1929)",1.12691612601339,0.978464264981168,0.835531516174624,0.938843141429349,1.00583566324863,1.05937351751052,2111
659329.743072884,"pre_whaling","Pre-Whaling (1920-1929)",1.21673980847858,1.00575396155696,0.980499334459738,0.998854079312239,1.01568870830398,1.06829140609931,2111
945797.132947857,"pre_whaling","Pre-Whaling (1920-1929)",1.45285483744195,1.0051401210085,0.965471415088798,0.994543623388261,1.01909764517935,1.07629655825685,2111
1356729.65779355,"pre_whaling","Pre-Whaling (1920-1929)",4.0684322718828,1.00659546324362,0.799769209411393,0.942532731572473,1.06992958616472,1.19312287604115,2111
1946205.26983358,"pre_whaling","Pre-Whaling (1920-1929)",1.06919857232419,1.01588931094881,0.935466703818419,0.996696749972585,1.04109746779819,1.10004085460096,2111
2791797.85786357,"pre_whaling","Pre-Whaling (1920-1929)",1.14777066291571,1.01687361277187,0.750225078293251,0.922703400740789,1.14398229153583,1.66954810965061,2111
4004785.82602855,"pre_whaling","Pre-Whaling (1920-1929)",1.09817383182134,1.06923548905527,0.935881259429956,1.01218744882971,1.16423272910449,1.30931069779943,2111
5744796.12382558,"pre_whaling","Pre-Whaling (1920-1929)",1.09539122363174,1.0668735965796,0.88348821161399,1.00600156281465,1.17276309403925,1.32411905490847,2111
8240810.85430961,"pre_whaling","Pre-Whaling (1920-1929)",81.9290196223315,3.8004820850883,0.949793076810368,1.89214119129176,8.1939932972108,543.852739784275,2111
11821300.8908807,"pre_whaling","Pre-Whaling (1920-1929)",1.4702757918318,1.21513914206089,0.990609177598554,1.07332588312309,1.5954655980046,2.73881704879193,2111
16957452.0303007,"pre_whaling","Pre-Whaling (1920-1929)",1.21042385569946,1.15149129747767,0.988510970065932,1.02946198588492,1.31767147730525,1.55126737721294,2111
24325172.1628858,"pre_whaling","Pre-Whaling (1920-1929)",1.21854274319511,1.1578119177819,0.987560321568592,1.0298580840908,1.33984537496693,1.58602129418014,2111
34894039.487579,"pre_whaling","Pre-Whaling (1920-1929)",1.46069191989457,1.31419812146822,0.994929776832079,1.05028259473574,1.75196341256567,2.31719585117921,2111
50054897.1907571,"pre_whaling","Pre-Whaling (1920-1929)",149.785020136863,36.0586250718853,1.3087539091411,7.22683592891942,67.7326661949029,491.422041947841,2111
71802885.8100286,"pre_whaling","Pre-Whaling (1920-1929)",1.00650027875236,0.998553972743778,0.959681140269253,0.987207179544148,1.00771044075644,1.04973733514013,2111
103000000.000001,"pre_whaling","Pre-Whaling (1920-1929)",30.1706984104908,1.85690666381824,1.08980036100073,1.27543034755592,5.33679704277695,85.4861889128939,2111
3.16227766016838e-08,"pre_krill","Pre-Krill Fishing (1964-1973)",3.20303229511523e+38,0.999166499730196,0.993177219823731,0.995971306765095,1.00947656606495,1.05338498594683,2111
4.53623270600988e-08,"pre_krill","Pre-Krill Fishing (1964-1973)",2.34775051056457e+38,0.999203297634321,0.992841472866561,0.995864888884131,1.0103735583695,1.05520402814524,2111
6.50714749759769e-08,"pre_krill","Pre-Krill Fishing (1964-1973)",1.5737059776745e+38,0.999255210023854,0.992460370156502,0.995565806403247,1.01066470391108,1.05866800577037,2111
9.33439073780173e-08,"pre_krill","Pre-Krill Fishing (1964-1973)",9.689336875064e+37,0.999216455796481,0.99205946404479,0.995237191970989,1.01131436003388,1.06245718950819,2111
1.33900223528244e-07,"pre_krill","Pre-Krill Fishing (1964-1973)",5.55822186921017e+37,0.998878980080207,0.991572330550231,0.99467219995843,1.01153011755025,1.06491214458658,2111
1.92077558830971e-07,"pre_krill","Pre-Krill Fishing (1964-1973)",3.02636353669052e+37,0.998594887354523,0.99065803753075,0.993961440379884,1.01181850279647,1.0645732353453,2111
2.75531941876727e-07,"pre_krill","Pre-Krill Fishing (1964-1973)",214.90088954733,0.998359951405737,0.989581055229599,0.993157761602051,1.01127823679535,1.06746584909926,2111
3.95245813495413e-07,"pre_krill","Pre-Krill Fishing (1964-1973)",239.007358865044,0.998032978939915,0.988315881560562,0.992078193423197,1.01018642380065,1.06959808892653,2111
5.66973295442978e-07,"pre_krill","Pre-Krill Fishing (1964-1973)",260.577088413752,0.99740679647347,0.986876578221003,0.990978846597825,1.00918825348876,1.07160962043829,2111
8.13313403379543e-07,"pre_krill","Pre-Krill Fishing (1964-1973)",25.2771075119288,0.997003447747682,0.98470426177879,0.989849343282242,1.00820775053361,1.06821567665198,2111
1.16668403509199e-06,"pre_krill","Pre-Krill Fishing (1964-1973)",25.9269626128019,0.996661811645055,0.98259262721255,0.988757466425157,1.00757964846618,1.06821747791097,2111
1.67358810525261e-06,"pre_krill","Pre-Krill Fishing (1964-1973)",25.9323090609946,0.996322388418671,0.98018016697858,0.98701952673167,1.00676319824853,1.06655943094822,2111
2.40073324207457e-06,"pre_krill","Pre-Krill Fishing (1964-1973)",25.2742831546424,0.996072040806965,0.977828838628244,0.985549855147405,1.0056450547181,1.06617680766918,2111
3.44381038650601e-06,"pre_krill","Pre-Krill Fishing (1964-1973)",24.0040438621372,0.995836061419881,0.97542506733169,0.984077603385015,1.0053187490769,1.06510944237343,2111
4.94008654120945e-06,"pre_krill","Pre-Krill Fishing (1964-1973)",22.2422299065672,0.995980636042742,0.973511369112566,0.9829991224511,1.00472628885172,1.06310556435987,2111
7.08646885155566e-06,"pre_krill","Pre-Krill Fishing (1964-1973)",5.90488212050354,0.996307065691795,0.972241906325294,0.982110772438009,1.00497657687472,1.06011977566207,2111
1.01654172179288e-05,"pre_krill","Pre-Krill Fishing (1964-1973)",5.40023336143387,0.996323851532073,0.971485510989208,0.981395635836156,1.00531872050849,1.05923483307286,2111
1.45821154906901e-05,"pre_krill","Pre-Krill Fishing (1964-1973)",4.87812202496417,0.996462035940928,0.971362983072232,0.981534212267725,1.00626165202502,1.05870683730223,2111
2.0917792907584e-05,"pre_krill","Pre-Krill Fishing (1964-1973)",4.38429731789441,0.9970301847072,0.971961448331017,0.981990051130434,1.0075719724287,1.05849975902366,2111
3.00062127750894e-05,"pre_krill","Pre-Krill Fishing (1964-1973)",4.10479976363235,0.997626823977334,0.974077236515387,0.98292885113541,1.00893195068321,1.05887885122577,2111
4.30433941612213e-05,"pre_krill","Pre-Krill Fishing (1964-1973)",4.00413078800998,0.998828233475777,0.977017722060532,0.985183123246313,1.0106307565797,1.05904967794483,2111
6.17450057694841e-05,"pre_krill","Pre-Krill Fishing (1964-1973)",3.55778721886299,1.00110587777792,0.981478102605787,0.988287417526238,1.01257236662653,1.06000643549419,2111
8.85721447336123e-05,"pre_krill","Pre-Krill Fishing (1964-1973)",3.15076459473403,1.00320742020399,0.985865615970176,0.992376473777433,1.01541525389123,1.06470595353853,2111
0.000127055212400501,"pre_krill","Pre-Krill Fishing (1964-1973)",2.80631930835231,1.00593310811351,0.990119564502521,0.997461827431235,1.0205413309034,1.06868174243348,2111
0.000182258508549024,"pre_krill","Pre-Krill Fishing (1964-1973)",2.51237969660297,1.00901189737676,0.994712524054247,1.00155818765271,1.0272615303924,1.07420673598485,2111
0.000261446683775594,"pre_krill","Pre-Krill Fishing (1964-1973)",2.25728716100148,1.01194608163824,0.997877204737559,1.00482544541898,1.03332863171825,1.08078332200622,2111
0.000375040753934783,"pre_krill","Pre-Krill Fishing (1964-1973)",2.03129197349985,1.01656801777856,1.00038514314344,1.00656255574033,1.03785590409178,1.08435519019924,2111
0.000537989486348578,"pre_krill","Pre-Krill Fishing (1964-1973)",1.82694330119246,1.02082107492185,1.00159985521705,1.00673246848481,1.04138305290441,1.08618200002526,2111
0.000771736629646219,"pre_krill","Pre-Krill Fishing (1964-1973)",1.63953256022733,1.02342655059675,1.00028555915737,1.00674192962208,1.04347969405314,1.08697304232031,2111
0.00110704287100476,"pre_krill","Pre-Krill Fishing (1964-1973)",1.46725322775917,1.0238879827339,0.996091934144975,1.00669816299051,1.04343309733841,1.08086932028366,2111
0.00158803388508885,"pre_krill","Pre-Krill Fishing (1964-1973)",1.30952605652134,1.02260854605716,0.989218803473277,1.00609148944837,1.04091850565987,1.06722784473854,2111
0.00227800719036431,"pre_krill","Pre-Krill Fishing (1964-1973)",1.17229566258047,1.01811373760582,0.978808848290344,1.00271736396139,1.03106828269432,1.0535982234236,2111
0.00326776198422312,"pre_krill","Pre-Krill Fishing (1964-1973)",1.06020039229366,1.0065459899945,0.967127656582563,0.998185153104635,1.01481495713349,1.03828786105623,2111
0.0046875481476536,"pre_krill","Pre-Krill Fishing (1964-1973)",0.999282286733715,0.996734412470405,0.977523463037945,0.988152036022489,1.00719001486164,1.02280080937673,2111
0.00672420688613729,"pre_krill","Pre-Krill Fishing (1964-1973)",0.995500039858183,0.993819662564886,0.973018581976001,0.984237210640011,1.00446369639505,1.01935494426371,2111
0.00964575868307804,"pre_krill","Pre-Krill Fishing (1964-1973)",0.992375066985644,0.991473885593077,0.969735181123279,0.980279934158426,1.0023135538397,1.01669356580679,2111
0.0138366742944791,"pre_krill","Pre-Krill Fishing (1964-1973)",0.989639529524786,0.988777470274662,0.966732011997921,0.976885918118862,1.00026533412191,1.01321916676972,2111
0.0198484703818451,"pre_krill","Pre-Krill Fishing (1964-1973)",0.98584078924233,0.985269316858774,0.962724506166403,0.972769812031767,0.997309357678927,1.00957081499548,2111
0.0284722880740333,"pre_krill","Pre-Krill Fishing (1964-1973)",0.982892152493058,0.982384563873532,0.960385140076279,0.969613615644974,0.994638785908373,1.00687427635302,2111
0.0408430056611436,"pre_krill","Pre-Krill Fishing (1964-1973)",0.981068544080414,0.980409805878397,0.959795959006079,0.968127327969078,0.992927856965717,1.0068549142593,2111
0.0585885864563713,"pre_krill","Pre-Krill Fishing (1964-1973)",0.980672756526499,0.980202608801349,0.960659838622358,0.968501201422665,0.992065776778979,1.00716211809076,2111
0.0840443157253079,"pre_krill","Pre-Krill Fishing (1964-1973)",0.981974517168528,0.981809357431322,0.960963368031806,0.970963031205609,0.992865360284407,1.00759247733873,2111
0.12056011986217,"pre_krill","Pre-Krill Fishing (1964-1973)",0.985153328498232,0.984939419198557,0.961733453204381,0.975840446701847,0.996200480115924,1.01200895257687,2111
0.172941410442158,"pre_krill","Pre-Krill Fishing (1964-1973)",0.990342814910372,0.991129304079936,0.963172011528675,0.980817773135841,1.00129103538507,1.01871702921683,2111
0.248081467403285,"pre_krill","Pre-Krill Fishing (1964-1973)",0.997819895803959,1.00122988763742,0.966206597466893,0.987518293144813,1.00956445275546,1.0287730092948,2111
0.355868581802455,"pre_krill","Pre-Krill Fishing (1964-1973)",1.00842179981712,1.01200817774042,0.975909264024949,0.996318478283907,1.01941533048311,1.04276234629438,2111
0.510487336437021,"pre_krill","Pre-Krill Fishing (1964-1973)",1.02989521254188,1.02954496538411,1.00979131355813,1.01915905405535,1.04105430969853,1.06749176582506,2111
0.732285270429473,"pre_krill","Pre-Krill Fishing (1964-1973)",1.03148759057022,1.03178218179709,1.00974754260294,1.02176997329315,1.04311748458475,1.07247666844915,2111
1.05045057734576,"pre_krill","Pre-Krill Fishing (1964-1973)",1.02662995668125,1.02595962718878,0.999511657941252,1.0153169844769,1.03824847136838,1.08176775879674,2111
1.50685321691489,"pre_krill","Pre-Krill Fishing (1964-1973)",1.06502960003948,0.998974472329146,0.953304498063004,0.987253047376903,1.01255220121721,1.31879027513977,2111
2.16155492347296,"pre_krill","Pre-Krill Fishing (1964-1973)",1.06380095012163,1.00402308970857,0.903630585095431,0.990939352488131,1.02125644831486,1.32569182560226,2111
3.10071321794452,"pre_krill","Pre-Krill Fishing (1964-1973)",1.06189225772989,1.01168728756498,0.849875237801939,0.99676996530664,1.0324447663462,1.32757953906757,2111
4.44791957656499,"pre_krill","Pre-Krill Fishing (1964-1973)",1.05287592128616,1.02441350710022,0.755063294239795,1.00702621765201,1.0458867354153,1.31511773031643,2111
6.38046383815689,"pre_krill","Pre-Krill Fishing (1964-1973)",0.98866452043186,0.996513863106293,0.946866229267995,0.990971065606787,1.00255256868108,1.01676861675286,2111
9.15266521555844,"pre_krill","Pre-Krill Fishing (1964-1973)",0.989612244599791,1.00023915733357,0.930393282405868,0.994252020420717,1.00790468994822,1.02428552437391,2111
13.1293402287023,"pre_krill","Pre-Krill Fishing (1964-1973)",0.991373364118554,1.00601321317697,0.905802740081528,0.998869855566685,1.01604918775755,1.0327318449632,2111
18.8338118767848,"pre_krill","Pre-Krill Fishing (1964-1973)",0.992283930673524,1.01534815542714,0.855582988165081,1.00429706095087,1.02720822290119,1.04126726444405,2111
27.0167779668531,"pre_krill","Pre-Krill Fishing (1964-1973)",0.983833442710987,1.02051926797771,0.740416726015463,1.00818544629425,1.0318653932778,1.043554380927,2111
38.7551015421336,"pre_krill","Pre-Krill Fishing (1964-1973)",1.0188288265078,1.01781501817687,0.999972365446527,1.01063646055323,1.02900174775172,1.04954087496649,2111
55.5935240458296,"pre_krill","Pre-Krill Fishing (1964-1973)",1.02133339983436,1.02203605418201,0.999455849289663,1.01500583766596,1.03251958186275,1.05020261762983,2111
79.747950407875,"pre_krill","Pre-Krill Fishing (1964-1973)",1.02238543809735,1.02677693274156,0.997885336672785,1.01904731546249,1.03442084080638,1.04766722988176,2111
114.397057992117,"pre_krill","Pre-Krill Fishing (1964-1973)",1.02520934668309,1.03037725163223,0.999838194883523,1.02202245328203,1.0385179859068,1.05218886332285,2111
164.100604596346,"pre_krill","Pre-Krill Fishing (1964-1973)",1.02569770908349,1.03128803645096,0.997821183448447,1.02149883022635,1.04137319891006,1.05584637398881,2111
235.399484056154,"pre_krill","Pre-Krill Fishing (1964-1973)",1.01548122649961,1.02370472915931,0.966418779532833,1.01085753104204,1.03624834236896,1.05463321029559,2111
337.676495648558,"pre_krill","Pre-Krill Fishing (1964-1973)",1.01565808207231,1.0235990430031,0.970521702151409,1.00952905668296,1.03503067343418,1.0538013402423,2111
484.391102940098,"pre_krill","Pre-Krill Fishing (1964-1973)",1.00898435817157,1.01893768057866,0.950509297889231,1.00236033988492,1.03212452332966,1.0491986483428,2111
694.850674036028,"pre_krill","Pre-Krill Fishing (1964-1973)",0.995754642978083,1.00867834720599,0.930798931199657,0.990085162426933,1.02040702815629,1.03705937793588,2111
996.751295136877,"pre_krill","Pre-Krill Fishing (1964-1973)",1.01209676363696,1.01905678314444,0.979204082926123,1.01094799343152,1.0255547817012,1.03946155704319,2111
1429.82252371756,"pre_krill","Pre-Krill Fishing (1964-1973)",0.989515347244354,0.997120529491967,0.952462728541466,0.988326490848652,1.00465634886524,1.01721774452154,2111
2051.05572403526,"pre_krill","Pre-Krill Fishing (1964-1973)",0.973856879818461,0.982731626462923,0.931316262633131,0.973948632933333,0.990281830970089,1.00122878291642,2111
2942.20402414699,"pre_krill","Pre-Krill Fishing (1964-1973)",0.983167113552811,0.995249043832805,0.917309099883091,0.984027523415692,1.00065143351649,1.01522020834071,2111
4220.54087476266,"pre_krill","Pre-Krill Fishing (1964-1973)",1.00383855552758,1.00519447463123,0.995166273719926,1.00246776063942,1.00772617925077,1.01318764214969,2111
6054.29301617067,"pre_krill","Pre-Krill Fishing (1964-1973)",1.01288301811276,1.0119884703517,0.999396214172483,1.00555460043143,1.01724959445172,1.03641957185314,2111
8684.77880283868,"pre_krill","Pre-Krill Fishing (1964-1973)",1.00368130516253,1.01026768706505,0.968961171396857,1.00078308265294,1.01776830454332,1.02781558162566,2111
12458.1652478298,"pre_krill","Pre-Krill Fishing (1964-1973)",1.00284739964615,1.00915799111328,0.969258722409577,1.00009052676673,1.01651390912322,1.02777025643152,2111
17871.0229547244,"pre_krill","Pre-Krill Fishing (1964-1973)",1.00298865602544,1.0073816035332,0.966451104590341,0.998071514901963,1.01543776378959,1.03707309348434,2111
25635.6738809449,"pre_krill","Pre-Krill Fishing (1964-1973)",1.01366759530937,1.00515331216639,0.92685428654303,0.989863478514884,1.02812927633569,1.15261336805203,2111
36773.9315760001,"pre_krill","Pre-Krill Fishing (1964-1973)",0.992027006131661,0.992127939585576,0.91341849967274,0.977172323899204,1.00586299214291,1.04353032188713,2111
52751.5699347979,"pre_krill","Pre-Krill Fishing (1964-1973)",0.989911358208496,0.985281640019752,0.898618242007341,0.969178921618784,1.00409064658744,1.06154710461429,2111
75671.2163026369,"pre_krill","Pre-Krill Fishing (1964-1973)",0.991506135737178,0.985047782874859,0.893540947597687,0.966173658167392,1.00738686012311,1.08844298903511,2111
108549.05330397,"pre_krill","Pre-Krill Fishing (1964-1973)",1.00329923528214,0.99757850029185,0.898406952554714,0.978599792799851,1.01968781016916,1.11760856241899,2111
155711.742838438,"pre_krill","Pre-Krill Fishing (1964-1973)",0.95985084978325,0.986041903534848,0.763926928765087,0.936388882709458,1.00329507038243,1.03123792510214,2111
223365.806700198,"pre_krill","Pre-Krill Fishing (1964-1973)",0.907549060078181,0.951635764452553,0.551701511784231,0.863463220201084,0.988664783956361,1.01742705488769,2111
320414.393245838,"pre_krill","Pre-Krill Fishing (1964-1973)",1.07457254453451,0.997813992743226,0.968952130595723,0.992118084092068,1.00162717166236,1.00981030346676,2111
459628.91507784,"pre_krill","Pre-Krill Fishing (1964-1973)",1.05593930084945,0.984338154529452,0.876706595432381,0.953637065176878,1.00210339237067,1.0421356095115,2111
659329.743072884,"pre_krill","Pre-Krill Fishing (1964-1973)",1.10098581518541,1.00073107329173,0.980058491850514,0.995277686150867,1.00501453855049,1.01529826163023,2111
945797.132947857,"pre_krill","Pre-Krill Fishing (1964-1973)",1.16759608633212,0.999822093371111,0.963458409826428,0.990583414327694,1.00557708830563,1.02081178245207,2111
1356729.65779355,"pre_krill","Pre-Krill Fishing (1964-1973)",1.55807810211153,0.999512143577807,0.843023000696106,0.951773283563767,1.03209715193757,1.09787759345781,2111
1946205.26983358,"pre_krill","Pre-Krill Fishing (1964-1973)",1.0125280568313,1.00726267884436,0.937186326972939,0.992447006503778,1.02556084042321,1.06286780474963,2111
2791797.85786357,"pre_krill","Pre-Krill Fishing (1964-1973)",1.01933900878006,1.00117590694498,0.790971169778803,0.938646805580016,1.07022650625642,1.26629659240669,2111
4004785.82602855,"pre_krill","Pre-Krill Fishing (1964-1973)",1.09250604666052,1.06551759390647,0.947684847952235,1.00850901798624,1.15830640162107,1.32950835115607,2111
5744796.12382558,"pre_krill","Pre-Krill Fishing (1964-1973)",1.08824181211259,1.06764152554959,0.900100042472951,1.00357574483356,1.17267600874278,1.31051368680111,2111
8240810.85430961,"pre_krill","Pre-Krill Fishing (1964-1973)",63.1432062064117,3.44775213273015,0.979108743324935,1.80017938731668,7.22558926579429,394.11559915047,2111
11821300.8908807,"pre_krill","Pre-Krill Fishing (1964-1973)",1.46241747019522,1.20007025745855,1.00196155830622,1.07379203274623,1.57027966539861,2.7392796361274,2111
16957452.0303007,"pre_krill","Pre-Krill Fishing (1964-1973)",0.984054745468869,0.984861585745336,0.874664089982266,0.939566595293827,1.00857610622314,1.09414281756235,2111
24325172.1628858,"pre_krill","Pre-Krill Fishing (1964-1973)",1.01255769696111,1.00230137984216,0.897320375968223,0.96777674597959,1.03269804610474,1.15417248854407,2111
34894039.487579,"pre_krill","Pre-Krill Fishing (1964-1973)",0.9484481719259,0.938023373060605,0.828664576172044,0.897577552267042,0.990389220204624,1.09304207574955,2111
50054897.1907571,"pre_krill","Pre-Krill Fishing (1964-1973)",0.822528795746232,0.711049494642945,0.48565854568713,0.558069386777168,1.0259433808782,1.45293115263986,2111
71802885.8100286,"pre_krill","Pre-Krill Fishing (1964-1973)",0.966022790174434,0.982336424860002,0.814205116539897,0.963478497517205,0.992904033747901,1.0077828960913,2111
103000000.000001,"pre_krill","Pre-Krill Fishing (1964-1973)",0.940350275941414,1.03467193117496,0.209875212712285,0.996134144101019,1.0450520590391,1.0560406903108,2111
3.16227766016838e-08,"peak_krill","Peak Krill Fishing (1974-1984)",4.20995926016393e+32,1.00387464003436,0.999991960872423,1.00113691301854,1.01318960178751,1.0521595985795,2111
4.53623270600988e-08,"peak_krill","Peak Krill Fishing (1974-1984)",4.69174705053848e+32,1.00420542966704,0.999870591572182,1.00127250553088,1.01339327602137,1.05577420569694,2111
6.50714749759769e-08,"peak_krill","Peak Krill Fishing (1974-1984)",5.37163335786512e+32,1.0045490866139,0.999741934074296,1.00140560735908,1.0135286474483,1.05680064489708,2111
9.33439073780173e-08,"peak_krill","Peak Krill Fishing (1974-1984)",6.32025142204688e+32,1.0048477305581,0.999605389787173,1.00153488549895,1.0139128937016,1.05790763359035,2111
1.33900223528244e-07,"peak_krill","Peak Krill Fishing (1974-1984)",7.63465069186806e+32,1.00483242531786,0.999448957949289,1.00146636958245,1.01404557507483,1.05887906647248,2111
1.92077558830971e-07,"peak_krill","Peak Krill Fishing (1974-1984)",9.44667483882392e+32,1.00474373208914,0.9992634998476,1.00126524964446,1.01446104528967,1.06170167124662,2111
2.75531941876727e-07,"peak_krill","Peak Krill Fishing (1974-1984)",143.132944805472,1.00461074353101,0.99899975972586,1.00105934249133,1.01508993066698,1.06525705913142,2111
3.95245813495413e-07,"peak_krill","Peak Krill Fishing (1974-1984)",157.010544173547,1.00440918478188,0.998483964524897,1.00062683644343,1.01545478444275,1.07298429344724,2111
5.66973295442978e-07,"peak_krill","Peak Krill Fishing (1974-1984)",168.798057171005,1.00419937801048,0.997675204019603,1.00023543388954,1.01579175063575,1.07630530145755,2111
8.13313403379543e-07,"peak_krill","Peak Krill Fishing (1974-1984)",17.808712786042,1.00392118276116,0.996614013189861,0.999712518488683,1.01573969652446,1.07868941401466,2111
1.16668403509199e-06,"peak_krill","Peak Krill Fishing (1974-1984)",18.0537108454362,1.00370305402609,0.995397600777549,0.99938232047847,1.01577276331399,1.08160891163817,2111
1.67358810525261e-06,"peak_krill","Peak Krill Fishing (1974-1984)",17.9273746713881,1.00355418414655,0.994229168804758,0.999000617099284,1.01590173867397,1.08592772790179,2111
2.40073324207457e-06,"peak_krill","Peak Krill Fishing (1974-1984)",17.4178655974973,1.00346789038695,0.99286009074321,0.998513444681657,1.0157428505763,1.08800812788439,2111
3.44381038650601e-06,"peak_krill","Peak Krill Fishing (1974-1984)",16.5482792144086,1.00319517922766,0.991638723242884,0.998003022449046,1.01556646097864,1.09042979019636,2111
4.94008654120945e-06,"peak_krill","Peak Krill Fishing (1974-1984)",15.3820020010295,1.00306841282449,0.990491081989275,0.997577260182399,1.0149809874846,1.09300147550531,2111
7.08646885155566e-06,"peak_krill","Peak Krill Fishing (1974-1984)",4.39538825465564,1.00315080527542,0.989727970476186,0.997072643663367,1.0150119762807,1.09398357573404,2111
1.01654172179288e-05,"peak_krill","Peak Krill Fishing (1974-1984)",4.050556338381,1.00332639702311,0.989056331496451,0.996651824807566,1.0150267459997,1.09403209770135,2111
1.45821154906901e-05,"peak_krill","Peak Krill Fishing (1974-1984)",3.69391906818193,1.00341309771894,0.98851962016213,0.996520200873366,1.01528623901693,1.09306266050159,2111
2.0917792907584e-05,"peak_krill","Peak Krill Fishing (1974-1984)",3.35583751355587,1.00365706976275,0.988842522144916,0.996511397958379,1.0154032328071,1.09263792997061,2111
3.00062127750894e-05,"peak_krill","Peak Krill Fishing (1974-1984)",3.16324330456909,1.00407212145857,0.989468065950838,0.996621637443067,1.01584712921653,1.09327500965509,2111
4.30433941612213e-05,"peak_krill","Peak Krill Fishing (1974-1984)",3.0917129823182,1.00465950126962,0.990804717905407,0.99714787554256,1.01701787890461,1.09396286577885,2111
6.17450057694841e-05,"peak_krill","Peak Krill Fishing (1974-1984)",2.78293148675576,1.00558604154438,0.992513939562469,0.998153186421779,1.0180334634079,1.09441261432725,2111
8.85721447336123e-05,"peak_krill","Peak Krill Fishing (1974-1984)",2.50018680629201,1.00641563594358,0.994717567387696,0.999327390175388,1.02010636914307,1.09223265108616,2111
0.000127055212400501,"peak_krill","Peak Krill Fishing (1974-1984)",2.26011246012394,1.00758636154628,0.996825195490412,1.00133986763746,1.02136578309211,1.09228601492116,2111
0.000182258508549024,"peak_krill","Peak Krill Fishing (1974-1984)",2.05507106348989,1.00877898198542,0.999024533095533,1.00287659327258,1.02245422022889,1.09036005765618,2111
0.000261446683775594,"peak_krill","Peak Krill Fishing (1974-1984)",1.87743795244633,1.01055507950186,1.00051920504026,1.00509896242071,1.02355975797803,1.08818998948159,2111
0.000375040753934783,"peak_krill","Peak Krill Fishing (1974-1984)",1.7205688542521,1.01232096131914,1.00164362812201,1.00644673015329,1.02445188886933,1.08507569150343,2111
0.000537989486348578,"peak_krill","Peak Krill Fishing (1974-1984)",1.57910165527975,1.01345777383558,1.00256690036527,1.00671630310125,1.02360118752908,1.0804652230916,2111
0.000771736629646219,"peak_krill","Peak Krill Fishing (1974-1984)",1.44939988145672,1.0130664208299,1.00234152513962,1.00686838747458,1.02166351203118,1.07556320119647,2111
0.00110704287100476,"peak_krill","Peak Krill Fishing (1974-1984)",1.32990332310913,1.01135848180646,1.00079035852442,1.00597195480692,1.01903989980499,1.06969657885391,2111
0.00158803388508885,"peak_krill","Peak Krill Fishing (1974-1984)",1.22030003600429,1.00862231273649,0.997513307193156,1.00418555552798,1.01538116688371,1.06465179833112,2111
0.00227800719036431,"peak_krill","Peak Krill Fishing (1974-1984)",1.12540867792635,1.00595605007625,0.993276785547919,1.00163369332608,1.01238594330457,1.05645526990284,2111
0.00326776198422312,"peak_krill","Peak Krill Fishing (1974-1984)",1.04871001205175,1.00350837270213,0.988450464314672,0.999453591807145,1.00891818481971,1.0393940464568,2111
0.0046875481476536,"peak_krill","Peak Krill Fishing (1974-1984)",1.00300668456237,1.00095470454502,0.989427126802409,0.996803721750161,1.00642727752907,1.0173873021288,2111
0.00672420688613729,"peak_krill","Peak Krill Fishing (1974-1984)",1.00054836020166,0.998626450815382,0.986363684185926,0.994573222367779,1.0045460759551,1.01519033873485,2111
0.00964575868307804,"peak_krill","Peak Krill Fishing (1974-1984)",0.998533596834318,0.996751392913018,0.984052692609359,0.992626127946108,1.00327575097462,1.01257970761127,2111
0.0138366742944791,"peak_krill","Peak Krill Fishing (1974-1984)",0.996754202100811,0.99482737427906,0.981952169286833,0.990900187370394,1.00191636209369,1.01160065506073,2111
0.0198484703818451,"peak_krill","Peak Krill Fishing (1974-1984)",0.993962496582292,0.992206534086248,0.978816419853183,0.988112504888085,0.99969282847248,1.00917250352487,2111
0.0284722880740333,"peak_krill","Peak Krill Fishing (1974-1984)",0.991652801724952,0.990117277548316,0.976367907876007,0.985436944069794,0.997708928380317,1.00766824872488,2111
0.0408430056611436,"peak_krill","Peak Krill Fishing (1974-1984)",0.990011434640819,0.988688316981132,0.975124777120973,0.983488829095599,0.996092061261625,1.0058190668808,2111
0.0585885864563713,"peak_krill","Peak Krill Fishing (1974-1984)",0.989237871440246,0.988123465862088,0.975553333892228,0.982882423536949,0.995123691600317,1.00525104582183,2111
0.0840443157253079,"peak_krill","Peak Krill Fishing (1974-1984)",0.989474870617427,0.9883517513812,0.977577119622308,0.983123330683477,0.995277254680369,1.00501191393188,2111
0.12056011986217,"peak_krill","Peak Krill Fishing (1974-1984)",0.990762479187393,0.990020849223486,0.980202053121315,0.984159733962158,0.996607773678686,1.00638291988512,2111
0.172941410442158,"peak_krill","Peak Krill Fishing (1974-1984)",0.993115351086133,0.992855976927488,0.981579352009701,0.986874677797579,0.99889102352603,1.00876974815422,2111
0.248081467403285,"peak_krill","Peak Krill Fishing (1974-1984)",0.996725557896618,0.996899645066295,0.982903749523453,0.991550838614414,1.0023792487611,1.0130350571333,2111
0.355868581802455,"peak_krill","Peak Krill Fishing (1974-1984)",1.00236804303711,1.00322761683188,0.986607174457643,0.997114923229647,1.00783324279954,1.0208042823968,2111
0.510487336437021,"peak_krill","Peak Krill Fishing (1974-1984)",1.01522122129819,1.01514644251303,1.00409158359791,1.01019876680746,1.02236160793164,1.03955549809338,2111
0.732285270429473,"peak_krill","Peak Krill Fishing (1974-1984)",1.01358169604185,1.01586602702742,0.996848647288454,1.01049025425546,1.02181917782986,1.0388740299206,2111
1.05045057734576,"peak_krill","Peak Krill Fishing (1974-1984)",1.00274331308816,1.00942584374675,0.962665214512895,1.00285281581291,1.01620129518988,1.03430876356949,2111
1.50685321691489,"peak_krill","Peak Krill Fishing (1974-1984)",0.978190281546503,0.980202812725658,0.759913405417055,0.952769522309525,0.991710676875546,1.11194698576655,2111
2.16155492347296,"peak_krill","Peak Krill Fishing (1974-1984)",0.974433945929682,0.98001722729491,0.73022687210425,0.949916385914861,0.993203934969482,1.11330217616941,2111
3.10071321794452,"peak_krill","Peak Krill Fishing (1974-1984)",0.968312811117728,0.979404972294766,0.681098594288868,0.94404397407969,0.996202042790588,1.11208091742358,2111
4.44791957656499,"peak_krill","Peak Krill Fishing (1974-1984)",0.954581178364212,0.978964779425609,0.612357745891256,0.930428146055297,1.00008954856945,1.10323681255502,2111
6.38046383815689,"peak_krill","Peak Krill Fishing (1974-1984)",0.993579217638908,0.996698782459658,0.976046355833185,0.993362531668291,0.999968689407368,1.00512067091759,2111
9.15266521555844,"peak_krill","Peak Krill Fishing (1974-1984)",0.993849423503803,0.998039436241934,0.970904955310502,0.994505650524428,1.00138050172217,1.00734106048772,2111
13.1293402287023,"peak_krill","Peak Krill Fishing (1974-1984)",0.994510394015164,1.00029447649856,0.96299285154441,0.99632523633016,1.00409145089457,1.01123431547993,2111
18.8338118767848,"peak_krill","Peak Krill Fishing (1974-1984)",0.994059690451128,1.00347190236051,0.943175169644773,0.998730922866869,1.00830952383231,1.01646674619885,2111
27.0167779668531,"peak_krill","Peak Krill Fishing (1974-1984)",0.986964939099652,1.00671125068056,0.870887573839028,0.999367733247643,1.01187779134916,1.01933272729099,2111
38.7551015421336,"peak_krill","Peak Krill Fishing (1974-1984)",1.01021243941001,1.00893318219696,0.997919370579762,1.00470017365458,1.01538457744868,1.03149388478412,2111
55.5935240458296,"peak_krill","Peak Krill Fishing (1974-1984)",1.01141622756394,1.01096207451536,0.998172803262692,1.00668879139428,1.01739856495002,1.03180770948004,2111
79.747950407875,"peak_krill","Peak Krill Fishing (1974-1984)",1.01164858514319,1.01282846687344,0.998514526996554,1.00846949078451,1.01807957646845,1.02762165916937,2111
114.397057992117,"peak_krill","Peak Krill Fishing (1974-1984)",1.01235889474108,1.01470250539076,0.997465722641529,1.00957429948746,1.01920594281527,1.02810699117252,2111
164.100604596346,"peak_krill","Peak Krill Fishing (1974-1984)",1.01201799564481,1.01543064619427,0.993521434432393,1.00871953001357,1.02084480768796,1.0297943107118,2111
235.399484056154,"peak_krill","Peak Krill Fishing (1974-1984)",1.00690157641153,1.01265927143438,0.9738975600965,1.00284618723576,1.02051987181672,1.0315021724756,2111
337.676495648558,"peak_krill","Peak Krill Fishing (1974-1984)",1.00546235851943,1.01096259907479,0.97367842027155,1.00161325131027,1.0187831132649,1.03132967455989,2111
484.391102940098,"peak_krill","Peak Krill Fishing (1974-1984)",1.00302596220663,1.00957420270267,0.963481309194993,0.99760439261418,1.01904808760891,1.03332911366484,2111
694.850674036028,"peak_krill","Peak Krill Fishing (1974-1984)",0.994667987437609,1.00448305332125,0.94630295842695,0.990490476244542,1.01345901959554,1.02532033498478,2111
996.751295136877,"peak_krill","Peak Krill Fishing (1974-1984)",1.00257328208112,1.01019721857532,0.957546743204817,1.0036109377613,1.01564937048133,1.02406358808285,2111
1429.82252371756,"peak_krill","Peak Krill Fishing (1974-1984)",0.992414631906377,1.00035369316068,0.950702883335321,0.993204979879389,1.0052784086382,1.01218662598727,2111
2051.05572403526,"peak_krill","Peak Krill Fishing (1974-1984)",0.982786054601844,0.990776379167718,0.934430446137496,0.984769093234549,0.996409478870008,1.00412669556215,2111
2942.20402414699,"peak_krill","Peak Krill Fishing (1974-1984)",0.988955514786529,0.99791966939365,0.948615666717393,0.99125792048726,1.00172976144354,1.01366923315905,2111
4220.54087476266,"peak_krill","Peak Krill Fishing (1974-1984)",1.00166874544779,1.002553505936,0.99472625897926,1.00062996817887,1.00443155091028,1.00843918029171,2111
6054.29301617067,"peak_krill","Peak Krill Fishing (1974-1984)",1.0082355774749,1.00712354553827,0.998838163680797,1.00285352950471,1.01168971105563,1.02690576406654,2111
8684.77880283868,"peak_krill","Peak Krill Fishing (1974-1984)",1.00159532550778,1.00611107848123,0.974768694174986,0.999310806378879,1.01046952457411,1.01759610745057,2111
12458.1652478298,"peak_krill","Peak Krill Fishing (1974-1984)",1.00145839204352,1.00618081089522,0.974874580888309,0.999226345025586,1.01060860607897,1.01775221544883,2111
17871.0229547244,"peak_krill","Peak Krill Fishing (1974-1984)",1.00194068114643,1.00613306458859,0.975331572758435,0.998151273198371,1.01105332556086,1.02172681073381,2111
25635.6738809449,"peak_krill","Peak Krill Fishing (1974-1984)",1.00940272399757,1.00535306037071,0.942346322025274,0.993325306409073,1.02337223294895,1.09762287729799,2111
36773.9315760001,"peak_krill","Peak Krill Fishing (1974-1984)",0.998031498842283,0.999864959964914,0.930311835565743,0.98742396794651,1.00841198494153,1.03141392302536,2111
52751.5699347979,"peak_krill","Peak Krill Fishing (1974-1984)",0.996037774979171,0.995222401577119,0.923374185841447,0.983210236105069,1.00576724472949,1.04195860415342,2111
75671.2163026369,"peak_krill","Peak Krill Fishing (1974-1984)",0.995396473346229,0.993356235874008,0.91734552153249,0.981006140727438,1.00761934276952,1.05652833114648,2111
108549.05330397,"peak_krill","Peak Krill Fishing (1974-1984)",1.00017824748474,1.00024287319393,0.916689474868914,0.987556057128324,1.01737701709072,1.0648378301488,2111
155711.742838438,"peak_krill","Peak Krill Fishing (1974-1984)",0.980681256217082,0.997112749722419,0.860409942993831,0.965994328909484,1.00701811480488,1.03366251961798,2111
223365.806700198,"peak_krill","Peak Krill Fishing (1974-1984)",0.935616381680775,0.96767625557418,0.689085429637084,0.904582287236344,0.993890848804763,1.0154782716419,2111
320414.393245838,"peak_krill","Peak Krill Fishing (1974-1984)",1.03725228257763,0.997639977033336,0.972952315924278,0.9921706219131,1.00081975012096,1.00685763954761,2111
459628.91507784,"peak_krill","Peak Krill Fishing (1974-1984)",1.01709678811399,0.985325302901514,0.890710462665636,0.958269053466965,0.999988746026822,1.03331692462474,2111
659329.743072884,"peak_krill","Peak Krill Fishing (1974-1984)",1.0435189860898,0.998371591804554,0.980596028525763,0.994133507324735,1.00201566068819,1.00911824566776,2111
945797.132947857,"peak_krill","Peak Krill Fishing (1974-1984)",1.05900188448562,0.997576493861205,0.967115230109598,0.990126299293766,1.0022864509223,1.0133871748065,2111
1356729.65779355,"peak_krill","Peak Krill Fishing (1974-1984)",1.12375693097565,0.996561886447742,0.854771095984327,0.955867245269167,1.0210214243164,1.0751385586982,2111
1946205.26983358,"peak_krill","Peak Krill Fishing (1974-1984)",0.994020095009829,0.996858485385463,0.929600047891068,0.981593993371953,1.00722578554492,1.0429678119284,2111
2791797.85786357,"peak_krill","Peak Krill Fishing (1974-1984)",0.999139838912979,0.996773417481113,0.804961240204341,0.94020119588575,1.04893132856782,1.18787454808364,2111
4004785.82602855,"peak_krill","Peak Krill Fishing (1974-1984)",1.05423734382543,1.0346295831957,0.923867360288464,1.00018264351012,1.08700215701512,1.26572458011583,2111
5744796.12382558,"peak_krill","Peak Krill Fishing (1974-1984)",1.0599828995479,1.04224587759076,0.891146423722369,0.998588327843487,1.11985881494018,1.24533714966398,2111
8240810.85430961,"peak_krill","Peak Krill Fishing (1974-1984)",5.54743995672801,0.997903758627202,0.510542219208528,0.762024360323454,1.38793988575677,30.1491841736173,2111
11821300.8908807,"peak_krill","Peak Krill Fishing (1974-1984)",1.2311776795,1.10603987877576,1.00029836568037,1.0396012287523,1.29698905613588,1.83785119391772,2111
16957452.0303007,"peak_krill","Peak Krill Fishing (1974-1984)",0.955246212762447,0.960983113643185,0.879571913890704,0.913285155337438,0.991271342676356,1.01671886089063,2111
24325172.1628858,"peak_krill","Peak Krill Fishing (1974-1984)",0.963932259779889,0.966412853179022,0.881692813973484,0.924324934632632,0.995351895566283,1.03283194885993,2111
34894039.487579,"peak_krill","Peak Krill Fishing (1974-1984)",0.918156501447948,0.925446341171397,0.808989764311481,0.881454662404426,0.955800645681497,1.00035298155796,2111
50054897.1907571,"peak_krill","Peak Krill Fishing (1974-1984)",0.756426183073837,0.671711179238959,0.518219704293323,0.589827965673774,0.971542475839961,1.06754257110808,2111
71802885.8100286,"peak_krill","Peak Krill Fishing (1974-1984)",0.979470473583527,0.988735302631321,0.905848719371346,0.975247844686733,0.995819630230098,1.00873669887011,2111
103000000.000001,"peak_krill","Peak Krill Fishing (1974-1984)",0.949315151001577,1.02113194182174,0.407279884788126,0.99388411666068,1.02863287278436,1.03403574421801,2111
3.16227766016838e-08,"post_peak_krill","Post-Peak Krill Fishing (1985-1995)",1.79489100893915e+21,0.999062320900533,0.990052826712889,0.993818612438405,1.01017751891016,1.05843864479361,2111
4.53623270600988e-08,"post_peak_krill","Post-Peak Krill Fishing (1985-1995)",1.94172299014392e+21,1.00025547085831,0.991011603036479,0.995140504705317,1.01331670409989,1.06847954425098,2111
6.50714749759769e-08,"post_peak_krill","Post-Peak Krill Fishing (1985-1995)",2.14119809954399e+21,1.00131594318837,0.992051854340826,0.996433921952255,1.01569239407558,1.07505746460096,2111
9.33439073780173e-08,"post_peak_krill","Post-Peak Krill Fishing (1985-1995)",2.40849828962681e+21,1.00278077676652,0.993145663575055,0.997435263250969,1.01851682385409,1.08077709813484,2111
1.33900223528244e-07,"post_peak_krill","Post-Peak Krill Fishing (1985-1995)",2.76248301019489e+21,1.00403273767572,0.994180913248986,0.998314403720538,1.02076955875935,1.08242957866628,2111
1.92077558830971e-07,"post_peak_krill","Post-Peak Krill Fishing (1985-1995)",3.22594797095079e+21,1.00501792214323,0.99519996847081,0.99927504248074,1.02235951907551,1.08600419163393,2111
2.75531941876727e-07,"post_peak_krill","Post-Peak Krill Fishing (1985-1995)",36.1596075080188,1.00605844487,0.996198770050274,1.00024752390475,1.02415307464811,1.08964128758866,2111
3.95245813495413e-07,"post_peak_krill","Post-Peak Krill Fishing (1985-1995)",37.2735007406954,1.00720437197015,0.997123225329011,1.0008130992664,1.02527887987492,1.09113350803867,2111
5.66973295442978e-07,"post_peak_krill","Post-Peak Krill Fishing (1985-1995)",37.9076366914169,1.00799998306036,0.99782699604931,1.00125683458764,1.02563287508322,1.0913818673342,2111
8.13313403379543e-07,"post_peak_krill","Post-Peak Krill Fishing (1985-1995)",6.09231324111408,1.00858607309948,0.998092040542256,1.00159517399681,1.02646998042431,1.08885472171199,2111
1.16668403509199e-06,"post_peak_krill","Post-Peak Krill Fishing (1985-1995)",6.21625890751411,1.00908179145098,0.998097740455542,1.00207074116046,1.02628745047033,1.08971473131845,2111
1.67358810525261e-06,"post_peak_krill","Post-Peak Krill Fishing (1985-1995)",6.2565540653424,1.00953249627508,0.99766676772532,1.00243130518132,1.02610121537092,1.08841192979444,2111
2.40073324207457e-06,"post_peak_krill","Post-Peak Krill Fishing (1985-1995)",6.19438745441899,1.00985870844102,0.997128948971091,1.00273411952622,1.0264849468954,1.08614685422861,2111
3.44381038650601e-06,"post_peak_krill","Post-Peak Krill Fishing (1985-1995)",6.02077459593693,1.01030587717148,0.996524201243819,1.00320252645828,1.02646203169644,1.08469610896277,2111
4.94008654120945e-06,"post_peak_krill","Post-Peak Krill Fishing (1985-1995)",5.74242684383122,1.01096942165529,0.996050842259554,1.00340385723424,1.02655994455809,1.08430167770226,2111
7.08646885155566e-06,"post_peak_krill","Post-Peak Krill Fishing (1985-1995)",2.4250064588804,1.01173974660793,0.995886276359038,1.0035480647388,1.02710977962168,1.08447025792183,2111
1.01654172179288e-05,"post_peak_krill","Post-Peak Krill Fishing (1985-1995)",2.29776987721576,1.01255008390958,0.995948705737684,1.00401587228015,1.02707468163238,1.08564278872344,2111
1.45821154906901e-05,"post_peak_krill","Post-Peak Krill Fishing (1985-1995)",2.16241896031555,1.01349121279678,0.996480255763454,1.00448199360376,1.02745053411399,1.08583913789309,2111
2.0917792907584e-05,"post_peak_krill","Post-Peak Krill Fishing (1985-1995)",2.03117074593921,1.01475215050834,0.99752751876761,1.00516096490002,1.02807858598351,1.08501182142579,2111
3.00062127750894e-05,"post_peak_krill","Post-Peak Krill Fishing (1985-1995)",1.95766824920572,1.01593036840944,0.999549268517589,1.00648344166972,1.02895053390185,1.08667686172244,2111
4.30433941612213e-05,"post_peak_krill","Post-Peak Krill Fishing (1985-1995)",1.9336861942841,1.01774539248442,1.00224765255894,1.00843441772117,1.03065642498021,1.08881967064068,2111
6.17450057694841e-05,"post_peak_krill","Post-Peak Krill Fishing (1985-1995)",1.80861575874405,1.01929109661889,1.00519174424124,1.01109879628462,1.03435345794939,1.09109945304314,2111
8.85721447336123e-05,"post_peak_krill","Post-Peak Krill Fishing (1985-1995)",1.69229442895405,1.02143362225527,1.00812210642225,1.01408956179737,1.03858602015248,1.09291997869522,2111
0.000127055212400501,"post_peak_krill","Post-Peak Krill Fishing (1985-1995)",1.59265566660936,1.02365532417541,1.01126957532309,1.01710455614794,1.04399254755989,1.09522544321158,2111
0.000182258508549024,"post_peak_krill","Post-Peak Krill Fishing (1985-1995)",1.50719053103822,1.02699844952122,1.01350766544849,1.01936048962575,1.05053662983312,1.09962715451393,2111
0.000261446683775594,"post_peak_krill","Post-Peak Krill Fishing (1985-1995)",1.43303124962504,1.0315929802073,1.01465180965626,1.02092643488748,1.05629156762946,1.10293838814097,2111
0.000375040753934783,"post_peak_krill","Post-Peak Krill Fishing (1985-1995)",1.36733724248165,1.03543637880332,1.01540124846975,1.02122870049854,1.06021316818486,1.10549882190632,2111
0.000537989486348578,"post_peak_krill","Post-Peak Krill Fishing (1985-1995)",1.30744914832528,1.03896298507915,1.01464330197955,1.02144706024644,1.06395632466176,1.10794683862909,2111
0.000771736629646219,"post_peak_krill","Post-Peak Krill Fishing (1985-1995)",1.25114824791902,1.04053458805579,1.01265570045831,1.02163615611363,1.06519296802624,1.10478457750454,2111
0.00110704287100476,"post_peak_krill","Post-Peak Krill Fishing (1985-1995)",1.19687672178556,1.04110943039402,1.00848603537665,1.02089333839025,1.06509740942922,1.09699749808262,2111
0.00158803388508885,"post_peak_krill","Post-Peak Krill Fishing (1985-1995)",1.14326915542302,1.03916731057195,1.00251912030101,1.01908219498887,1.05985465713691,1.08592666034608,2111
0.00227800719036431,"post_peak_krill","Post-Peak Krill Fishing (1985-1995)",1.09128780709848,1.03390152073277,0.993653818966798,1.01628623318315,1.04632286684269,1.06727906328654,2111
0.00326776198422312,"post_peak_krill","Post-Peak Krill Fishing (1985-1995)",1.04181017203673,1.02100920861786,0.983749058941014,1.01142612305634,1.02862444167195,1.04545318985846,2111
0.0046875481476536,"post_peak_krill","Post-Peak Krill Fishing (1985-1995)",1.01078259259141,1.01059651349882,0.988757303947982,1.00029598448891,1.02011222302515,1.03202663138125,2111
0.00672420688613729,"post_peak_krill","Post-Peak Krill Fishing (1985-1995)",1.00785499872478,1.00754397726056,0.984999968885187,0.997256999647314,1.01739340753631,1.02964958966055,2111
0.00964575868307804,"post_peak_krill","Post-Peak Krill Fishing (1985-1995)",1.0054047895463,1.00557209329229,0.982283483319792,0.994833224382543,1.01462927798739,1.02780553178746,2111
0.0138366742944791,"post_peak_krill","Post-Peak Krill Fishing (1985-1995)",1.00323805356383,1.00298897847821,0.980297558672164,0.992688983547424,1.01244204148049,1.02606981095,2111
0.0198484703818451,"post_peak_krill","Post-Peak Krill Fishing (1985-1995)",1.0005735394048,1.00024346464451,0.977550997320722,0.989750719063952,1.00990230852457,1.02404222898279,2111
0.0284722880740333,"post_peak_krill","Post-Peak Krill Fishing (1985-1995)",0.99867883160762,0.998114125475545,0.975210185014026,0.987960053867095,1.00810120882091,1.02359332969877,2111
0.0408430056611436,"post_peak_krill","Post-Peak Krill Fishing (1985-1995)",0.997856382344846,0.997176116978871,0.973189842830588,0.987454627092942,1.00783103277292,1.02361430803668,2111
0.0585885864563713,"post_peak_krill","Post-Peak Krill Fishing (1985-1995)",0.99841003112922,0.997862181010923,0.971872480382308,0.987345289839743,1.00934724447695,1.02527611377557,2111
0.0840443157253079,"post_peak_krill","Post-Peak Krill Fishing (1985-1995)",1.00058519967042,1.00100225946028,0.971311321224807,0.988696569419649,1.01246798773737,1.03017187647682,2111
0.12056011986217,"post_peak_krill","Post-Peak Krill Fishing (1985-1995)",1.00448376550674,1.00581609164828,0.971717114637865,0.991085068958266,1.01716944319045,1.03562683281648,2111
0.172941410442158,"post_peak_krill","Post-Peak Krill Fishing (1985-1995)",1.01005254769366,1.01327874350949,0.973519680778103,0.994937675974127,1.02424512162683,1.0411740239458,2111
0.248081467403285,"post_peak_krill","Post-Peak Krill Fishing (1985-1995)",1.01720024459194,1.02192119824261,0.979639518253092,1.00139304980175,1.03195884531625,1.05010220135468,2111
0.355868581802455,"post_peak_krill","Post-Peak Krill Fishing (1985-1995)",1.0259880316052,1.02737214320944,0.994360151246968,1.01101867762264,1.03882064991805,1.05745502215079,2111
0.510487336437021,"post_peak_krill","Post-Peak Krill Fishing (1985-1995)",1.03928479653246,1.04087553399012,1.01940555609772,1.02980428905351,1.04922681525198,1.06524478806275,2111
0.732285270429473,"post_peak_krill","Post-Peak Krill Fishing (1985-1995)",1.03631404906582,1.03853156092688,1.01563050353414,1.0299930724303,1.04647687624991,1.05906840862789,2111
1.05045057734576,"post_peak_krill","Post-Peak Krill Fishing (1985-1995)",1.02429721667405,1.02796837939415,0.995671675673824,1.01988732908852,1.03548070490077,1.05031902399228,2111
1.50685321691489,"post_peak_krill","Post-Peak Krill Fishing (1985-1995)",0.979637197700745,0.996805990410477,0.841164830484523,0.983858839695255,1.00895338076167,1.03784044028805,2111
2.16155492347296,"post_peak_krill","Post-Peak Krill Fishing (1985-1995)",0.981309365940055,1.00101268213556,0.834715385353055,0.984610948520046,1.01376175823473,1.04357215194252,2111
3.10071321794452,"post_peak_krill","Post-Peak Krill Fishing (1985-1995)",0.981625798599708,1.0053742915903,0.822856689277288,0.979742459471041,1.01965117930666,1.04861308427015,2111
4.44791957656499,"post_peak_krill","Post-Peak Krill Fishing (1985-1995)",0.975052306372611,1.00929247301516,0.786557248339023,0.965267471549613,1.02352344276707,1.0485035525829,2111
6.38046383815689,"post_peak_krill","Post-Peak Krill Fishing (1985-1995)",1.00456643923265,1.00271694335248,0.992636018442504,0.99799939431056,1.00936735439645,1.0261317485988,2111
9.15266521555844,"post_peak_krill","Post-Peak Krill Fishing (1985-1995)",1.00934690648236,1.00760159677577,0.995128764001714,1.00133292859672,1.01711131264657,1.03174465998384,2111
13.1293402287023,"post_peak_krill","Post-Peak Krill Fishing (1985-1995)",1.0149407631283,1.01524509667351,0.998415103952484,1.00532468874973,1.02536963857484,1.03625812294593,2111
18.8338118767848,"post_peak_krill","Post-Peak Krill Fishing (1985-1995)",1.02040439343657,1.02253686301505,1.00223183447428,1.01088744878768,1.03228608230812,1.04056250143452,2111
27.0167779668531,"post_peak_krill","Post-Peak Krill Fishing (1985-1995)",1.01758014755785,1.02120602663231,0.990210716884297,1.01321358996426,1.02984390517021,1.03846062670528,2111
38.7551015421336,"post_peak_krill","Post-Peak Krill Fishing (1985-1995)",1.02020150153393,1.01988462690524,1.00573362248381,1.01473908523206,1.02560078201887,1.036587358128,2111
55.5935240458296,"post_peak_krill","Post-Peak Krill Fishing (1985-1995)",1.02363882194987,1.02375445230563,1.00764233873482,1.01850321191606,1.02919979893641,1.03952579979014,2111
79.747950407875,"post_peak_krill","Post-Peak Krill Fishing (1985-1995)",1.0262564749103,1.02716361334939,1.00980819939954,1.02123594177626,1.03213096515453,1.0419220219459,2111
114.397057992117,"post_peak_krill","Post-Peak Krill Fishing (1985-1995)",1.02769538311391,1.02850862707564,1.01053383448276,1.02229989942406,1.03408289765418,1.04547598115287,2111
164.100604596346,"post_peak_krill","Post-Peak Krill Fishing (1985-1995)",1.02613946159292,1.02722370823577,1.00738247162479,1.02023106869508,1.03391036739617,1.04645337538845,2111
235.399484056154,"post_peak_krill","Post-Peak Krill Fishing (1985-1995)",1.01339107771402,1.0162410991141,0.992474512752705,1.0085893004957,1.02321183413734,1.03456903113525,2111
337.676495648558,"post_peak_krill","Post-Peak Krill Fishing (1985-1995)",1.01450352397462,1.01808959776405,0.988265128332037,1.00923730782051,1.02663259202348,1.0407538251224,2111
484.391102940098,"post_peak_krill","Post-Peak Krill Fishing (1985-1995)",1.00378204425127,1.0092925553009,0.971620069398627,0.998686537238984,1.0175088957781,1.02923103482421,2111
694.850674036028,"post_peak_krill","Post-Peak Krill Fishing (1985-1995)",0.989454043670386,0.995236761743928,0.945547452016063,0.986322155356299,1.00383021783181,1.0196332976969,2111
996.751295136877,"post_peak_krill","Post-Peak Krill Fishing (1985-1995)",0.999884016891759,1.00562567971552,0.948117407365241,0.996001464829143,1.0138058369172,1.027692341549,2111
1429.82252371756,"post_peak_krill","Post-Peak Krill Fishing (1985-1995)",0.974271207397073,0.980672241497425,0.897231668541707,0.96789313321115,0.993470398271286,1.01227372986232,2111
2051.05572403526,"post_peak_krill","Post-Peak Krill Fishing (1985-1995)",0.962321419760397,0.970222786625608,0.896555481742547,0.957955520694575,0.982021385960971,0.998441326928605,2111
2942.20402414699,"post_peak_krill","Post-Peak Krill Fishing (1985-1995)",0.983282376517715,0.989922478792386,0.945697130919768,0.983550886754216,0.994282896000808,0.999985632991224,2111
4220.54087476266,"post_peak_krill","Post-Peak Krill Fishing (1985-1995)",1.00332838571281,1.00427486025445,0.995899359201588,1.00224712565857,1.00620398406904,1.00933921461603,2111
6054.29301617067,"post_peak_krill","Post-Peak Krill Fishing (1985-1995)",1.00287350085113,1.00318956769959,0.995741583053212,1.00111728487233,1.00501049184955,1.01068265194182,2111
8684.77880283868,"post_peak_krill","Post-Peak Krill Fishing (1985-1995)",1.00259878893733,1.0057065768263,0.981669714349773,0.999676150816752,1.01038012999996,1.01833079847418,2111
12458.1652478298,"post_peak_krill","Post-Peak Krill Fishing (1985-1995)",1.00026295031151,1.00310742446482,0.979298051165008,0.997142944354828,1.00798149748356,1.01604812626558,2111
17871.0229547244,"post_peak_krill","Post-Peak Krill Fishing (1985-1995)",0.996857675035951,0.999071126133447,0.971778178937833,0.994334787267536,1.0035747535516,1.01383271081444,2111
25635.6738809449,"post_peak_krill","Post-Peak Krill Fishing (1985-1995)",0.989856809700677,0.991489121581528,0.950412724199345,0.979033717369474,1.00231716504083,1.04084134924248,2111
36773.9315760001,"post_peak_krill","Post-Peak Krill Fishing (1985-1995)",0.969660281035409,0.969447212422373,0.903114762224257,0.952079312425534,0.984784113283792,1.02016534930243,2111
52751.5699347979,"post_peak_krill","Post-Peak Krill Fishing (1985-1995)",0.967112668560584,0.963163599008663,0.89652842934118,0.944766952912233,0.981724609283994,1.02193521514075,2111
75671.2163026369,"post_peak_krill","Post-Peak Krill Fishing (1985-1995)",0.970024552563742,0.964036012039317,0.90554790058389,0.944127295074504,0.983566963757028,1.03888880668011,2111
108549.05330397,"post_peak_krill","Post-Peak Krill Fishing (1985-1995)",0.983614616562034,0.980618295351487,0.922940659700854,0.962701342144016,0.996415154539673,1.03627311714716,2111
155711.742838438,"post_peak_krill","Post-Peak Krill Fishing (1985-1995)",0.993197076674811,0.999127262715014,0.928939704605348,0.983424387517861,1.00520317004296,1.02351316631782,2111
223365.806700198,"post_peak_krill","Post-Peak Krill Fishing (1985-1995)",0.965318090984863,0.982278126414952,0.826776591268296,0.947268979815188,0.997209536146422,1.01019193747677,2111
320414.393245838,"post_peak_krill","Post-Peak Krill Fishing (1985-1995)",1.00836048246018,0.999181801008879,0.98703869452809,0.99721450119133,1.00066107985072,1.00723231368086,2111
459628.91507784,"post_peak_krill","Post-Peak Krill Fishing (1985-1995)",0.995725294726544,0.991415838823724,0.933791896791264,0.975712242873626,1.00078030742969,1.02117976302382,2111
659329.743072884,"post_peak_krill","Post-Peak Krill Fishing (1985-1995)",1.0104804293335,1.00017238779461,0.994359312681431,0.998196359657547,1.00251233139873,1.01159835129526,2111
945797.132947857,"post_peak_krill","Post-Peak Krill Fishing (1985-1995)",1.00992504812355,1.00019495559261,0.990794526121779,0.997419333651713,1.00270639275075,1.00832587071388,2111
1356729.65779355,"post_peak_krill","Post-Peak Krill Fishing (1985-1995)",1.0012670978052,0.997231826590638,0.91118113988447,0.972781257880956,1.01192453125285,1.04408804696034,2111
1946205.26983358,"post_peak_krill","Post-Peak Krill Fishing (1985-1995)",0.993933138417033,0.99539190785559,0.963481069685853,0.9862905143675,1.00282793927891,1.01756427343263,2111
2791797.85786357,"post_peak_krill","Post-Peak Krill Fishing (1985-1995)",0.995059837247576,0.995434104649641,0.878425838453197,0.961106288045846,1.02650833530446,1.10689078422915,2111
4004785.82602855,"post_peak_krill","Post-Peak Krill Fishing (1985-1995)",0.971879371562814,0.983372721327777,0.864344068586265,0.918742677676227,1.00519575474894,1.06459234539607,2111
5744796.12382558,"post_peak_krill","Post-Peak Krill Fishing (1985-1995)",0.99363833181051,0.997426840205512,0.877788809030273,0.956352665259927,1.012852421235,1.13741907211496,2111
8240810.85430961,"post_peak_krill","Post-Peak Krill Fishing (1985-1995)",1.08176418537546,0.876319261295634,0.741758358377872,0.82157100514297,1.00592121551167,2.39957511172291,2111
11821300.8908807,"post_peak_krill","Post-Peak Krill Fishing (1985-1995)",0.982316384841263,0.991222523208242,0.921956920971955,0.97537001792379,0.997572036334408,1.01295399348164,2111
16957452.0303007,"post_peak_krill","Post-Peak Krill Fishing (1985-1995)",0.965526641557037,0.9705527627803,0.91591990979226,0.929644799347804,0.998425053220102,1.00733695651824,2111
24325172.1628858,"post_peak_krill","Post-Peak Krill Fishing (1985-1995)",0.968585125800574,0.975572837544316,0.91767399692422,0.935167319864687,0.997935120280373,1.0085722245984,2111
34894039.487579,"post_peak_krill","Post-Peak Krill Fishing (1985-1995)",0.94962470984094,0.964478217633727,0.866107709225223,0.913806122047373,0.984494726867,1.00400750242354,2111
50054897.1907571,"post_peak_krill","Post-Peak Krill Fishing (1985-1995)",0.828967876276768,0.78602728160163,0.670605067933868,0.726501886122496,0.962516284934829,1.02365077939004,2111
71802885.8100286,"post_peak_krill","Post-Peak Krill Fishing (1985-1995)",0.993932598454263,0.997798993599558,0.965787965933048,0.991648001966499,1.00065646234576,1.00636169581202,2111
103000000.000001,"post_peak_krill","Post-Peak Krill Fishing (1985-1995)",0.969939970354934,1.01233636916137,0.649651756640909,0.996228487281378,1.01673417676558,1.01982809669632,2111
