"Species","min_yield_g","median_yield_g","max_yield_g","ObsYield_min_g","ObsYield_mean_g","ObsYield_max_g","min_yield_t","median_yield_t","max_yield_t","ObsYield_min_t","ObsYield_mean_t","ObsYield_max_t"
"antarctic krill",0,0,107310222775210,86430.00084,4164201562.82786,35205874337,0,0,107310222.77521,0.08643000084,4164.20156282786,35205.874337
"baleen whales",0,0,31218599417219.1,21422028.8,109278346590.446,4.96515e+11,0,0,31218599.4172191,21.4220288,109278.346590446,496515
"bathypelagic fishes",0,0,4423888284130.48,690.0000262,690.0000262,690.0000262,0,0,4423888.28413048,0.0006900000262,0.0006900000262,0.0006900000262
"minke whales",0,0,75320362542905.3,13684356,4502729676.7093,23036145053,0,0,75320362.5429053,13.684356,4502.7296767093,23036.145053
"orca",0,0,207439617647.671,4975610.155,295535318.6935,1662000686,0,0,207439.617647671,4.975610155,295.5353186935,1662.000686
"shelf and coastal fishes",0,0,374392970706.563,3080.000053,184767274.642663,2374424925,0,0,374392.970706563,0.003080000053,184.767274642663,2374.424925
"sperm whales",0,0,2705605480897.86,142075116.8,8607947442.05238,28387881599,0,0,2705605.48089786,142.0751168,8607.94744205238,28387.881599
"squids",0,0,19622484718.1262,4459.999989,267373.331537667,1044369.99,0,0,19622.4847181262,0.004459999989,0.267373331537667,1.04436999
"toothfishes",0,0,856593754419.603,390.000012,3364436.24801785,39744118.49,0,0,856593.754419603,0.000390000012,3.36443624801785,39.74411849
