"year","prey","n_sims","median","mean","sd","q05","q25","q75","q95"
1841,"External",2111,0,0,0,0,0,0,0
1841,"Resource",2111,0.727001116372491,0.737090851906524,0.0957574819137173,0.591965279868234,0.662612795211393,0.804584381986101,0.902339335006302
1841,"antarctic krill",2111,0.0385800832447638,0.0694635234815156,0.0794912972013304,0.00172864832289502,0.0118127116402269,0.0972161812519189,0.250961314581089
1841,"baleen whales",2111,0,0,0,0,0,0,0
1841,"bathypelagic fishes",2111,0.0631676075594513,0.0651932624153687,0.0433167325352388,0.0017003990535723,0.0333229930664372,0.0954082438481129,0.138760400130611
1841,"flying birds",2111,0,0,0,0,0,0,0
1841,"large divers",2111,0,0,0,0,0,0,0
1841,"leopard seals",2111,4.41613011161493e-20,6.03185960584632e-20,6.561795899192e-20,3.30302016683185e-22,8.41162476744104e-21,9.00316792565301e-20,1.82209189832599e-19
1841,"medium divers",2111,0,0,0,0,0,0,0
1841,"mesopelagic fishes",2111,0.0474740915352503,0.0508787336932969,0.0363835375827157,0.0021400490998393,0.0178002173376456,0.0756668932029082,0.114888733794348
1841,"mesozooplankton",2111,2.54895015275666e-16,3.10117768855141e-16,2.49312010968236e-16,3.07183456776674e-17,1.19062014060844e-16,4.39777436562443e-16,7.9674285169083e-16
1841,"minke whales",2111,0,0,0,0,0,0,0
1841,"orca",2111,1.53699238474797e-19,2.43895605601334e-19,5.0556449670205e-19,3.68802438427792e-21,4.65539100952634e-20,3.2678663412571e-19,7.46630191709731e-19
1841,"other krill",2111,0.000358542737473912,0.00170788321519835,0.00382652020639724,3.42087860114283e-06,6.67636287891348e-05,0.0015311472982824,0.00815229530070042
1841,"other macrozooplankton",2111,0.000807673441463691,0.00136155552959757,0.0018490445332694,8.85338502438877e-06,0.000165674204765862,0.00183497280121262,0.00422039040461151
1841,"salps",2111,0.0488739601845555,0.0624451865729573,0.0462979657440896,0.00816239493912825,0.0252908612484917,0.0915126144259643,0.153729736268884
1841,"shelf and coastal fishes",2111,0.0135141430669932,0.0118134052427177,0.00659057178643272,0.000166367386217682,0.00721991776532076,0.0168781476492054,0.0205782381579832
1841,"small divers",2111,0,0,0,0,0,0,0
1841,"sperm whales",2111,0,0,0,0,0,0,0
1841,"squids",2111,8.29599673182265e-06,7.3879383584716e-06,4.14559106979566e-06,8.34149573175464e-08,4.51624837077857e-06,1.07779142466302e-05,1.26808630053449e-05
1841,"toothfishes",2111,4.48866682228359e-05,3.82100044650926e-05,2.11096702389585e-05,7.31992820936371e-07,2.17558511793783e-05,5.47470593898779e-05,6.43547734455917e-05
1846,"External",2111,0,0,0,0,0,0,0
1846,"Resource",2111,0.731692508036842,0.741105309400746,0.0928192377205524,0.600592143069426,0.668978397579601,0.805869544822301,0.899159334833089
1846,"antarctic krill",2111,0.0386179030406277,0.068564946625512,0.0778151256384067,0.00172386158481298,0.012009252105654,0.097363825706997,0.245480179915062
1846,"baleen whales",2111,0,0,0,0,0,0,0
1846,"bathypelagic fishes",2111,0.0623109314672558,0.0638784820521701,0.042145395286765,0.00167990062286207,0.0328634599351885,0.0931044809023399,0.13515982163707
1846,"flying birds",2111,0,0,0,0,0,0,0
1846,"large divers",2111,0,0,0,0,0,0,0
1846,"leopard seals",2111,4.0907044189337e-20,5.84494546620544e-20,6.66316374028134e-20,3.45726055620977e-22,9.09525611565378e-21,8.76482804620627e-20,1.73751808867e-19
1846,"medium divers",2111,0,0,0,0,0,0,0
1846,"mesopelagic fishes",2111,0.0470680999382435,0.0500566694994884,0.0355377863819696,0.00211855608647902,0.0178202154208604,0.0742199348413198,0.112378671727238
1846,"mesozooplankton",2111,2.4682691431825e-16,3.05174655056177e-16,2.44067000137921e-16,3.22903720121761e-17,1.20828974077741e-16,4.2808630470918e-16,8.04677890611672e-16
1846,"minke whales",2111,0,0,0,0,0,0,0
1846,"orca",2111,1.4607693307902e-19,2.30226533767197e-19,3.79219418839662e-19,2.97876005209886e-21,4.68811910317133e-20,3.14656086521772e-19,6.8804963903061e-19
1846,"other krill",2111,0.000356879771351747,0.00166956830989719,0.00372001865514617,3.52229302595674e-06,6.70943344632628e-05,0.00150773862890952,0.00792427439808095
1846,"other macrozooplankton",2111,0.000814122674580451,0.00135251809495315,0.00182709208447566,8.95432435906282e-06,0.000164607319690218,0.00182690053679514,0.00418748594286422
1846,"salps",2111,0.0491303766489969,0.0619029308620295,0.0452292627554924,0.00820786852000107,0.0257026146837607,0.0911228419509467,0.150429102203018
1846,"shelf and coastal fishes",2111,0.013060453967808,0.0114248372484818,0.00636590077835007,0.000163976737749413,0.0069750895352837,0.0163489689432018,0.0199291175872157
1846,"small divers",2111,0,0,0,0,0,0,0
1846,"sperm whales",2111,0,0,0,0,0,0,0
1846,"squids",2111,8.1056714511208e-06,7.19277168257341e-06,4.02480120835551e-06,8.1220280536676e-08,4.44108271345573e-06,1.04944531357301e-05,1.2332170018936e-05
1846,"toothfishes",2111,4.39792789274876e-05,3.75451350390727e-05,2.06229781082948e-05,7.19042870232531e-07,2.15778122415495e-05,5.35999488427767e-05,6.26798912068358e-05
1851,"External",2111,0,0,0,0,0,0,0
1851,"Resource",2111,0.729293106949399,0.738310754284026,0.0933457732174393,0.597028618454675,0.666711360113826,0.803442040744464,0.897308837368082
1851,"antarctic krill",2111,0.0392766080852417,0.0693557691828935,0.0789197390015426,0.00172414805931672,0.0118600720615512,0.0988309700571234,0.248945378973275
1851,"baleen whales",2111,0,0,0,0,0,0,0
1851,"bathypelagic fishes",2111,0.0625084861748862,0.0642464844157305,0.042176055424532,0.00171091430197284,0.0332707189318053,0.093799620668537,0.13516328050057
1851,"flying birds",2111,0,0,0,0,0,0,0
1851,"large divers",2111,0,0,0,0,0,0,0
1851,"leopard seals",2111,4.32900140918944e-20,5.98379859209577e-20,6.17934613416272e-20,3.52441656661038e-22,8.03346854008861e-21,9.15554121695557e-20,1.77130016879364e-19
1851,"medium divers",2111,0,0,0,0,0,0,0
1851,"mesopelagic fishes",2111,0.0478933826525032,0.0506285692398383,0.0356882573122938,0.00217474725710746,0.0184969363418168,0.0752540030456798,0.113258868199026
1851,"mesozooplankton",2111,2.69785960580232e-16,3.18585569476262e-16,2.5355031972241e-16,3.28356366513091e-17,1.31044679511947e-16,4.36074880365731e-16,8.21296200533883e-16
1851,"minke whales",2111,0,0,0,0,0,0,0
1851,"orca",2111,1.4645388772877e-19,2.30859774075777e-19,3.75745578413513e-19,3.04746216715447e-21,4.60454554326024e-20,3.11346633239419e-19,6.92030634557923e-19
1851,"other krill",2111,0.000375881596826184,0.00169754207495903,0.00373587177648577,3.49845667279395e-06,6.92880742995515e-05,0.00157195478370243,0.00806253418605664
1851,"other macrozooplankton",2111,0.000855232230573101,0.00140322396167516,0.00188920914889027,9.4377485508292e-06,0.000171553637972973,0.00190600528548419,0.00429073790751642
1851,"salps",2111,0.0501002533252061,0.062841702185899,0.0456895500259028,0.00841802122571796,0.0261674220222391,0.0928742718814083,0.151897879289539
1851,"shelf and coastal fishes",2111,0.0130951866655794,0.0114707189180857,0.00638110587556782,0.000166296550536544,0.00702052805565757,0.0163778227944969,0.0200067927799294
1851,"small divers",2111,0,0,0,0,0,0,0
1851,"sperm whales",2111,0,0,0,0,0,0,0
1851,"squids",2111,8.1803685395903e-06,7.26906711330586e-06,4.05672241744449e-06,8.27130948473906e-08,4.51133794910933e-06,1.06037388655291e-05,1.24529230077898e-05
1851,"toothfishes",2111,4.44007339570715e-05,3.79666697794366e-05,2.07739118547168e-05,7.29653776433455e-07,2.19923443818761e-05,5.40879151136363e-05,6.31652610109376e-05
1856,"External",2111,0,0,0,0,0,0,0
1856,"Resource",2111,0.728955781462073,0.738762174608799,0.0919856612440386,0.59982353924032,0.668180502174787,0.802143892691903,0.895325243191389
1856,"antarctic krill",2111,0.0388980916984735,0.068733984366442,0.0778995044362088,0.00171453461384631,0.011991687646114,0.0975331638246612,0.245774601736077
1856,"baleen whales",2111,0,0,0,0,0,0,0
1856,"bathypelagic fishes",2111,0.0634013196241833,0.0646249041533709,0.04209562540279,0.00168805433583576,0.0338392430021761,0.0940148241056692,0.135448898900649
1856,"flying birds",2111,0,0,0,0,0,0,0
1856,"large divers",2111,0,0,0,0,0,0,0
1856,"leopard seals",2111,4.23138952743756e-20,5.87918869903358e-20,6.04866281120608e-20,3.42192795252498e-22,7.53939892606714e-21,8.91164041419575e-20,1.74577149956582e-19
1856,"medium divers",2111,0,0,0,0,0,0,0
1856,"mesopelagic fishes",2111,0.0486777595359032,0.0508433385804405,0.035581432131942,0.0021438742286284,0.0187137500606344,0.0750670307416831,0.113215214852272
1856,"mesozooplankton",2111,2.50442958513048e-16,3.01430335182745e-16,2.3818707884569e-16,3.30102966197832e-17,1.16137035638605e-16,4.27978010817353e-16,7.47444608049629e-16
1856,"minke whales",2111,0,0,0,0,0,0,0
1856,"orca",2111,1.58926277736445e-19,2.38417503001614e-19,5.62312488284814e-19,3.16098978415663e-21,4.9258694466261e-20,3.05893025646477e-19,6.42827656102924e-19
1856,"other krill",2111,0.000367479517306415,0.00168608357876104,0.0037235671531866,3.68647038641568e-06,6.98647674848217e-05,0.00153456334052777,0.00799376978020727
1856,"other macrozooplankton",2111,0.000868227660048497,0.00140953500890339,0.00189257794107457,9.48592441908265e-06,0.000172250855365292,0.00190216458444134,0.00430749615411162
1856,"salps",2111,0.0498295890172291,0.0623452042301114,0.0451888694137919,0.00840166878331758,0.0261035546833967,0.092141450179778,0.150461949745459
1856,"shelf and coastal fishes",2111,0.013160739763248,0.0115498759285232,0.00641333424820422,0.000167118632417715,0.00708662544101614,0.0165096713744405,0.0200456558157329
1856,"small divers",2111,0,0,0,0,0,0,0
1856,"sperm whales",2111,0,0,0,0,0,0,0
1856,"squids",2111,8.01582586862484e-06,7.14179548641928e-06,3.97671032964392e-06,8.19110514300871e-08,4.47194906857636e-06,1.04040033937949e-05,1.2232792451859e-05
1856,"toothfishes",2111,4.39799331534734e-05,3.77577491621632e-05,2.06201660354446e-05,7.2512381711833e-07,2.20969789258621e-05,5.37243507352329e-05,6.27198237524056e-05
1861,"External",2111,0,0,0,0,0,0,0
1861,"Resource",2111,0.723259828057643,0.731773201700356,0.0959317186226491,0.585019369392966,0.65753714574014,0.799647717856704,0.894285843744582
1861,"antarctic krill",2111,0.0404499197383469,0.0717218038255487,0.0819299030080866,0.00178527692900874,0.0121529478712965,0.101111323460761,0.257438847302156
1861,"baleen whales",2111,0,0,0,0,0,0,0
1861,"bathypelagic fishes",2111,0.0642928332933158,0.0658031818476718,0.0433693120765446,0.00179443257101758,0.0338534657129839,0.0962507175154426,0.13957204460189
1861,"flying birds",2111,0,0,0,0,0,0,0
1861,"large divers",2111,0,0,0,0,0,0,0
1861,"leopard seals",2111,4.68495373138515e-20,6.3236934688447e-20,6.4665543895609e-20,3.16819013444896e-22,9.09823458590002e-21,9.59966760467192e-20,1.82917456229298e-19
1861,"medium divers",2111,0,0,0,0,0,0,0
1861,"mesopelagic fishes",2111,0.0484802897186988,0.0515784086247861,0.0367350757379624,0.0022374524300467,0.0189884438282607,0.0763308614518731,0.116387336291399
1861,"mesozooplankton",2111,2.45882919694746e-16,3.10717141544559e-16,2.59937489385114e-16,3.3122523767343e-17,1.10013871820761e-16,4.35498311802654e-16,8.27638455639983e-16
1861,"minke whales",2111,0,0,0,0,0,0,0
1861,"orca",2111,1.68229207113728e-19,2.52958473511223e-19,4.18694213040882e-19,3.73662779390006e-21,5.5665480127836e-20,3.34488850951033e-19,7.39843183614422e-19
1861,"other krill",2111,0.000407309023879136,0.00182185524474202,0.00398439138906838,3.92681961088842e-06,7.4531247954643e-05,0.0016956388528846,0.00867865702849646
1861,"other macrozooplankton",2111,0.000888943024464198,0.00148310020007288,0.00201727446302835,1.00559053680721e-05,0.00017870454480042,0.00200682482128713,0.00443572060948816
1861,"salps",2111,0.0503403103763313,0.0640150298470551,0.0471029485862631,0.00854682063383449,0.0266933415718788,0.0951941968260973,0.156491321554339
1861,"shelf and coastal fishes",2111,0.0134150285620401,0.0117563103441278,0.00652366965550164,0.000172973275353429,0.00725781989234109,0.0167662087779235,0.02056789614379
1861,"small divers",2111,0,0,0,0,0,0,0
1861,"sperm whales",2111,0,0,0,0,0,0,0
1861,"squids",2111,8.49277199851832e-06,7.60038858653606e-06,4.23429727633383e-06,8.78342058407919e-08,4.72156630434283e-06,1.10438884987235e-05,1.30163258311951e-05
1861,"toothfishes",2111,4.61974327567805e-05,3.95079770522501e-05,2.16139744683824e-05,7.7488877752827e-07,2.26505145920268e-05,5.61436982134712e-05,6.59706679275293e-05
1866,"External",2111,0,0,0,0,0,0,0
1866,"Resource",2111,0.729286931267171,0.738768263766261,0.0920938069978709,0.599072829037766,0.667926963786794,0.802617268711682,0.894668759257674
1866,"antarctic krill",2111,0.038983981982664,0.0687141226449946,0.0777373863650424,0.00175716211708238,0.0119896968335217,0.097101762548543,0.244912818439228
1866,"baleen whales",2111,0,0,0,0,0,0,0
1866,"bathypelagic fishes",2111,0.0629421434965657,0.0647373745095161,0.0422351711392062,0.00168591568231192,0.0339048831798491,0.0942464531997289,0.136025479688351
1866,"flying birds",2111,0,0,0,0,0,0,0
1866,"large divers",2111,0,0,0,0,0,0,0
1866,"leopard seals",2111,4.348158210946e-20,5.91176610987459e-20,5.86662602968153e-20,2.95887689342652e-22,7.46383781059021e-21,9.34685782620786e-20,1.72189436242566e-19
1866,"medium divers",2111,0,0,0,0,0,0,0
1866,"mesopelagic fishes",2111,0.0480405646509076,0.0505820868170507,0.0356511294287133,0.00213020190187907,0.0190395980808265,0.0747587995419093,0.11328010830062
1866,"mesozooplankton",2111,2.64757333496832e-16,3.12896048174338e-16,2.44889353610786e-16,3.13064781814908e-17,1.23329001594797e-16,4.37748202466856e-16,7.86141993603477e-16
1866,"minke whales",2111,0,0,0,0,0,0,0
1866,"orca",2111,1.51515341216688e-19,2.36221393867201e-19,3.58176833935866e-19,2.50522961787598e-21,4.92813871315894e-20,3.13608966749057e-19,7.20483454920337e-19
1866,"other krill",2111,0.000367123613328529,0.00169801010561562,0.00374234152149532,3.75310142522734e-06,7.03267482732298e-05,0.00153648006721689,0.00813025050111147
1866,"other macrozooplankton",2111,0.000838019920254952,0.00138177742798607,0.00186854471222147,9.51563683481351e-06,0.000170454453626582,0.0018621344140605,0.00422430488483045
1866,"salps",2111,0.0499135118193792,0.0625134376529478,0.045283576505191,0.00841610788770983,0.0263654284797116,0.0928822343509778,0.151083740394382
1866,"shelf and coastal fishes",2111,0.0131641011197202,0.0115599184792814,0.00639968244197902,0.000168949985228849,0.00710215175155209,0.0165064297995479,0.0200873228575026
1866,"small divers",2111,0,0,0,0,0,0,0
1866,"sperm whales",2111,0,0,0,0,0,0,0
1866,"squids",2111,8.05108697026203e-06,7.19860047283688e-06,3.99491684439911e-06,8.42786701666257e-08,4.54187119258066e-06,1.04611148331915e-05,1.23385931008275e-05
1866,"toothfishes",2111,4.40655677252504e-05,3.78099958729609e-05,2.05723223186765e-05,7.36016353644436e-07,2.22659430089684e-05,5.3675129462852e-05,6.27098887719876e-05
1871,"External",2111,0,0,0,0,0,0,0
1871,"Resource",2111,0.727625897315408,0.736664484888313,0.0922804089424814,0.5961661365299,0.666087938041083,0.800672477206276,0.893877948908514
1871,"antarctic krill",2111,0.0394482806419621,0.0693654514716734,0.0786549805627281,0.00172320730894837,0.0118841763447308,0.0979164383823144,0.247873544581286
1871,"baleen whales",2111,0,0,0,0,0,0,0
1871,"bathypelagic fishes",2111,0.0635976308684017,0.0648714863968337,0.0420864874254201,0.00171582110132509,0.034201683836651,0.0947367426061125,0.135715321055655
1871,"flying birds",2111,0,0,0,0,0,0,0
1871,"large divers",2111,0,0,0,0,0,0,0
1871,"leopard seals",2111,4.4542796066986e-20,5.95389934674347e-20,6.03842012775957e-20,3.12134899289005e-22,8.72793030040485e-21,9.03719782501787e-20,1.78149554045262e-19
1871,"medium divers",2111,0,0,0,0,0,0,0
1871,"mesopelagic fishes",2111,0.0484984175234778,0.0510376918988887,0.0356879540164063,0.00217480852563528,0.0196389055619315,0.0758367146628777,0.113206346797379
1871,"mesozooplankton",2111,2.74275321740549e-16,3.21799803901302e-16,2.47082899450053e-16,3.20070594744699e-17,1.31947861683108e-16,4.60913175415603e-16,7.86122496659531e-16
1871,"minke whales",2111,0,0,0,0,0,0,0
1871,"orca",2111,1.57226687353558e-19,2.37738395903291e-19,4.22928374171674e-19,3.14743687910442e-21,4.98072521763092e-20,3.21981392700663e-19,6.91117208577899e-19
1871,"other krill",2111,0.000388425912267379,0.0017277315673445,0.00376030213862924,3.75588872134351e-06,7.18019917496119e-05,0.00160437878608123,0.008249507195539
1871,"other macrozooplankton",2111,0.000883960095867233,0.00143529074294225,0.00193027359311956,1.00743328289857e-05,0.000177406555336927,0.0019518045546133,0.00433481900422383
1871,"salps",2111,0.0506853144708452,0.0632814466695896,0.0456520228138513,0.00873827345983749,0.0267583129396937,0.0938004765879368,0.151910671054275
1871,"shelf and coastal fishes",2111,0.0131564478371085,0.0115709762747343,0.00638731399098161,0.000170763714360775,0.00711312433563423,0.0164586779905879,0.0200404088778934
1871,"small divers",2111,0,0,0,0,0,0,0
1871,"sperm whales",2111,0,0,0,0,0,0,0
1871,"squids",2111,8.15482442876829e-06,7.28113158105684e-06,4.02845570407396e-06,8.64649584495314e-08,4.60456740516398e-06,1.05724306664225e-05,1.24454075172441e-05
1871,"toothfishes",2111,4.43177155564706e-05,3.81589580996268e-05,2.06782979052042e-05,7.48065268082046e-07,2.26047060202416e-05,5.4090828618214e-05,6.30831829544696e-05
1876,"External",2111,0,0,0,0,0,0,0
1876,"Resource",2111,0.728254583919488,0.737387132490001,0.0907937275680671,0.599384267573609,0.668021014071365,0.79973085779311,0.892309380715164
1876,"antarctic krill",2111,0.0393595853303219,0.0687561277117284,0.0776363159725935,0.00173077513531619,0.0119938119110001,0.0966318218893609,0.245857611529312
1876,"baleen whales",2111,0,0,0,0,0,0,0
1876,"bathypelagic fishes",2111,0.063667948101085,0.0651368969047712,0.041920877258113,0.00169519730485099,0.0348224322338355,0.0947256860386761,0.135645325043104
1876,"flying birds",2111,0,0,0,0,0,0,0
1876,"large divers",2111,0,0,0,0,0,0,0
1876,"leopard seals",2111,3.74549691580394e-20,5.60075825985533e-20,5.88814362408512e-20,2.93634195606551e-22,7.28519529935482e-21,8.63050152978426e-20,1.67325946242687e-19
1876,"medium divers",2111,0,0,0,0,0,0,0
1876,"mesopelagic fishes",2111,0.0488462402229008,0.051229945186531,0.035556435334502,0.00215920518103842,0.0198740484929464,0.0755139779001872,0.113575328705582
1876,"mesozooplankton",2111,2.49157560759565e-16,2.99910168683164e-16,2.37961894429347e-16,3.22041472032369e-17,1.16501776577042e-16,4.21963716854906e-16,7.57122882250327e-16
1876,"minke whales",2111,0,0,0,0,0,0,0
1876,"orca",2111,1.48026567238144e-19,2.3838652021419e-19,4.32439775247533e-19,3.31060165249516e-21,4.20010899718234e-20,3.21998555479239e-19,6.95334414335397e-19
1876,"other krill",2111,0.000379821349570655,0.00171574339074633,0.00374741094981885,3.76592785256167e-06,7.31670009893064e-05,0.00157098539136976,0.00822159226089065
1876,"other macrozooplankton",2111,0.000893355688860585,0.00144217959095346,0.00193333767861211,1.01294792418745e-05,0.00018077691199186,0.0019576121523931,0.00435385764814083
1876,"salps",2111,0.0503566833819001,0.0626986125657423,0.0451115705884873,0.00869027301277444,0.0266589206458695,0.0931579870773387,0.150229168446434
1876,"shelf and coastal fishes",2111,0.0131620192769477,0.0115882760316463,0.00639040055560089,0.000171047000386481,0.00717672443879743,0.0165424374350962,0.0199937846427608
1876,"small divers",2111,0,0,0,0,0,0,0
1876,"sperm whales",2111,0,0,0,0,0,0,0
1876,"squids",2111,8.02092686921638e-06,7.1563322319427e-06,3.94967629606613e-06,8.54903085313761e-08,4.52104776084166e-06,1.03872751659576e-05,1.22253926746015e-05
1876,"toothfishes",2111,4.3996733085097e-05,3.79297956483124e-05,2.05147031359092e-05,7.41565149681471e-07,2.25454401089972e-05,5.37418412345668e-05,6.27587906683958e-05
1881,"External",2111,0,0,0,0,0,0,0
1881,"Resource",2111,0.721760937883419,0.730379902379513,0.0946993347357587,0.585234734650843,0.657692702569915,0.797215613519834,0.891226120163206
1881,"antarctic krill",2111,0.0406865517057415,0.0717792548862474,0.0816678806664715,0.00172348017205227,0.0121044372375347,0.100288388656868,0.256843726115753
1881,"baleen whales",2111,0,0,0,0,0,0,0
1881,"bathypelagic fishes",2111,0.0651762195874886,0.0663157067608556,0.0431850641592981,0.0018017868305022,0.0341234743326086,0.0965219621635684,0.139490719450059
1881,"flying birds",2111,0,0,0,0,0,0,0
1881,"large divers",2111,0,0,0,0,0,0,0
1881,"leopard seals",2111,4.36929523638719e-20,6.20691262846357e-20,6.35552732212034e-20,3.77783297609056e-22,9.05158523721773e-21,9.75664557931973e-20,1.79601617681039e-19
1881,"medium divers",2111,0,0,0,0,0,0,0
1881,"mesopelagic fishes",2111,0.0492807798971624,0.0519729908856741,0.0367008728999591,0.0022434128842164,0.0201152828297414,0.0769744914795141,0.116777761039604
1881,"mesozooplankton",2111,2.50641839254177e-16,3.13253444843213e-16,2.56581912350692e-16,3.08973849459813e-17,1.1490888883548e-16,4.40269900647949e-16,8.15496761709399e-16
1881,"minke whales",2111,0,0,0,0,0,0,0
1881,"orca",2111,1.50365390936364e-19,2.33033072000914e-19,3.90525784322774e-19,4.36414611920704e-21,5.16688900184494e-20,3.07733922499039e-19,6.83156168296444e-19
1881,"other krill",2111,0.000420981837416565,0.00185362429232157,0.00400983558169889,4.19851549457353e-06,7.74334101195358e-05,0.00174166515076539,0.0088422434863607
1881,"other macrozooplankton",2111,0.00092344918412769,0.00151747390374963,0.00206109849650496,1.05889444700386e-05,0.00018666922175228,0.00204499602103938,0.00452318378755062
1881,"salps",2111,0.0509605727264901,0.0643586560792858,0.0470244722811905,0.00883747164388497,0.0271916050443911,0.0953739884914058,0.155872365097028
1881,"shelf and coastal fishes",2111,0.0133521293197787,0.0117750873085968,0.00648986551687558,0.000176866896723446,0.00724953334531654,0.0167408407173038,0.0205760599078145
1881,"small divers",2111,0,0,0,0,0,0,0
1881,"sperm whales",2111,0,0,0,0,0,0,0
1881,"squids",2111,8.48237272007018e-06,7.61628217986078e-06,4.20604159068652e-06,9.19023938237536e-08,4.83283941706056e-06,1.10153432310923e-05,1.3024063733062e-05
1881,"toothfishes",2111,4.6013460653542e-05,3.96872215762669e-05,2.15008675543856e-05,7.89525587078261e-07,2.34089384196517e-05,5.61141289802976e-05,6.59138636320326e-05
1886,"External",2111,0,0,0,0,0,0,0
1886,"Resource",2111,0.728160912919314,0.737326607887864,0.0908155857748809,0.599170331970287,0.667487853047301,0.800021188966085,0.890159200962281
1886,"antarctic krill",2111,0.0391910401409388,0.0688239869748842,0.0775181004246928,0.00170798658289518,0.0119408127140899,0.0969110862543015,0.244657142449761
1886,"baleen whales",2111,0,0,0,0,0,0,0
1886,"bathypelagic fishes",2111,0.0638806826594844,0.0652476437439078,0.0420565490351358,0.001693794344093,0.034536002147475,0.0950723530025101,0.136078009092376
1886,"flying birds",2111,0,0,0,0,0,0,0
1886,"large divers",2111,0,0,0,0,0,0,0
1886,"leopard seals",2111,4.19314573618757e-20,6.08233166949894e-20,6.36591081338141e-20,3.24446831520887e-22,8.6057753771228e-21,9.26326112940062e-20,1.83967687508238e-19
1886,"medium divers",2111,0,0,0,0,0,0,0
1886,"mesopelagic fishes",2111,0.0484191048689879,0.0509756711108973,0.035615170131839,0.00214203584338587,0.0200421229956148,0.0754228537950133,0.113649420041985
1886,"mesozooplankton",2111,2.608504753961e-16,3.06690955878517e-16,2.36795922154752e-16,3.2196496136188e-17,1.28589847449064e-16,4.21920877559567e-16,7.68774757984996e-16
1886,"minke whales",2111,0,0,0,0,0,0,0
1886,"orca",2111,1.50345380538015e-19,2.37222258790671e-19,4.5469645636151e-19,3.4005351715221e-21,4.71951673174471e-20,3.22071952059279e-19,6.66326576471268e-19
1886,"other krill",2111,0.000377187092017347,0.00172714492032591,0.00376422518951535,3.8086411048109e-06,7.26238616963907e-05,0.00157010279560846,0.00830317028803143
1886,"other macrozooplankton",2111,0.000863289734478139,0.00141304864391248,0.00190710427896375,1.01605207228973e-05,0.000179570883799029,0.00189336975851989,0.00429814386151384
1886,"salps",2111,0.0505044696852771,0.0628589694926087,0.0452077264238628,0.00869177344604682,0.0266837123759492,0.0930593044604028,0.150814289427879
1886,"shelf and coastal fishes",2111,0.0131185158286913,0.0115817320146544,0.00636864521634262,0.000172907384411425,0.00718926434212244,0.0164685554570496,0.0200080672656019
1886,"small divers",2111,0,0,0,0,0,0,0
1886,"sperm whales",2111,0,0,0,0,0,0,0
1886,"squids",2111,8.0678830294439e-06,7.21301133916008e-06,3.96767228536084e-06,8.72947173207046e-08,4.6021344022124e-06,1.04511224224441e-05,1.23198119641921e-05
1886,"toothfishes",2111,4.40627253307538e-05,3.798219960628e-05,2.0468002604388e-05,7.48965395335684e-07,2.28456338491623e-05,5.36751894772418e-05,6.27750710872804e-05
1891,"External",2111,0,0,0,0,0,0,0
1891,"Resource",2111,0.726444289500135,0.735152569294638,0.0909449491342669,0.597146575602073,0.665668244314159,0.798034845017716,0.887602300444079
1891,"antarctic krill",2111,0.0395032721469824,0.069525596035004,0.0784630517257182,0.0016483820948214,0.0117939699923019,0.0986131094601705,0.247531574122637
1891,"baleen whales",2111,0,0,0,0,0,0,0
1891,"bathypelagic fishes",2111,0.064723907722986,0.0653812095051786,0.0419149982596512,0.00172491299371766,0.0349121202487975,0.0952308732668585,0.135468903233041
1891,"flying birds",2111,0,0,0,0,0,0,0
1891,"large divers",2111,0,0,0,0,0,0,0
1891,"leopard seals",2111,4.07011079511316e-20,5.92155724818089e-20,6.15679881261526e-20,3.75439348041674e-22,8.17502823227444e-21,9.37124123562639e-20,1.7668152485863e-19
1891,"medium divers",2111,0,0,0,0,0,0,0
1891,"mesopelagic fishes",2111,0.0496195043819023,0.0514356532482986,0.0356560774573075,0.00218457399385928,0.0204911559880604,0.0760033873378129,0.113345259919015
1891,"mesozooplankton",2111,2.63238678561302e-16,3.19231202357272e-16,2.51368469679936e-16,2.99048637808231e-17,1.3333871450866e-16,4.45602945383529e-16,8.24431779986289e-16
1891,"minke whales",2111,0,0,0,0,0,0,0
1891,"orca",2111,1.57810273131365e-19,2.32164907560317e-19,4.00681535924838e-19,3.62466646734547e-21,5.16955728719134e-20,3.14226876904064e-19,6.83826589022348e-19
1891,"other krill",2111,0.00039688763956738,0.00175713963352048,0.00378113246631196,4.02429849910165e-06,7.48180868589554e-05,0.00162874908116446,0.00840543027940096
1891,"other macrozooplankton",2111,0.000914082557367791,0.00146756528493478,0.00196956194262619,1.07586541224234e-05,0.000188320805648563,0.00198989378515895,0.00440852545823559
1891,"salps",2111,0.0511202198145565,0.0636369306550898,0.0455804410835104,0.00895558971125862,0.0272820978013579,0.0943543836558168,0.152012800130976
1891,"shelf and coastal fishes",2111,0.0131286066559499,0.0115977077921202,0.00635814756266536,0.00017484528121743,0.00723389739084686,0.0164580190681398,0.0200293783641964
1891,"small divers",2111,0,0,0,0,0,0,0
1891,"sperm whales",2111,0,0,0,0,0,0,0
1891,"squids",2111,8.16228103026542e-06,7.29546046953352e-06,4.00079115286898e-06,8.89062902666083e-08,4.65363865779225e-06,1.05490393865484e-05,1.24375375411111e-05
1891,"toothfishes",2111,4.43755354835009e-05,3.83330907455439e-05,2.05772472228338e-05,7.57600448141317e-07,2.31795343827047e-05,5.40874928305287e-05,6.30890866252108e-05
1896,"External",2111,0,0,0,0,0,0,0
1896,"Resource",2111,0.726789396161153,0.735800604882775,0.0893674444372309,0.599906514124576,0.667632109158245,0.797485751759832,0.884956047146758
1896,"antarctic krill",2111,0.0390857155330682,0.0689931093073927,0.0775272831834048,0.00164655290059661,0.0118767820004824,0.0987455770086198,0.244381544705534
1896,"baleen whales",2111,0,0,0,0,0,0,0
1896,"bathypelagic fishes",2111,0.064911289190051,0.0656430347870282,0.0417530590127162,0.00171172147543525,0.0353560147004032,0.0951101553025294,0.135188979434821
1896,"flying birds",2111,0,0,0,0,0,0,0
1896,"large divers",2111,0,0,0,0,0,0,0
1896,"leopard seals",2111,4.28461337596342e-20,5.79670926390198e-20,5.95090078931077e-20,2.99613300624643e-22,7.72128582296353e-21,8.89243603261913e-20,1.75236671270776e-19
1896,"medium divers",2111,0,0,0,0,0,0,0
1896,"mesopelagic fishes",2111,0.0501302525640046,0.0516276587977422,0.0355291642303961,0.00217924725101662,0.0208234433615897,0.0761474254696592,0.113977584376951
1896,"mesozooplankton",2111,2.52601692894923e-16,2.96444471423957e-16,2.24207990888352e-16,3.03839344608985e-17,1.23530713577588e-16,4.07702400298316e-16,7.34812413619865e-16
1896,"minke whales",2111,0,0,0,0,0,0,0
1896,"orca",2111,1.43960037529666e-19,2.19683192814748e-19,3.12853086076808e-19,3.30977563320873e-21,4.54505507994749e-20,3.00830384211431e-19,6.46108723692203e-19
1896,"other krill",2111,0.000389672476025399,0.00174465496426534,0.00376688735168585,4.01201934472655e-06,7.58012498097944e-05,0.00160100375917542,0.00841718919492129
1896,"other macrozooplankton",2111,0.000925913276828009,0.00147427338868408,0.00197199307215774,1.0786179661569e-05,0.000190475522983933,0.00199107395080783,0.00443452015586554
1896,"salps",2111,0.0509193408960818,0.0630543780227674,0.0450403471531864,0.00892171649235314,0.0270244765446204,0.0933352777856072,0.150462584517926
1896,"shelf and coastal fishes",2111,0.0131392938789551,0.0116170159704564,0.00636268649522547,0.000175159189518343,0.00727647320187739,0.0165241086900929,0.0199891918516626
1896,"small divers",2111,0,0,0,0,0,0,0
1896,"sperm whales",2111,0,0,0,0,0,0,0
1896,"squids",2111,8.01463661510906e-06,7.17006435091612e-06,3.92224672350145e-06,8.77471143808932e-08,4.59394738723718e-06,1.03638120747029e-05,1.22178361271436e-05
1896,"toothfishes",2111,4.41201332896423e-05,3.80998145373734e-05,2.0416063672692e-05,7.53237902990166e-07,2.32902846921197e-05,5.37231061192406e-05,6.27261375469995e-05
1901,"External",2111,0,0,0,0,0,0,0
1901,"Resource",2111,0.72074311682872,0.728692794936217,0.0932010676147464,0.586038773727131,0.657755016214631,0.794317152871575,0.882469057811134
1901,"antarctic krill",2111,0.0407074002916387,0.0720972972595618,0.0816374645649733,0.0016308125114058,0.0121968839196203,0.102856452735214,0.257090760009751
1901,"baleen whales",2111,0,0,0,0,0,0,0
1901,"bathypelagic fishes",2111,0.0657414360819017,0.0668272313546682,0.0430104610463274,0.00182089310304761,0.0353248653760359,0.0971276203033302,0.139156271525552
1901,"flying birds",2111,0,0,0,0,0,0,0
1901,"large divers",2111,0,0,0,0,0,0,0
1901,"leopard seals",2111,4.58341852855371e-20,6.42009379252273e-20,6.49307410703461e-20,5.42187102210006e-22,9.78825594387307e-21,9.76422266504752e-20,1.93366932588678e-19
1901,"medium divers",2111,0,0,0,0,0,0,0
1901,"mesopelagic fishes",2111,0.0498805320788014,0.0523730645380957,0.0366683017605967,0.0022556719194894,0.0207726627562039,0.0772842972599174,0.116999511455201
1901,"mesozooplankton",2111,2.50597447395124e-16,3.1090259471864e-16,2.52693598703793e-16,3.13280591298593e-17,1.14689061107883e-16,4.37127411221904e-16,7.98723666703351e-16
1901,"minke whales",2111,0,0,0,0,0,0,0
1901,"orca",2111,1.63697838325332e-19,2.42578407835427e-19,4.10955283020403e-19,3.67897727193226e-21,5.37731045863159e-20,3.2084144972209e-19,7.00911714353354e-19
1901,"other krill",2111,0.000435565367140077,0.00188465458585951,0.00403055873424581,4.44164607983755e-06,8.12274615965376e-05,0.00176885988262353,0.00905542245066728
1901,"other macrozooplankton",2111,0.000945251934133329,0.0015512047435947,0.0021026655691659,1.11117317863038e-05,0.000198428222595947,0.00208926729675823,0.00460756324562303
1901,"salps",2111,0.0512655270125488,0.0647222845597241,0.0469584447123618,0.00902532587413192,0.027568503535743,0.0957305853769233,0.155503707480648
1901,"shelf and coastal fishes",2111,0.0132995181495069,0.0118039712201051,0.00646035812707304,0.000181022597477019,0.00741183816904245,0.0167444227024979,0.0205451922548328
1901,"small divers",2111,0,0,0,0,0,0,0
1901,"sperm whales",2111,0,0,0,0,0,0,0
1901,"squids",2111,8.47671639852601e-06,7.63098375228374e-06,4.17728240488195e-06,9.43435744632947e-08,4.86011051986141e-06,1.1004044123981e-05,1.30134063843671e-05
1901,"toothfishes",2111,4.61698166712227e-05,3.98658184218128e-05,2.13942618913662e-05,8.01367669226777e-07,2.41077665640462e-05,5.61482105559541e-05,6.5891792530825e-05
1906,"External",2111,0,0,0,0,0,0,0
1906,"Resource",2111,0.726995813971135,0.735525564436143,0.0893330751325409,0.599324119511988,0.667222571783384,0.797771562072788,0.882747684083399
1906,"antarctic krill",2111,0.0392949485803296,0.069282919312362,0.0778603454769094,0.00159960539591358,0.0119806995343699,0.0994494346789362,0.243961962479602
1906,"baleen whales",2111,0,0,0,0,0,0,0
1906,"bathypelagic fishes",2111,0.0650776753470516,0.0657517561471088,0.0418851091181818,0.00169972774289083,0.0354909656568355,0.0953336837932793,0.135646164950573
1906,"flying birds",2111,0,0,0,0,0,0,0
1906,"large divers",2111,0,0,0,0,0,0,0
1906,"leopard seals",2111,4.54365354647037e-20,6.12631442658167e-20,6.19765180130859e-20,4.49402719455775e-22,9.20742680015791e-21,9.41265234547093e-20,1.78187278097237e-19
1906,"medium divers",2111,0,0,0,0,0,0,0
1906,"mesopelagic fishes",2111,0.0494857002571335,0.0513702328206677,0.0355822796112176,0.00216019709948484,0.0208065721348384,0.0759197690699185,0.114088695195426
1906,"mesozooplankton",2111,2.60836886755188e-16,3.10745267518324e-16,2.42931530274333e-16,3.19554387503357e-17,1.25032881137044e-16,4.29808531486254e-16,7.90105131121655e-16
1906,"minke whales",2111,0,0,0,0,0,0,0
1906,"orca",2111,1.40485886645466e-19,2.27421740465061e-19,5.87944945987712e-19,2.81662555789744e-21,4.61519753592121e-20,3.05080352870144e-19,6.39114035054282e-19
1906,"other krill",2111,0.000388802279048332,0.00175561387849546,0.00378171972434149,4.07413237305719e-06,7.54570924261038e-05,0.0015944791585881,0.00851146909640055
1906,"other macrozooplankton",2111,0.000892421742838433,0.00144373187152608,0.00194338319395721,1.00274978483033e-05,0.000189289762955635,0.00193127489751143,0.00436969723439751
1906,"salps",2111,0.0509568660323191,0.0632141577205868,0.0451365856613596,0.00893884366456386,0.0271880486483478,0.0931777273627317,0.150816198341216
1906,"shelf and coastal fishes",2111,0.0130681075405693,0.0116106435884003,0.00634065180189228,0.000177225126464478,0.00728956586306323,0.0164820395924,0.0200304686283371
1906,"small divers",2111,0,0,0,0,0,0,0
1906,"sperm whales",2111,0,0,0,0,0,0,0
1906,"squids",2111,8.03719946341042e-06,7.22669355237319e-06,3.94014937798791e-06,8.96254826633013e-08,4.63980632502232e-06,1.04109059834495e-05,1.23072343942784e-05
1906,"toothfishes",2111,4.42328236628307e-05,3.81535311567302e-05,2.03715038595707e-05,7.61477981901169e-07,2.35223303289735e-05,5.37248037733383e-05,6.27406123152819e-05
1911,"External",2111,0,0,0,0,0,0,0
1911,"Resource",2111,0.725044723260099,0.733168694034883,0.0897267747235027,0.597322748809932,0.665236830924771,0.795211727639102,0.881744211762298
1911,"antarctic krill",2111,0.0395962406105337,0.070168870391741,0.0795263932464538,0.00158028388187595,0.0120320578391413,0.100793382605973,0.247692924544073
1911,"baleen whales",2111,0,0,0,0,0,0,0
1911,"bathypelagic fishes",2111,0.0658416362220877,0.0658823596544588,0.0417509191607138,0.00173462512581499,0.0357324996382227,0.0955220749611429,0.135148414931059
1911,"flying birds",2111,0,0,0,0,0,0,0
1911,"large divers",2111,0,0,0,0,0,0,0
1911,"leopard seals",2111,4.47835782501912e-20,6.09569134958567e-20,6.20648277041154e-20,3.33064642469063e-22,8.60441093277695e-21,9.34233784135899e-20,1.79745309390585e-19
1911,"medium divers",2111,0,0,0,0,0,0,0
1911,"mesopelagic fishes",2111,0.0502574760700685,0.0518314973248866,0.035628403688329,0.00222273252878466,0.0210912417782363,0.0768077595738286,0.113682945902621
1911,"mesozooplankton",2111,2.65982624410037e-16,3.18247083358967e-16,2.50413165631937e-16,3.27877058883055e-17,1.26379035618964e-16,4.4438148009392e-16,8.12715825055318e-16
1911,"minke whales",2111,0,0,0,0,0,0,0
1911,"orca",2111,1.47165876002209e-19,2.1530744400084e-19,2.65028084428087e-19,3.12649544795732e-21,4.48846356019047e-20,2.92098300144686e-19,6.55464375150244e-19
1911,"other krill",2111,0.000408205805769702,0.00178588805761999,0.003797587577509,4.32101894188672e-06,7.89745507010853e-05,0.00167526722258026,0.0086441915303711
1911,"other macrozooplankton",2111,0.00094396419620093,0.00149925241264382,0.00200636303279619,1.03237584737589e-05,0.000198348780192223,0.00201642228132478,0.00447212432164075
1911,"salps",2111,0.0516254945077795,0.0639916817582807,0.0455082107352693,0.00915713187891464,0.0278900238758596,0.0945056798503517,0.151526082131179
1911,"shelf and coastal fishes",2111,0.0130699209242915,0.0116259401853026,0.00632958280101416,0.000179224588517333,0.00734008986229212,0.0164614794881283,0.0200388974731524
1911,"small divers",2111,0,0,0,0,0,0,0
1911,"sperm whales",2111,0,0,0,0,0,0,0
1911,"squids",2111,8.1353161081362e-06,7.30939784464622e-06,3.97307731609536e-06,9.1270106847518e-08,4.72616147528513e-06,1.05290133795117e-05,1.24248488066471e-05
1911,"toothfishes",2111,4.46276025088e-05,3.85067823381758e-05,2.04879875580558e-05,7.69724212140699e-07,2.38884825266895e-05,5.40525179364497e-05,6.29120141556798e-05
1916,"External",2111,0,0,0,0,0,0,0
1916,"Resource",2111,0.725028658000483,0.733583315493485,0.0887440962865518,0.60009477582028,0.667119851371016,0.793781119805512,0.88080273597249
1916,"antarctic krill",2111,0.0392433439881244,0.0698809600759273,0.0798515541295641,0.00156903937896087,0.0122343767291125,0.100045593653826,0.24589565296576
1916,"baleen whales",2111,0,0,0,0,0,0,0
1916,"bathypelagic fishes",2111,0.0660454636228095,0.0661403569013254,0.0415942221081474,0.00171943217273284,0.0361665558833006,0.0952692346367898,0.135016607143665
1916,"flying birds",2111,0,0,0,0,0,0,0
1916,"large divers",2111,0,0,0,0,0,0,0
1916,"leopard seals",2111,4.109643687124e-20,5.743898833687e-20,5.85326503396069e-20,3.10497074694304e-22,8.66222655075635e-21,8.70008973981934e-20,1.750201086164e-19
1916,"medium divers",2111,0,0,0,0,0,0,0
1916,"mesopelagic fishes",2111,0.0505068600615273,0.0520216428687909,0.0355071683757493,0.00220803245786795,0.0214180948720658,0.0765722970403335,0.113893243022592
1916,"mesozooplankton",2111,2.42168373629776e-16,2.9820128510949e-16,2.34627010155635e-16,2.89099203177393e-17,1.13804574598446e-16,4.26843901129428e-16,7.36425261811816e-16
1916,"minke whales",2111,0,0,0,0,0,0,0
1916,"orca",2111,1.46392142546399e-19,2.18690538172065e-19,3.56466381164055e-19,2.89131988366291e-21,4.1835512496426e-20,2.9053902616771e-19,6.61966690440303e-19
1916,"other krill",2111,0.000401270603525336,0.00177291349122593,0.00378203356773965,4.27849759392462e-06,7.89489479601616e-05,0.00163581210595659,0.00854471432009416
1916,"other macrozooplankton",2111,0.000956409911774393,0.00150575223461634,0.00200792595265817,1.0203805637727e-05,0.000198145011618019,0.00202828659383284,0.00447022694698805
1916,"salps",2111,0.0514205146379881,0.0634050396981097,0.0449681377589174,0.00918727669501582,0.0274463337255727,0.093704538739409,0.150020482084966
1916,"shelf and coastal fishes",2111,0.013113651285411,0.011644565636955,0.0063344489743576,0.000179414143617169,0.00741614988478757,0.0165108137289952,0.0200043347309265
1916,"small divers",2111,0,0,0,0,0,0,0
1916,"sperm whales",2111,0,0,0,0,0,0,0
1916,"squids",2111,7.986799488335e-06,7.18358887987144e-06,3.89497563483126e-06,9.0106101957256e-08,4.66637726051901e-06,1.03235518931332e-05,1.21946129937172e-05
1916,"toothfishes",2111,4.43335710848857e-05,3.82700106844818e-05,2.03315684726657e-05,7.6592897330278e-07,2.37571715433632e-05,5.35762565775238e-05,6.26286146326843e-05
1921,"External",2111,0,0,0,0,0,0,0
1921,"Resource",2111,0.718360317684883,0.726287467123421,0.0927205321974604,0.586139360722557,0.656757070632008,0.790557418808577,0.878924859970592
1921,"antarctic krill",2111,0.0410325437968267,0.0731539631608754,0.0844106542434082,0.0015635211627063,0.0123079404299081,0.103549883797145,0.258473851050971
1921,"baleen whales",2111,0,0,0,0,0,0,0
1921,"bathypelagic fishes",2111,0.0670120625176386,0.0673310954356698,0.0428469314292425,0.00181293835684256,0.0360856387426599,0.0971487469565283,0.139060199727545
1921,"flying birds",2111,0,0,0,0,0,0,0
1921,"large divers",2111,0,0,0,0,0,0,0
1921,"leopard seals",2111,4.86667542892893e-20,6.6535561278455e-20,6.97554732466812e-20,5.23472856658219e-22,1.05456215586907e-20,1.01155379961384e-19,1.93223441698479e-19
1921,"medium divers",2111,0,0,0,0,0,0,0
1921,"mesopelagic fishes",2111,0.0506486222016865,0.0527686606535006,0.0366405925900495,0.00227632239449975,0.0215422483134737,0.0778880939413583,0.117126074760459
1921,"mesozooplankton",2111,2.53355593107155e-16,3.06537129847649e-16,2.45804593826659e-16,3.14198997905957e-17,1.15793065902244e-16,4.25083019161414e-16,7.80410886319647e-16
1921,"minke whales",2111,0,0,0,0,0,0,0
1921,"orca",2111,1.63737433115736e-19,2.28880511044801e-19,2.67843478203726e-19,3.38843554498097e-21,5.0116937254515e-20,3.13013598724344e-19,6.86897442815013e-19
1921,"other krill",2111,0.000446005416400213,0.00191497411836224,0.00404667937956632,4.7089791717642e-06,8.4824788631012e-05,0.00181477664999294,0.00927448812160159
1921,"other macrozooplankton",2111,0.000970333332331454,0.0015842354227309,0.00214114962238254,1.05805312418558e-05,0.000205641309560809,0.0021442861358773,0.00466981464347458
1921,"salps",2111,0.0519546881190356,0.0650804593616801,0.0468926608960602,0.00915857682111633,0.0280384657345884,0.0966762622062615,0.155087855837109
1921,"shelf and coastal fishes",2111,0.0132601084454805,0.0118314543275295,0.00643043565698375,0.000185432011162801,0.00757307072663695,0.0167434618065556,0.0204833878409152
1921,"small divers",2111,0,0,0,0,0,0,0
1921,"sperm whales",2111,0,0,0,0,0,0,0
1921,"squids",2111,8.46458866968967e-06,7.64551201787036e-06,4.14887969013772e-06,9.68942550165227e-08,4.99037249298512e-06,1.09767303665508e-05,1.29995597154164e-05
1921,"toothfishes",2111,4.6302367141903e-05,4.00448842117405e-05,2.13014607992886e-05,8.13152271126109e-07,2.45412481304899e-05,5.60146229468327e-05,6.5839236402883e-05
1926,"External",2111,0,0,0,0,0,0,0
1926,"Resource",2111,0.724836969882389,0.732909517916166,0.089570162381595,0.598555091641978,0.666252740496977,0.793305806590795,0.880554970048165
1926,"antarctic krill",2111,0.0395056371401736,0.070577342280104,0.0820314191552506,0.00154257516425132,0.0121752212128249,0.100687219232302,0.248373264476942
1926,"baleen whales",2111,0,0,0,0,0,0,0
1926,"bathypelagic fishes",2111,0.0663850537678035,0.0662490815133653,0.0417270999476097,0.0017070965672339,0.036055358090787,0.095475672522578,0.135507224479626
1926,"flying birds",2111,0,0,0,0,0,0,0
1926,"large divers",2111,0,0,0,0,0,0,0
1926,"leopard seals",2111,4.47718617766565e-20,5.98898669808893e-20,6.19860862012862e-20,3.10142418726012e-22,9.14084649335004e-21,8.99217886257103e-20,1.76825536580812e-19
1926,"medium divers",2111,0,0,0,0,0,0,0
1926,"mesopelagic fishes",2111,0.0499068324367651,0.0517600417849632,0.0355551815318249,0.00218384799790777,0.0215866406300272,0.076410691793096,0.113880433591319
1926,"mesozooplankton",2111,2.54890357811453e-16,3.05803203858259e-16,2.35812988439024e-16,3.02038735083663e-17,1.2431420477374e-16,4.24740156145741e-16,7.71500763545996e-16
1926,"minke whales",2111,0,0,0,0,0,0,0
1926,"orca",2111,1.36894953504586e-19,2.2360426128677e-19,5.06559019748546e-19,3.22311766117507e-21,4.29145862012336e-20,2.99326032644831e-19,6.20450276198741e-19
1926,"other krill",2111,0.000401907009692097,0.00178342290836199,0.00379506702391625,4.35227663330227e-06,7.91877688702588e-05,0.00163412689483185,0.00862788509924609
1926,"other macrozooplankton",2111,0.00092823205674045,0.00147370296282807,0.00197652873042881,1.02418589900107e-05,0.000196366123283128,0.00196256415903898,0.00444508609014937
1926,"salps",2111,0.0516117545418261,0.0635626591128335,0.0450696325799173,0.00906874340378724,0.0276381332293543,0.0940678038585305,0.149988112699252
1926,"shelf and coastal fishes",2111,0.0130431124277505,0.01163866526972,0.00631273214637868,0.000181831998340915,0.00754174124222395,0.0164782181902982,0.0200384019589286
1926,"small divers",2111,0,0,0,0,0,0,0
1926,"sperm whales",2111,0,0,0,0,0,0,0
1926,"squids",2111,8.02896527673056e-06,7.24023967618733e-06,3.91315826699532e-06,9.20576019290347e-08,4.75054357189532e-06,1.03928481670298e-05,1.22914968055025e-05
1926,"toothfishes",2111,4.43341221684176e-05,3.83260119817623e-05,2.02938095017342e-05,7.7428511329026e-07,2.37577945725498e-05,5.3541457486244e-05,6.26806700438757e-05
1931,"External",2111,0,0,0,0,0,0,0
1931,"Resource",2111,0.722560953281572,0.730395726415607,0.0906574601271177,0.595307445486568,0.664360868067972,0.790499459473113,0.878496381615823
1931,"antarctic krill",2111,0.0407586701729477,0.0724293310876193,0.0851798603534735,0.00154584641233688,0.0122686061089305,0.103153301255545,0.250923549116183
1931,"baleen whales",2111,0,0,0,0,0,0,0
1931,"bathypelagic fishes",2111,0.0661529489149711,0.0660333546252267,0.0414815193714702,0.00173236132941261,0.0356933861838043,0.0950895404701295,0.134527125191771
1931,"flying birds",2111,0,0,0,0,0,0,0
1931,"large divers",2111,0,0,0,0,0,0,0
1931,"leopard seals",2111,4.46855484067352e-20,6.00838885729706e-20,6.08508599382883e-20,5.88643458168449e-22,9.35876757394337e-21,9.05918688312365e-20,1.77863788070293e-19
1931,"medium divers",2111,0,0,0,0,0,0,0
1931,"mesopelagic fishes",2111,0.0505797083102357,0.0519593160664379,0.0354886543775438,0.00220426395275125,0.0217742977337785,0.0768749934612547,0.113640718873428
1931,"mesozooplankton",2111,2.64740476847498e-16,3.18033145211552e-16,2.48570895603028e-16,3.1775109295063e-17,1.28281321636887e-16,4.44962587708753e-16,8.21858383231437e-16
1931,"minke whales",2111,0,0,0,0,0,0,0
1931,"orca",2111,1.60452395434681e-19,2.28415213712092e-19,2.98293594875328e-19,3.12655969467948e-21,5.34858687865e-20,3.23785088084213e-19,6.34993472128156e-19
1931,"other krill",2111,0.000437647551570107,0.00183615364900365,0.00383166062566325,4.62734379128541e-06,8.27234458192651e-05,0.00172378131307092,0.00880223937137178
1931,"other macrozooplankton",2111,0.000984532257495071,0.00155635470263304,0.00206374613118312,1.06937712939485e-05,0.000207713232578489,0.00209657017188108,0.00457855265714925
1931,"salps",2111,0.0519856228700728,0.0641529508167658,0.0452326299280515,0.00930351742289349,0.0285534388155864,0.0954454968232939,0.150456353748066
1931,"shelf and coastal fishes",2111,0.0129492654474465,0.011591043716832,0.00630439564418941,0.00017279149886074,0.00738324618112972,0.0164111877453758,0.0199551165185029
1931,"small divers",2111,0,0,0,0,0,0,0
1931,"sperm whales",2111,0,0,0,0,0,0,0
1931,"squids",2111,8.05619180660444e-06,7.28417701496247e-06,3.9498600018384e-06,9.1968477154588e-08,4.73327390288134e-06,1.04672187986826e-05,1.23978122720032e-05
1931,"toothfishes",2111,4.42702233456581e-05,3.84847428592712e-05,2.04123960032951e-05,7.74779458168149e-07,2.40738523820985e-05,5.3779230061973e-05,6.27534830156783e-05
1936,"External",2111,0,0,0,0,0,0,0
1936,"Resource",2111,0.721863862420219,0.728979582629559,0.0925775943498931,0.596130901336498,0.66323343875436,0.789220043840047,0.889513392517521
1936,"antarctic krill",2111,0.0533551885933734,0.0875130497173834,0.0956597198893371,0.00214262136487857,0.0169960929098845,0.123075967649376,0.278878618977479
1936,"baleen whales",2111,0,0,0,0,0,0,0
1936,"bathypelagic fishes",2111,0.059271298665832,0.0604445474236094,0.0422261582716812,0.00145219256766288,0.0236833551194154,0.0902213086171572,0.132742217153732
1936,"flying birds",2111,0,0,0,0,0,0,0
1936,"large divers",2111,0,0,0,0,0,0,0
1936,"leopard seals",2111,3.98946357371151e-20,5.66350343225237e-20,6.09226355756512e-20,3.55276965032063e-22,1.04714443860523e-20,8.3202866272789e-20,1.71376940477504e-19
1936,"medium divers",2111,0,0,0,0,0,0,0
1936,"mesopelagic fishes",2111,0.0452784401194415,0.0473972914730275,0.0354414273284703,0.00191544513050485,0.0131461861378554,0.0730141424542642,0.110580195575143
1936,"mesozooplankton",2111,2.14693103790243e-16,2.69706328386123e-16,2.29727176667334e-16,2.62103225135969e-17,9.53191105388006e-17,3.78000754368659e-16,7.42192413237207e-16
1936,"minke whales",2111,0,0,0,0,0,0,0
1936,"orca",2111,1.63685468803696e-19,2.21960288541155e-19,3.14202989382972e-19,4.25880083933877e-21,6.05637705162885e-20,3.04246688070232e-19,5.873157903389e-19
1936,"other krill",2111,0.000585616764123572,0.00235511956762258,0.00454387254812465,4.71287257833512e-06,0.000110810450225043,0.00244031382950265,0.0108352314682536
1936,"other macrozooplankton",2111,0.00132176553001247,0.00219591948261002,0.00296472832574171,1.08949613658468e-05,0.000265932577093216,0.00292205005440512,0.00778439743416355
1936,"salps",2111,0.0492525078499576,0.0606350629166201,0.0428852713009728,0.00915605155104123,0.0260238244293552,0.0891099950670946,0.144865427200164
1936,"shelf and coastal fishes",2111,0.0112073719344403,0.0104389031708824,0.00691228508306269,0.000124538284290498,0.0046788801553928,0.0159280022095406,0.0207889988288413
1936,"small divers",2111,0,0,0,0,0,0,0
1936,"sperm whales",2111,0,0,0,0,0,0,0
1936,"squids",2111,6.83913642098072e-06,6.23841820635286e-06,4.00128197634621e-06,5.48739506585831e-08,2.85908429311738e-06,9.312398868472e-06,1.1966267702173e-05
1936,"toothfishes",2111,3.85963558528775e-05,3.42852004787135e-05,2.13106909189494e-05,5.61803657312553e-07,1.56261014483205e-05,5.18044636949196e-05,6.30631391967164e-05
1941,"External",2111,0,0,0,0,0,0,0
1941,"Resource",2111,0.713936543924099,0.721430990357853,0.100123351896546,0.579152680712479,0.649821932635518,0.784833150428738,0.893150259741685
1941,"antarctic krill",2111,0.0593548540800586,0.096431305886402,0.105201316807461,0.00223780584711487,0.0186083650146556,0.136786870280069,0.307150859198898
1941,"baleen whales",2111,0,0,0,0,0,0,0
1941,"bathypelagic fishes",2111,0.0571260960428745,0.0596633419983053,0.0449692204764112,0.00140863395700163,0.0166211235814707,0.0910199957279295,0.137795143426613
1941,"flying birds",2111,0,0,0,0,0,0,0
1941,"large divers",2111,0,0,0,0,0,0,0
1941,"leopard seals",2111,4.06950541413476e-20,5.81173822997109e-20,5.96462772050599e-20,5.06224809886227e-22,1.13303098195955e-20,8.6133978832149e-20,1.78522139667423e-19
1941,"medium divers",2111,0,0,0,0,0,0,0
1941,"mesopelagic fishes",2111,0.0414969949666821,0.0462857827888537,0.0375203573503313,0.00189473239275819,0.00845014644715487,0.0721436854811331,0.115280210284096
1941,"mesozooplankton",2111,1.95594794358274e-16,2.58304159918336e-16,2.37735053697494e-16,2.2158087373259e-17,7.11436729755212e-17,3.69991848441522e-16,7.29959459158756e-16
1941,"minke whales",2111,0,0,0,0,0,0,0
1941,"orca",2111,1.71973987769543e-19,2.34612320547177e-19,3.51356160478318e-19,5.53645337986392e-21,7.05765073229177e-20,3.14505263654214e-19,6.31865026022904e-19
1941,"other krill",2111,0.000732491379869021,0.00280905325385001,0.00533478254643992,5.23818381116802e-06,0.000123916528705614,0.00293632766343092,0.0129571164554005
1941,"other macrozooplankton",2111,0.0014747079872319,0.00258746805892576,0.00354534588067058,1.11344254970654e-05,0.000297476820266437,0.00336414855609153,0.0097555577080673
1941,"salps",2111,0.0479827920955394,0.0607415574888262,0.0445777373297675,0.00891071559243907,0.0248705657996048,0.0887671858839809,0.149497016149377
1941,"shelf and coastal fishes",2111,0.0102947200955737,0.0100105099568208,0.00725275353761683,0.000110364361833637,0.00306290543912024,0.0155918561366057,0.0212864021464979
1941,"small divers",2111,0,0,0,0,0,0,0
1941,"sperm whales",2111,0,0,0,0,0,0,0
1941,"squids",2111,6.74731922872527e-06,6.22923924822056e-06,4.32690358138643e-06,4.74153067140108e-08,1.8678044220491e-06,9.63338500820097e-06,1.2639899189589e-05
1941,"toothfishes",2111,3.80222400947523e-05,3.37609709152428e-05,2.277874440322e-05,5.38826407945409e-07,1.0759307428003e-05,5.32271591623301e-05,6.52563297802564e-05
1946,"External",2111,0,0,0,0,0,0,0
1946,"Resource",2111,0.722961344979863,0.730011920563782,0.0980730032811619,0.594453611453047,0.662694964819942,0.790136397710933,0.894833751670334
1946,"antarctic krill",2111,0.0570996005991438,0.0923974227593612,0.103032759459291,0.00200501719705579,0.0180536662310761,0.129892187976957,0.290415398959207
1946,"baleen whales",2111,0,0,0,0,0,0,0
1946,"bathypelagic fishes",2111,0.0566109794458839,0.0584495736174722,0.0438184161073571,0.0013454814288549,0.016538946303253,0.0890351891781883,0.135193962470729
1946,"flying birds",2111,0,0,0,0,0,0,0
1946,"large divers",2111,0,0,0,0,0,0,0
1946,"leopard seals",2111,4.12421336791059e-20,5.68048657901506e-20,5.61083820323952e-20,3.88525605653942e-22,1.16738115149534e-20,8.33496778136986e-20,1.72194234433883e-19
1946,"medium divers",2111,0,0,0,0,0,0,0
1946,"mesopelagic fishes",2111,0.0413758998242915,0.0453701243943149,0.0366746424019842,0.00178762287989064,0.00864000838376755,0.070652045940938,0.110919840730736
1946,"mesozooplankton",2111,2.02303300785581e-16,2.57608310394563e-16,2.23524033678775e-16,2.57630513968123e-17,7.75622718331564e-17,3.70291452177076e-16,7.19638995669705e-16
1946,"minke whales",2111,0,0,0,0,0,0,0
1946,"orca",2111,1.56870856460513e-19,2.16802196124712e-19,3.42711215086915e-19,5.20521958200762e-21,5.95244906581269e-20,2.94080742674462e-19,5.61679030222682e-19
1946,"other krill",2111,0.000667152959076437,0.00261422762644971,0.00499295784430199,4.77873714354477e-06,0.000122060915861025,0.0027164835341223,0.0120878260597814
1946,"other macrozooplankton",2111,0.00141976829008816,0.00240062954658935,0.00324468101902654,1.07089593737224e-05,0.000285082635140044,0.00310863606844371,0.00885693173304861
1946,"salps",2111,0.0475629844589546,0.059139976517398,0.0429796382433691,0.00859148082452881,0.0242602000801483,0.0854573688329698,0.144151010867825
1946,"shelf and coastal fishes",2111,0.0100282166215097,0.00957827260814895,0.00680697594222152,0.000104102439271242,0.00291729620376173,0.0148947615447915,0.0201458646231113
1946,"small divers",2111,0,0,0,0,0,0,0
1946,"sperm whales",2111,0,0,0,0,0,0,0
1946,"squids",2111,6.41538074628685e-06,5.90040574918089e-06,4.07474185820676e-06,4.50861966178784e-08,1.83439865760328e-06,9.08865571436645e-06,1.19306065640008e-05
1946,"toothfishes",2111,3.62853283465792e-05,3.19519607344143e-05,2.14156323336058e-05,5.12974566140865e-07,1.04432460057754e-05,5.03174878198217e-05,6.13375713596287e-05
1951,"External",2111,0,0,0,0,0,0,0
1951,"Resource",2111,0.722454867091698,0.729181579850793,0.0997532693686366,0.591676082635435,0.660728891871503,0.790594247615334,0.89931194814263
1951,"antarctic krill",2111,0.0602686583041212,0.096255654934911,0.105899180427855,0.00194832928371251,0.0188998871264722,0.137153502809813,0.299669026242318
1951,"baleen whales",2111,0,0,0,0,0,0,0
1951,"bathypelagic fishes",2111,0.0545872905758155,0.056664116114567,0.0437341661560508,0.00133181459878759,0.0124167416037182,0.087422186128104,0.132991804955301
1951,"flying birds",2111,0,0,0,0,0,0,0
1951,"large divers",2111,0,0,0,0,0,0,0
1951,"leopard seals",2111,4.0542907566616e-20,5.49221063275909e-20,5.62202154193209e-20,4.15874400601654e-22,1.17841723728319e-20,8.1499512697968e-20,1.55151971520375e-19
1951,"medium divers",2111,0,0,0,0,0,0,0
1951,"mesopelagic fishes",2111,0.0401552833116547,0.0444363029586182,0.0369681866036562,0.00181475543669182,0.00681942563008685,0.0693329269287601,0.110418742641269
1951,"mesozooplankton",2111,2.02919103710329e-16,2.61347489220265e-16,2.29293308983234e-16,2.52887656569856e-17,7.42528546757e-17,3.78848593069514e-16,7.25383296124786e-16
1951,"minke whales",2111,0,0,0,0,0,0,0
1951,"orca",2111,1.72408910713923e-19,2.21115105285421e-19,2.73901268330854e-19,4.8419690865413e-21,6.17554699072785e-20,3.00428882450957e-19,5.79004966642901e-19
1951,"other krill",2111,0.000750816384837936,0.00279090254729532,0.00524560860970737,5.01236619737043e-06,0.000126256739810366,0.00293355285283814,0.0128151420329848
1951,"other macrozooplankton",2111,0.00153392720562486,0.00263984862051597,0.00353502640631482,1.11477726288459e-05,0.000316106145373566,0.00340771349575483,0.00992059721741708
1951,"salps",2111,0.0471498749079231,0.058813854262609,0.0430284336414148,0.00855366975516154,0.0240514714363226,0.0856436999961653,0.144399918075791
1951,"shelf and coastal fishes",2111,0.00961374856356921,0.00918068436878347,0.00670478060304562,0.000104033909789945,0.00207875285635547,0.0145234439914837,0.0197180641676416
1951,"small divers",2111,0,0,0,0,0,0,0
1951,"sperm whales",2111,0,0,0,0,0,0,0
1951,"squids",2111,6.15294908788596e-06,5.78642923971311e-06,4.14666892683334e-06,4.45686200094172e-08,1.33287597018356e-06,9.04767696551211e-06,1.20207762531246e-05
1951,"toothfishes",2111,3.47051225274619e-05,3.12699126666585e-05,2.17680593443765e-05,4.96325184818083e-07,7.51571758412679e-06,5.00556809227094e-05,6.13044255904853e-05
1956,"External",2111,0,0,0,0,0,0,0
1956,"Resource",2111,0.723489318194068,0.730743103462453,0.100405354734397,0.594449425789795,0.662850562010845,0.792122390606678,0.902328089722326
1956,"antarctic krill",2111,0.0622169159012339,0.0985373379099051,0.107238437451199,0.00200954899566163,0.0199141365946554,0.141291080335739,0.300498624654135
1956,"baleen whales",2111,0,0,0,0,0,0,0
1956,"bathypelagic fishes",2111,0.0529741908299305,0.0552935990920414,0.0439794709329051,0.00126935085920873,0.0100749417769805,0.086906624327077,0.132080602896333
1956,"flying birds",2111,0,0,0,0,0,0,0
1956,"large divers",2111,0,0,0,0,0,0,0
1956,"leopard seals",2111,4.27281670624543e-20,5.62497144593268e-20,5.39457557877266e-20,3.5571763662515e-22,1.43933621643135e-20,8.46281204572506e-20,1.55927206434853e-19
1956,"medium divers",2111,0,0,0,0,0,0,0
1956,"mesopelagic fishes",2111,0.038917767445623,0.0433613160147069,0.0372043767378798,0.00173957443357085,0.00575462251601656,0.0680813731244765,0.109800756025206
1956,"mesozooplankton",2111,1.80365374962878e-16,2.42571648382159e-16,2.2049375321055e-16,2.28133389472548e-17,6.40380440712349e-17,3.51867023561653e-16,6.66952553382329e-16
1956,"minke whales",2111,0,0,0,0,0,0,0
1956,"orca",2111,1.70774069017337e-19,2.26253812892117e-19,2.70339977741363e-19,6.75415135464836e-21,7.31010331579578e-20,3.0583534300502e-19,6.0443729089601e-19
1956,"other krill",2111,0.000790980385260071,0.00290164824727386,0.00542015870714269,5.10602904490822e-06,0.000132993337495177,0.00308514657305776,0.0131570133505111
1956,"other macrozooplankton",2111,0.001614700589296,0.00279419038652388,0.00369620370597583,1.13543954530545e-05,0.000331250528817928,0.00362031020896459,0.0103014000987764
1956,"salps",2111,0.0457500503056088,0.0574163114100315,0.0422429132804224,0.00846636877339834,0.023086981880778,0.083251285516978,0.142656522253434
1956,"shelf and coastal fishes",2111,0.00906675824716757,0.00891698531632,0.00676497259608838,9.97409480468242e-05,0.00161893188540995,0.0143084607766765,0.019658774509764
1956,"small divers",2111,0,0,0,0,0,0,0
1956,"sperm whales",2111,0,0,0,0,0,0,0
1956,"squids",2111,5.75051009621261e-06,5.48896635928954e-06,4.07834239213069e-06,4.10422314450743e-08,9.78254875064627e-07,8.74977874815567e-06,1.17622988401382e-05
1956,"toothfishes",2111,3.28747592779773e-05,3.00191943846761e-05,2.17245211321901e-05,4.72848529517118e-07,6.10943966347952e-06,4.90483015192513e-05,6.079702794841e-05
1961,"External",2111,0,0,0,0,0,0,0
1961,"Resource",2111,0.716130414801758,0.723372622847155,0.104636580782005,0.577365744817761,0.650913291841367,0.78864470893634,0.902596323491333
1961,"antarctic krill",2111,0.0661527561075034,0.104921604966149,0.112439674101556,0.00201769654254551,0.0209947477794508,0.153616822757027,0.319192059923147
1961,"baleen whales",2111,0,0,0,0,0,0,0
1961,"bathypelagic fishes",2111,0.0512087355830279,0.0551017793086618,0.0450656351617542,0.00132023234138954,0.0090486979429027,0.0866830031353444,0.134233724727391
1961,"flying birds",2111,0,0,0,0,0,0,0
1961,"large divers",2111,0,0,0,0,0,0,0
1961,"leopard seals",2111,4.12489461659822e-20,5.52813034899368e-20,5.86207236029071e-20,3.93724007119715e-22,1.23023369679121e-20,8.0670804046827e-20,1.5894851934692e-19
1961,"medium divers",2111,0,0,0,0,0,0,0
1961,"mesopelagic fishes",2111,0.0369655431561841,0.0430303725808257,0.0379595024794172,0.00175518072748588,0.00546620734684896,0.0681796927176964,0.112658054981117
1961,"mesozooplankton",2111,1.71426299238574e-16,2.3974102101889e-16,2.28577298122558e-16,2.12637313852715e-17,5.83327909475005e-17,3.51772082911317e-16,6.90798661624478e-16
1961,"minke whales",2111,0,0,0,0,0,0,0
1961,"orca",2111,1.87083174641894e-19,2.41761972206289e-19,3.17555578319934e-19,5.99230215863399e-21,8.11743894672455e-20,3.14678753412432e-19,6.61155721226064e-19
1961,"other krill",2111,0.000910162934071896,0.00323631864513236,0.00595342820095209,5.43904854218345e-06,0.000147481626492926,0.00360487843189769,0.0144170238730129
1961,"other macrozooplankton",2111,0.00171074131967967,0.00305499917728146,0.0040509790590012,1.17353600881798e-05,0.000365623140168742,0.00399758578913881,0.0111992755979351
1961,"salps",2111,0.0456078081176308,0.0583958368353634,0.0437469963101938,0.00851734643056851,0.0232590313874447,0.0845878746645227,0.148998313995541
1961,"shelf and coastal fishes",2111,0.00885291408366723,0.0088501383649835,0.00687137464849868,0.00010086394890315,0.00136651499302505,0.0142800664850748,0.0200067551529645
1961,"small divers",2111,0,0,0,0,0,0,0
1961,"sperm whales",2111,0,0,0,0,0,0,0
1961,"squids",2111,5.85039258377327e-06,5.6936134359262e-06,4.34734055284217e-06,4.3078303400025e-08,8.73372396852636e-07,9.21826192553431e-06,1.25080030682075e-05
1961,"toothfishes",2111,3.29934869749208e-05,3.0633661012201e-05,2.27277013968992e-05,4.96659487986143e-07,5.18053260560012e-06,5.05566922870525e-05,6.36035467831337e-05
1966,"External",2111,0,0,0,0,0,0,0
1966,"Resource",2111,0.723658891345672,0.730639598959123,0.101751038655587,0.59214874904504,0.662289953067128,0.793220258263775,0.904502574896503
1966,"antarctic krill",2111,0.0641415047658818,0.100903658340943,0.109099594128778,0.00189165012236713,0.0203269140064963,0.149328506257919,0.30396255340148
1966,"baleen whales",2111,0,0,0,0,0,0,0
1966,"bathypelagic fishes",2111,0.0505721562175521,0.0543080274293823,0.0442619390054641,0.00125337162828216,0.00880524611988095,0.0860743431727698,0.131157927233964
1966,"flying birds",2111,0,0,0,0,0,0,0
1966,"large divers",2111,0,0,0,0,0,0,0
1966,"leopard seals",2111,3.97622572165883e-20,5.48432866807684e-20,5.64044820431107e-20,4.16816504683909e-22,1.35277314162577e-20,7.71658969764706e-20,1.64837610810148e-19
1966,"medium divers",2111,0,0,0,0,0,0,0
1966,"mesopelagic fishes",2111,0.0366827626472822,0.0423469982582147,0.0372827668125142,0.00167381526849733,0.0054203769557098,0.0672805627158336,0.109814516449562
1966,"mesozooplankton",2111,1.86358216208266e-16,2.42933731460946e-16,2.27614879601489e-16,2.24342755911587e-17,6.23947885679352e-17,3.43035167510659e-16,6.76111672590691e-16
1966,"minke whales",2111,0,0,0,0,0,0,0
1966,"orca",2111,1.73355085092081e-19,2.28189546650096e-19,3.74186434236565e-19,6.45382538472757e-21,7.49424791257666e-20,2.98710938666637e-19,5.82836342818159e-19
1966,"other krill",2111,0.000842487761639005,0.0030437677226364,0.00561452937564133,5.24041258633686e-06,0.000141024751510064,0.00337654006005709,0.013536581228405
1966,"other macrozooplankton",2111,0.00162474009826967,0.00285727158604204,0.00373128105880693,1.1629256140247e-05,0.000343070447765143,0.00369236647711546,0.0104970643315892
1966,"salps",2111,0.0457391895361435,0.0571661197241059,0.042323675047511,0.00844073254333592,0.0227264781368862,0.0825193901830454,0.144360012091824
1966,"shelf and coastal fishes",2111,0.00870545923053603,0.00869985845114112,0.00673654909002741,9.97321524571929e-05,0.00132498334968364,0.0140434055656257,0.0195328879171422
1966,"small divers",2111,0,0,0,0,0,0,0
1966,"sperm whales",2111,0,0,0,0,0,0,0
1966,"squids",2111,5.5450646790038e-06,5.38693179953758e-06,4.09711443524554e-06,4.12213114916058e-08,8.39247340599256e-07,8.68382603949021e-06,1.18432240841308e-05
1966,"toothfishes",2111,3.13415220961482e-05,2.93125966116915e-05,2.17512295979836e-05,4.70136668631938e-07,5.02058817110759e-06,4.8303436490722e-05,6.06994785035982e-05
1971,"External",2111,0,0,0,0,0,0,0
1971,"Resource",2111,0.721100787881758,0.728137229978673,0.102099309409675,0.588708704377486,0.659542925013881,0.789016715859175,0.904155963241902
1971,"antarctic krill",2111,0.0644934330300101,0.102050381827734,0.110237929956157,0.00179922104843787,0.0202467016718031,0.151303737896697,0.308020187405158
1971,"baleen whales",2111,0,0,0,0,0,0,0
1971,"bathypelagic fishes",2111,0.0502971433439955,0.0543712358374419,0.0442416374177033,0.00129562348146758,0.00896406226981516,0.0861106500270533,0.130748932243972
1971,"flying birds",2111,0,0,0,0,0,0,0
1971,"large divers",2111,0,0,0,0,0,0,0
1971,"leopard seals",2111,3.96000965960797e-20,5.49437825890578e-20,6.02909413176799e-20,3.71233965274075e-22,1.2305292665698e-20,7.7896004990464e-20,1.64847019071438e-19
1971,"medium divers",2111,0,0,0,0,0,0,0
1971,"mesopelagic fishes",2111,0.0370031516477043,0.0427050989932251,0.037521181250573,0.00173636707597873,0.00558548340722355,0.0679841994052045,0.11020077672652
1971,"mesozooplankton",2111,1.82214839323866e-16,2.45126275510832e-16,2.2545534900375e-16,2.25739861152793e-17,6.47379606558832e-17,3.62173998633191e-16,6.74470958740833e-16
1971,"minke whales",2111,0,0,0,0,0,0,0
1971,"orca",2111,1.79147636131401e-19,2.31517337849697e-19,2.95473427242526e-19,6.57318343175353e-21,7.8037444615752e-20,3.04123809493299e-19,6.15580907151044e-19
1971,"other krill",2111,0.000881917280028738,0.00312708268337728,0.00568856968151567,5.51239662136002e-06,0.000147245629832416,0.00354642183434849,0.0139605460263844
1971,"other macrozooplankton",2111,0.00171998065279456,0.00300011008217504,0.00389446367012427,1.19013468699897e-05,0.000369182129885637,0.00389186553696655,0.0111120578861258
1971,"salps",2111,0.0462032698846846,0.0578905209210299,0.0427187484456049,0.00863535692209653,0.0232210347918725,0.0838130857912486,0.146079538522006
1971,"shelf and coastal fishes",2111,0.0087120340807446,0.00868330972302218,0.00668730171010327,0.000101262360902338,0.00130476885053979,0.0139600634104409,0.0194092590716852
1971,"small divers",2111,0,0,0,0,0,0,0
1971,"sperm whales",2111,0,0,0,0,0,0,0
1971,"squids",2111,5.60309440596724e-06,5.4477254988413e-06,4.13445825710256e-06,4.15441641473877e-08,8.38612120168473e-07,8.79030600160328e-06,1.19529833635629e-05
1971,"toothfishes",2111,3.1689182162474e-05,2.95822278223795e-05,2.19978653979218e-05,4.80206099581023e-07,4.99295832246505e-06,4.86444983418173e-05,6.10261039257863e-05
1976,"External",2111,0,0,0,0,0,0,0
1976,"Resource",2111,0.705369736693736,0.714666815964618,0.0995683020141299,0.585776901302416,0.650197363672146,0.771830904624551,0.886641355928041
1976,"antarctic krill",2111,0.0480155854324743,0.087485975368846,0.109456744562871,0.00120305825906641,0.0130292242373602,0.120668453780324,0.296274608039912
1976,"baleen whales",2111,0,0,0,0,0,0,0
1976,"bathypelagic fishes",2111,0.0645697197307768,0.0641642250169392,0.0472287253530733,0.00147613949447041,0.0178400986061725,0.0980764027077241,0.142440243137057
1976,"flying birds",2111,0,0,0,0,0,0,0
1976,"large divers",2111,0,0,0,0,0,0,0
1976,"leopard seals",2111,4.78032749626276e-20,6.17850643121448e-20,6.27661949468579e-20,9.01149640274719e-22,1.80300163861807e-20,8.857806848281e-20,1.65596997037309e-19
1976,"medium divers",2111,0,0,0,0,0,0,0
1976,"mesopelagic fishes",2111,0.0478041875061976,0.0500181611077706,0.0401365769402851,0.00195497259281563,0.00964986243159472,0.0778766301853691,0.117351139145906
1976,"mesozooplankton",2111,2.14667500780483e-16,2.68405912315606e-16,2.29464759290151e-16,2.34694347307742e-17,8.11944485146478e-17,3.84289910088971e-16,7.25339880112773e-16
1976,"minke whales",2111,0,0,0,0,0,0,0
1976,"orca",2111,1.4673532756002e-19,2.04980542370216e-19,3.26718162905215e-19,4.30154392194716e-21,5.41991474705385e-20,2.80778366096542e-19,5.67664920876719e-19
1976,"other krill",2111,0.00111276784833779,0.00407327991765549,0.00729239124933514,1.10152693188169e-05,0.00019463332533294,0.00430622188455193,0.0196654177610597
1976,"other macrozooplankton",2111,0.00214146981829654,0.00411417163526596,0.00583654179683667,3.7898161273813e-05,0.000492783097802961,0.00483524723747096,0.0173613828693392
1976,"salps",2111,0.0517082222131347,0.0652849248778299,0.048290101632727,0.0105123478235532,0.0260159354282579,0.093537912339691,0.160158617960086
1976,"shelf and coastal fishes",2111,0.0115750789355779,0.0101516738964949,0.00683636548266834,0.000137371609039149,0.00297078573860745,0.0156478107351684,0.0198697732842355
1976,"small divers",2111,0,0,0,0,0,0,0
1976,"sperm whales",2111,0,0,0,0,0,0,0
1976,"squids",2111,7.20348700045625e-06,6.25899738097104e-06,4.14996844575655e-06,6.24953200680028e-08,1.7928412619272e-06,9.58955537786684e-06,1.19443096848406e-05
1976,"toothfishes",2111,4.07067553866844e-05,3.45132171985234e-05,2.2775936887172e-05,6.0151467805325e-07,1.05100112705221e-05,5.30302812369564e-05,6.39153886670158e-05
1981,"External",2111,0,0,0,0,0,0,0
1981,"Resource",2111,0.69397222994868,0.703821391278061,0.0999464008303938,0.570603622594319,0.640970695876672,0.761295065610364,0.881566744096825
1981,"antarctic krill",2111,0.0329205320161859,0.0743535502824532,0.104986790135086,0.000771969523495428,0.00841841966311908,0.0942925302931802,0.293627670636586
1981,"baleen whales",2111,0,0,0,0,0,0,0
1981,"bathypelagic fishes",2111,0.0730345176762819,0.0722434560553272,0.0488735586177111,0.00188457652642137,0.0307449314202587,0.108981624187908,0.153774326730497
1981,"flying birds",2111,0,0,0,0,0,0,0
1981,"large divers",2111,0,0,0,0,0,0,0
1981,"leopard seals",2111,5.81490800181447e-20,7.40169219989652e-20,6.90066744076719e-20,1.34688716715153e-21,1.73329050441234e-20,1.09987736460851e-19,2.05797801913616e-19
1981,"medium divers",2111,0,0,0,0,0,0,0
1981,"mesopelagic fishes",2111,0.0541775632219759,0.0557772825728693,0.0413700080433607,0.00231188927595924,0.016517234855949,0.0838471517802698,0.125039361236974
1981,"mesozooplankton",2111,2.4662425671405e-16,3.02893506273456e-16,2.45205269260731e-16,2.68054836953392e-17,1.03169845878558e-16,4.33640190078994e-16,7.93400739179957e-16
1981,"minke whales",2111,0,0,0,0,0,0,0
1981,"orca",2111,9.87109291541721e-20,1.58581065966531e-19,2.08062710666934e-19,2.09860039666254e-21,2.93903373345401e-20,2.21069964056109e-19,4.8295307727254e-19
1981,"other krill",2111,0.00136114640858411,0.00491312738281294,0.00904389602592519,1.81954584938864e-05,0.000279497365848706,0.00529147858000559,0.022186624530843
1981,"other macrozooplankton",2111,0.00247035793504704,0.00494490467255149,0.00733418995974044,7.77969578883729e-05,0.000732733237473643,0.00549363228451469,0.0201363171024043
1981,"salps",2111,0.0579705128520164,0.0726682450844313,0.0525887492990715,0.0114944767218102,0.0308996851802073,0.107979593093812,0.175601538731574
1981,"shelf and coastal fishes",2111,0.0128914082248531,0.0112308125073117,0.00669690074170863,0.000200402231690879,0.00555034183451734,0.0163835985447797,0.0203575454947386
1981,"small divers",2111,0,0,0,0,0,0,0
1981,"sperm whales",2111,0,0,0,0,0,0,0
1981,"squids",2111,8.49096800859777e-06,7.35334366801985e-06,4.33516062268311e-06,1.01793019709525e-07,3.55660662630448e-06,1.06940586481948e-05,1.29255921392189e-05
1981,"toothfishes",2111,4.70580796266902e-05,3.98768205134954e-05,2.34563959890144e-05,7.91811977316358e-07,1.92241993938761e-05,5.78598687565339e-05,6.93031966490863e-05
1986,"External",2111,0,0,0,0,0,0,0
1986,"Resource",2111,0.684794261078293,0.694192279019805,0.100769631040311,0.565424081341023,0.632781853312073,0.749875439747775,0.872358737853349
1986,"antarctic krill",2111,0.0342117816020746,0.0775634995812965,0.109144052365334,0.000747824697532687,0.00876102004588863,0.100475402959194,0.304643380479619
1986,"baleen whales",2111,0,0,0,0,0,0,0
1986,"bathypelagic fishes",2111,0.0763678882024859,0.0751113527502207,0.0493162212246977,0.00210013678899619,0.0340716619425265,0.112288199733731,0.156657523434833
1986,"flying birds",2111,0,0,0,0,0,0,0
1986,"large divers",2111,0,0,0,0,0,0,0
1986,"leopard seals",2111,5.69162698665067e-20,7.35868439334656e-20,7.54992334306124e-20,1.48863977330304e-21,1.98943613898985e-20,1.0676891520274e-19,1.95839418742719e-19
1986,"medium divers",2111,0,0,0,0,0,0,0
1986,"mesopelagic fishes",2111,0.0569939584261265,0.0575637658592836,0.0416568288604443,0.00235703552793149,0.0188506635211928,0.0864060959896742,0.127902831006068
1986,"mesozooplankton",2111,2.78446611200301e-16,3.26739175808665e-16,2.59829028877251e-16,2.94765359141497e-17,1.21543023392123e-16,4.55059332413513e-16,8.297463510416e-16
1986,"minke whales",2111,0,0,0,0,0,0,0
1986,"orca",2111,1.02664908615978e-19,1.6139995601212e-19,1.82155870169078e-19,2.4646716433309e-21,3.3644669479811e-20,2.30818495992706e-19,5.05295729861539e-19
1986,"other krill",2111,0.00134682061751663,0.00465448445446431,0.00845086151658097,1.88613397864606e-05,0.000293308796224033,0.00502121041742982,0.0210099496894485
1986,"other macrozooplankton",2111,0.00238986815781678,0.00449501961391376,0.00621875649070635,8.17422595266453e-05,0.000759698181083905,0.00521955242392337,0.0180272568973995
1986,"salps",2111,0.0604554641122078,0.0747094096167833,0.0529538987695562,0.0118067410082001,0.0325519264961036,0.111723725969477,0.176946539911409
1986,"shelf and coastal fishes",2111,0.0132708022913872,0.0116618499240933,0.00674396763860884,0.000252466122790531,0.00662980412106768,0.0167611327244227,0.0208801210121046
1986,"small divers",2111,0,0,0,0,0,0,0
1986,"sperm whales",2111,0,0,0,0,0,0,0
1986,"squids",2111,8.46918164741779e-06,7.41847034386342e-06,4.2268372451856e-06,1.28264887168098e-07,4.10114344183866e-06,1.06179103500306e-05,1.28771502540669e-05
1986,"toothfishes",2111,4.78606476329265e-05,4.09207097955423e-05,2.33022943969363e-05,1.03372269067012e-06,2.24519418105168e-05,5.81311029244472e-05,6.99901234169414e-05
1991,"External",2111,0,0,0,0,0,0,0
1991,"Resource",2111,0.685098057639907,0.69458668302303,0.100847568028248,0.569443688824197,0.632958834495287,0.750502284462629,0.870390301925235
1991,"antarctic krill",2111,0.0388612971224802,0.0814643176341555,0.111328047599784,0.000812984099647562,0.0102203608092505,0.105123599556864,0.310982406173032
1991,"baleen whales",2111,0,0,0,0,0,0,0
1991,"bathypelagic fishes",2111,0.0749355653694685,0.0729817381148987,0.0477044035739705,0.0022561762876534,0.033188435837665,0.108391238181873,0.152184331706766
1991,"flying birds",2111,0,0,0,0,0,0,0
1991,"large divers",2111,0,0,0,0,0,0,0
1991,"leopard seals",2111,5.43163977589828e-20,7.03762148636081e-20,7.29943704331918e-20,1.48549963157034e-21,1.79633339978081e-20,1.01044175600859e-19,1.91635126024636e-19
1991,"medium divers",2111,0,0,0,0,0,0,0
1991,"mesopelagic fishes",2111,0.0553643156418897,0.0562264572204361,0.040492528910525,0.00242021314735855,0.0184456278578609,0.0844036814556563,0.123774128545828
1991,"mesozooplankton",2111,2.49826062418124e-16,2.95926934492671e-16,2.40193418986297e-16,2.45763581440823e-17,1.05634922022773e-16,4.17782634708792e-16,7.73515721391454e-16
1991,"minke whales",2111,0,0,0,0,0,0,0
1991,"orca",2111,1.09315497821764e-19,1.60930850967168e-19,1.85076565611151e-19,2.93233221062906e-21,3.43468838343383e-20,2.24722237294407e-19,4.86812383147808e-19
1991,"other krill",2111,0.00148159320922122,0.00465954523205069,0.00806010194312578,2.19954088035314e-05,0.000318774238943596,0.00520272683773572,0.020685666920912
1991,"other macrozooplankton",2111,0.0025826712949027,0.00456436471878139,0.00599803451054347,8.92597210306872e-05,0.000841429217445314,0.00546524662746517,0.0172395449053418
1991,"salps",2111,0.0606138141940069,0.0740688174814849,0.0514930357249818,0.0119847725928539,0.0333049630895017,0.111184313715677,0.171356122963268
1991,"shelf and coastal fishes",2111,0.0129265239862596,0.0114007107284502,0.00657477711669592,0.000283568398032531,0.00643326840043072,0.0162883044743959,0.0204704123327984
1991,"small divers",2111,0,0,0,0,0,0,0
1991,"sperm whales",2111,0,0,0,0,0,0,0
1991,"squids",2111,8.14600865854593e-06,7.20002484372452e-06,4.09686361270188e-06,1.41609290764352e-07,4.05457520382188e-06,1.02929065964122e-05,1.25937403190159e-05
1991,"toothfishes",2111,4.67872349445967e-05,4.01658218683834e-05,2.29491544600429e-05,1.10908396111165e-06,2.27078958606002e-05,5.71699024461811e-05,6.82869130050276e-05
1996,"External",2111,0,0,0,0,0,0,0
1996,"Resource",2111,0.68758423063359,0.697366574739559,0.0983325039404599,0.57941816919277,0.640119922931057,0.749807313797606,0.868986047751433
1996,"antarctic krill",2111,0.0406825065465985,0.0800359162077814,0.108653478807304,0.00088294060704805,0.0110029592980101,0.102377192874153,0.298377550701402
1996,"baleen whales",2111,0,0,0,0,0,0,0
1996,"bathypelagic fishes",2111,0.074841734375599,0.0725834703309361,0.0464946350248204,0.00253196566300601,0.0348898215747568,0.106630227479981,0.148565977303443
1996,"flying birds",2111,0,0,0,0,0,0,0
1996,"large divers",2111,0,0,0,0,0,0,0
1996,"leopard seals",2111,5.35479268132899e-20,6.91881862692892e-20,6.59339248928574e-20,1.59979122248093e-21,1.98277362264279e-20,1.02496150532678e-19,1.88284897039189e-19
1996,"medium divers",2111,0,0,0,0,0,0,0
1996,"mesopelagic fishes",2111,0.0563964572771413,0.0563593330924622,0.0397771354808033,0.00245335607030171,0.0195344145871596,0.08399429964203,0.12095577049435
1996,"mesozooplankton",2111,2.57875269415752e-16,3.03467207548585e-16,2.36619590211807e-16,2.98667424165851e-17,1.18455419941932e-16,4.28608823372089e-16,7.57597595364081e-16
1996,"minke whales",2111,0,0,0,0,0,0,0
1996,"orca",2111,9.67070470540684e-20,1.52072554955911e-19,1.72759590319158e-19,3.11667394022419e-21,3.14793281133797e-20,2.16808901165859e-19,4.66747279544128e-19
1996,"other krill",2111,0.0014433922997752,0.00444078262567279,0.00757915626859508,2.44269145227853e-05,0.000329583077871991,0.00494400495068757,0.0195383581835737
1996,"other macrozooplankton",2111,0.00264878909661487,0.00444730099125122,0.0056256895021153,9.58013880945673e-05,0.000879125703376752,0.00541101457657498,0.0168106976742411
1996,"salps",2111,0.0612699978909774,0.0732825048092341,0.0494220279122921,0.0127000075657472,0.0340064830731723,0.109337053975773,0.165698048854035
1996,"shelf and coastal fishes",2111,0.0128268360865786,0.0114384609150021,0.00651743774780107,0.000314443998779479,0.00687110410853778,0.0162932027220566,0.0202598476647439
1996,"small divers",2111,0,0,0,0,0,0,0
1996,"sperm whales",2111,0,0,0,0,0,0,0
1996,"squids",2111,7.77222652726377e-06,6.85964690708486e-06,3.84740578533187e-06,1.58734694644964e-07,4.00944507660355e-06,9.74368760316085e-06,1.19207928368259e-05
1996,"toothfishes",2111,4.51387168242771e-05,3.87966411933398e-05,2.20512613995809e-05,1.17918438922563e-06,2.27526482771834e-05,5.50194982613953e-05,6.54962763809253e-05
2001,"External",2111,0,0,0,0,0,0,0
2001,"Resource",2111,0.683148346917641,0.692215871467526,0.0999086129990778,0.570523525575933,0.632387485129787,0.747923447574998,0.863871362804358
2001,"antarctic krill",2111,0.0416553023689525,0.0805087236937125,0.108740499524778,0.000895096818742063,0.0113365283344218,0.102825826334598,0.298774826562641
2001,"baleen whales",2111,0,0,0,0,0,0,0
2001,"bathypelagic fishes",2111,0.0761493924489644,0.0749494176642412,0.0476781818626618,0.00297857046473524,0.0367563884963628,0.109958836958112,0.153590921104507
2001,"flying birds",2111,0,0,0,0,0,0,0
2001,"large divers",2111,0,0,0,0,0,0,0
2001,"leopard seals",2111,5.74896129832483e-20,7.40342024078343e-20,7.38844481777463e-20,1.74598365222521e-21,2.07414752331567e-20,1.07751334281613e-19,1.96955172954816e-19
2001,"medium divers",2111,0,0,0,0,0,0,0
2001,"mesopelagic fishes",2111,0.0571610855111349,0.0575826992474829,0.0404431359452782,0.00260544453778839,0.0202601756028982,0.0855274225164447,0.1241586671246
2001,"mesozooplankton",2111,2.3262818527807e-16,2.93702350900556e-16,2.39740813512494e-16,2.71383119237589e-17,1.08067766275286e-16,4.157139285917e-16,7.92373958585788e-16
2001,"minke whales",2111,0,0,0,0,0,0,0
2001,"orca",2111,9.91278238637913e-20,1.55297243703782e-19,1.97234566399761e-19,2.60159567391401e-21,3.15543979161622e-20,2.15694009990784e-19,4.80126757813428e-19
2001,"other krill",2111,0.00141523312326228,0.00457847069326248,0.00786740773143445,2.43111313770424e-05,0.000334447664537522,0.00510170644712292,0.0201463241784379
2001,"other macrozooplankton",2111,0.00255859693797156,0.00432734058995836,0.00541339467248507,9.40407838819146e-05,0.000890982031969038,0.00523820361618805,0.0165572617103652
2001,"salps",2111,0.0604576413882896,0.0739447579492747,0.0506267079844903,0.0122819116484693,0.0334841990724017,0.111225723853484,0.169076014090622
2001,"shelf and coastal fishes",2111,0.0132744835130575,0.011845504313498,0.00665045256585339,0.000365148668475645,0.00735194357261208,0.0167825825841177,0.0210332575296161
2001,"small divers",2111,0,0,0,0,0,0,0
2001,"sperm whales",2111,0,0,0,0,0,0,0
2001,"squids",2111,8.15400691676545e-06,7.26571715057336e-06,4.04988307177673e-06,1.93095630907954e-07,4.43213394044423e-06,1.02380876141406e-05,1.26616938594781e-05
2001,"toothfishes",2111,4.59072222296433e-05,3.99486638933348e-05,2.25490199636749e-05,1.32065062851967e-06,2.38068566555579e-05,5.62328179097774e-05,6.76105589123572e-05
2006,"External",2111,0,0,0,0,0,0,0
2006,"Resource",2111,0.67957314668796,0.687555080566969,0.101243651574739,0.562337085469696,0.626316730543311,0.745030246237791,0.862309174858783
2006,"antarctic krill",2111,0.0437777289195839,0.0837600175601444,0.110888020128049,0.000923338510199781,0.0119504061730868,0.108583051328544,0.311932087855234
2006,"baleen whales",2111,0,0,0,0,0,0,0
2006,"bathypelagic fishes",2111,0.0751613769178656,0.0745558740101447,0.047658271549931,0.00321422934808792,0.034693210464533,0.110058659759618,0.153654148658666
2006,"flying birds",2111,0,0,0,0,0,0,0
2006,"large divers",2111,0,0,0,0,0,0,0
2006,"leopard seals",2111,6.05915780135689e-20,7.59076841041781e-20,7.47516048313672e-20,1.79802747570294e-21,2.08293558880497e-20,1.09169632352056e-19,2.076850006708e-19
2006,"medium divers",2111,0,0,0,0,0,0,0
2006,"mesopelagic fishes",2111,0.0568506563981531,0.057713988481981,0.040579258023553,0.00274389793155585,0.0203105249619084,0.0861146941995496,0.125038166511006
2006,"mesozooplankton",2111,2.44994075020567e-16,3.06233183680772e-16,2.51047978668626e-16,2.6509493621728e-17,1.13904559914641e-16,4.2955086699982e-16,8.06261125459941e-16
2006,"minke whales",2111,0,0,0,0,0,0,0
2006,"orca",2111,1.07500481503798e-19,1.59521310746013e-19,1.93672846523773e-19,3.25207719249977e-21,3.8205858025052e-20,2.17922696339679e-19,4.7237692230695e-19
2006,"other krill",2111,0.00158452916072672,0.00480861958754245,0.00804770132406949,2.73349111912578e-05,0.000364815269856933,0.00546481024448173,0.0206014753651632
2006,"other macrozooplankton",2111,0.00278029613348588,0.00462824187991483,0.00569252507130249,9.78379545669799e-05,0.000982742231406736,0.00576828251273838,0.0175769408953569
2006,"salps",2111,0.061447108799715,0.0754143855838886,0.0516848150032517,0.0122539353988113,0.0343042313988298,0.113729526679079,0.172636934336265
2006,"shelf and coastal fishes",2111,0.0128505384938706,0.011515162524423,0.00646096816549251,0.000414036033165977,0.00712741891151718,0.0162215138699224,0.020576518425166
2006,"small divers",2111,0,0,0,0,0,0,0
2006,"sperm whales",2111,0,0,0,0,0,0,0
2006,"squids",2111,8.30592877584931e-06,7.45233673607283e-06,4.12307442699317e-06,2.24180211959598e-07,4.5454758318258e-06,1.04985327636931e-05,1.30045017386944e-05
2006,"toothfishes",2111,4.73594467722297e-05,4.11774682550957e-05,2.31455140055739e-05,1.56778726905069e-06,2.4644468561254e-05,5.78302063191097e-05,6.94067816189843e-05
