"year","n_sims","median","mean","sd","q05","q25","q75","q95","median_density","mean_density","median_tonnes","mean_tonnes"
1841,2111,21227695206.7424,29916233876.339,27435344120.6555,2440214940.90961,10353417360.1523,42033412420.9152,80576955222.3415,0.0143980905412943,0.0202912581799862,21227.6952067424,29916.233876339
1842,2111,21476413739.288,30061775156.4748,27332206204.7576,2489243829.90594,10583760670.9441,42247514735.963,80224578523.0846,0.0145667886461056,0.0203899743386875,21476.413739288,30061.7751564748
1843,2111,22089965990.8525,30530241474.3129,27406188574.5098,2583245727.14392,10956923592.825,42856091669.8853,80760991632.8009,0.0149829422032301,0.0207077205845275,22089.9659908525,30530.2414743129
1844,2111,22174731674.6154,30530433156.8116,27196940310.6528,2610946780.16708,11057266701.7376,42933727796.337,80387716632.7233,0.0150404361505346,0.0207078505968508,22174.7316746154,30530.4331568116
1845,2111,22244503054.2391,30693513903.0662,27507181212.7042,2603110655.31697,10972294769.5792,43232104354.0867,81902562469.0499,0.0150877599240875,0.0208184632341271,22244.5030542391,30693.5139030662
1846,2111,21474112120.3256,29809067045.9872,26792346798.305,2527709320.40833,10609152504.4296,42113397280.7215,79440107980.2289,0.0145652275289947,0.0202185702262823,21474.1121203256,29809.0670459872
1847,2111,21112377836.7984,29719424846.5098,27033334435.0386,2432833594.87439,10307083749.39,41756829733.99,80137148763.54,0.0143198743281225,0.0201577686888649,21112.3778367984,29719.4248465098
1848,2111,21032940081.5149,29726947058.254,27054464668.3081,2417219762.51098,10276223207.2059,41843404855.0612,79973746754.896,0.0142659941502779,0.0201628707729447,21032.9400815149,29726.947058254
1849,2111,21079953421.6007,29764683023.2034,26985667092.9788,2407394133.7679,10327480475.5875,42022032721.6944,79753309405.3967,0.0142978818479583,0.0201884659133833,21079.9534216007,29764.6830232034
1850,2111,21492756777.6843,30154252249.3471,27224524558.4302,2442117799.61406,10575185396.0424,42347642005.6248,80818201870.8605,0.01457787362468,0.0204526986968056,21492.7567776843,30154.2522493471
1851,2111,21494239067.5633,29927287852.5084,26895444077.2784,2461166622.73554,10565264993.2257,42136729211.6644,79893437610.2327,0.0145788790161593,0.0202987557508802,21494.2390675633,29927.2878525084
1852,2111,21734405822.1064,30054086085.3656,26795508582.7998,2510645235.50761,10763640724.3947,42241608640.6498,80007731507.349,0.0147417767138718,0.02038475907905,21734.4058221064,30054.0860853656
1853,2111,21973965016.2447,30254643217.0718,26759720783.2124,2554526257.53367,10973645386.1668,42501274245.3595,80343621011.2715,0.0149042623221118,0.0205207907920025,21973.9650162447,30254.6432170717
1854,2111,21769027963.5197,29969317737.3159,26465318406.3494,2535462695.29805,10900420659.5744,42058974977.5589,79520917651.0785,0.0147652598439029,0.0203272633246419,21769.0279635197,29969.3177373159
1855,2111,21571908410.3926,29768374414.0019,26360545792.3683,2498536331.30759,10765509795.9447,41820396822.6508,78932029597.8033,0.0146315597344119,0.0201909696698402,21571.9084103926,29768.3744140019
1856,2111,21341726078.4405,29586231629.8626,26248312263.3329,2469560174.56323,10629529434.936,41679627849.031,78596273347.6027,0.0144754341624092,0.0200674278405488,21341.7260784405,29586.2316298626
1857,2111,21286737336.9262,29725370192.3079,26595220385.7855,2428062069.3836,10583337183.8876,41820772803.2124,79522024884.306,0.0144381369960723,0.0201618012334378,21286.7373369262,29725.3701923079
1858,2111,21500341187.3434,30099854039.8779,27173198612.4666,2401489794.28367,10507636821.1545,42346625437.578,80652897020.8214,0.0145830178956859,0.0204158020701302,21500.3411873434,30099.8540398779
1859,2111,21086911014.049,29823297034.6946,27162311391.1113,2307621135.02223,10245452054.7528,42164883037.1883,80475751840.8399,0.0143026009681946,0.0202282219884644,21086.911014049,29823.2970346946
1860,2111,20941809498.1618,29550209529.8495,26774085791.6117,2322279495.73174,10278344846.6837,41599012012.9492,79441605889.0903,0.0142041830880114,0.0200429951618042,20941.8094981618,29550.2095298495
1861,2111,21475011970.3182,30201557234.555,27341867518.8505,2343015638.83365,10473716929.5741,42553856564.9015,81262472066.9266,0.014565837869474,0.0204847842083717,21475.0119703182,30201.557234555
1862,2111,21547807004.5512,30048944544.0219,26847885224.7521,2421247522.19073,10694773211.5072,42242364430.7067,79948796852.4491,0.014615212494634,0.0203812717302319,21547.8070045512,30048.9445440219
1863,2111,21995234951.7396,30323503629.6902,26735545627.5903,2511883023.18596,11029523638.6612,42709809097.6441,80272025364.0185,0.014918689062937,0.0205674966847495,21995.2349517396,30323.5036296902
1864,2111,21988984257.5761,30222062029.6364,26450700896.3845,2565182408.6497,11101759452.0334,42436072267.6087,79394525949.484,0.0149144494099914,0.0204986919780678,21988.9842575761,30222.0620296364
1865,2111,22036790774.0716,30330410491.7772,26716995868.2495,2510078958.72767,10983076834.0873,42522544276.2681,80166853387.8707,0.0149468750947519,0.0205721813961473,22036.7907740716,30330.4104917772
1866,2111,21224476013.8387,29415876750.6951,25982596666.741,2449436155.94746,10604721451.5855,41493330833.3377,77762368362.9353,0.0143959070620967,0.019951881383408,21224.4760138387,29415.8767506951
1867,2111,20942065435.5044,29303273274.2631,26204297713.6147,2366415443.01328,10339168981.1006,41272831012.9627,78390292268.5652,0.0142043566824123,0.0198755059204506,20942.0654355044,29303.2732742631
1868,2111,20876518153.2219,29296043314.8769,26211778375.4859,2357891319.90856,10316153383.7231,41312567044.4756,78525432509.4532,0.0141598979837242,0.019870602062126,20876.5181532219,29296.0433148769
1869,2111,21004142051.7518,29327945698.3021,26141305237.1184,2373985073.56392,10410965607.2135,41451331138.688,78414227322.6251,0.0142464613354385,0.0198922404642495,21004.1420517518,29327.9456983021
1870,2111,21348968192.3206,29711467693.9133,26378116506.0109,2403996963.52681,10609774321.5878,41794719575.9751,79361347148.2246,0.0144803462647519,0.020152371597828,21348.9681923206,29711.4676939133
1871,2111,21262992077.9271,29488278936.7316,26059570200.1481,2424348505.40352,10605030713.7004,41428666710.5467,78503546595.1049,0.0144220313197063,0.0200009895517601,21262.9920779271,29488.2789367316
1872,2111,21477815012.6128,29616869751.1183,25967852529.0569,2475844422.56049,10775415174.094,41531724209.2053,78479522117.1229,0.0145677390865565,0.0200882087326597,21477.8150126128,29616.8697511183
1873,2111,21759221927.5897,29819496651.7014,25940462448.8485,2537113973.48846,10959473276.2179,41646261388.696,78666937057.8742,0.0147586087123601,0.0202256443059654,21759.2219275897,29819.4966517014
1874,2111,21574685916.3768,29542043714.1833,25661779361.554,2526636795.3454,10863346242.9427,41286891309.6653,77812417080.3347,0.0146334436310031,0.0200374565410467,21574.6859163768,29542.0437141833
1875,2111,21348114519.2348,29347752635.3511,25569618385.4477,2497420229.5814,10722133760.1908,41178461236.6201,77421395670.606,0.0144797672446434,0.0199056748983791,21348.1145192348,29347.7526353511
1876,2111,21117069954.2558,29172432507.8038,25468351881.2903,2465160091.21122,10611464007.3035,40952468375.155,77051760366.0478,0.0143230568465883,0.019786760666497,21117.0699542558,29172.4325078038
1877,2111,21094674213.0561,29313546454.6767,25816743674.8537,2413863638.10174,10515563403.3767,41175376043.3758,77949707280.3973,0.0143078665064975,0.0198824739016799,21094.6742130561,29313.5464546767
1878,2111,21263283886.1137,29685156316.5109,26385697292.607,2388537998.63249,10423545450.3451,41584514184.3937,79719868904.7931,0.0144222292441936,0.0201345254025432,21263.2838861137,29685.1563165109
1879,2111,20868343013.2167,29412508644.8968,26372532685.0845,2312496238.56403,10181214578.3414,41469852711.306,79309470441.7118,0.0141543530385553,0.0199495969011896,20868.3430132167,29412.5086448968
1880,2111,20881085336.5227,29145579809.7548,25989388259.3842,2296526438.89236,10209355124.6687,41277494071.6294,78171536069.3621,0.0141629957632072,0.0197685473101235,20881.0853365227,29145.5798097548
1881,2111,21383661585.0668,29794749855.7021,26553274257.8013,2318311510.0358,10421814591.7741,42026228369.5699,80285615342.9548,0.0145038777223633,0.0202088593179611,21383.6615850668,29794.7498557021
1882,2111,21467486287.6284,29648570677.7224,26070931037.2002,2369097749.90709,10664452372.9321,41730493223.4233,78811236155.9277,0.014560733431159,0.0201097104928388,21467.4862876284,29648.5706777224
1883,2111,21862662163.9209,29927187845.1842,25970902086.1009,2454108178.86874,10994550219.0623,42019779767.3759,78832261384.8174,0.0148287690323479,0.0202986879189985,21862.6621639209,29927.1878451842
1884,2111,21863781455.1307,29833945967.923,25703192038.8276,2479498105.03264,11063830886.6779,41829989227.6527,78219129612.4314,0.0148295282130326,0.0202354448312317,21863.7814551307,29833.945967923
1885,2111,21888941999.7593,29945754001.8204,25977384844.141,2450752102.3268,10933930128.8899,41944495904.5818,79313332755.7777,0.0148465938339633,0.0203112807700664,21888.9419997592,29945.7540018204
1886,2111,21188507725.185,29044019015.0963,25260678812.3501,2395161811.41369,10595075698.5072,40772707386.6618,76960471088.8273,0.0143715108819364,0.01969966175742,21188.507725185,29044.0190150963
1887,2111,20778390280.2838,28936727056.8337,25487567714.5014,2296556655.93209,10270855600.6401,40908624715.5266,77618491380.9096,0.0140933408758786,0.0196268889333158,20778.3902802838,28936.7270568337
1888,2111,20833461004.8191,28933028492.4376,25496134369.5717,2289453297.42117,10282984321.6643,41001972797.0295,77639992567.9516,0.0141306936487686,0.0196243803112289,20833.4610048191,28933.0284924376
1889,2111,21007289482.5064,28969671943.9098,25431081900.6402,2300128362.44809,10339057973.0234,41135537510.8686,77624038515.7122,0.0142485961405851,0.0196492344334925,21007.2894825064,28969.6719439098
1890,2111,21341515838.0388,29354174006.4096,25669558537.9137,2321241714.18275,10546551873.9405,41494557454.0356,78524945942.3339,0.014475291562833,0.0199100303161952,21341.5158380388,29354.1740064096
1891,2111,21298390624.8336,29137642113.3299,25361194272.2319,2337174128.19977,10529863822.9714,41158518568.024,77681011558.8927,0.0144460410616225,0.0197631634156073,21298.3906248336,29137.6421133299
1892,2111,21473894071.563,29271039982.5848,25277746128.387,2380232875.21106,10714113640.8857,41201829900.8071,77571748512.8381,0.0145650796332483,0.0198536430734713,21473.894071563,29271.0399825848
1893,2111,21748083462.8046,29478573784.6069,25258853146.4302,2449615362.24615,10899757675.5298,41379991672.8569,77619930878.6091,0.0147510538354455,0.019994406846589,21748.0834628046,29478.5737846069
1894,2111,21586369426.3741,29209759912.3889,24993989251.7195,2418320617.02136,10813142641.8726,41126320490.6431,76927974057.1472,0.0146413681952643,0.0198120786930492,21586.3694263741,29209.7599123889
1895,2111,21398026638.8444,29022770700.5844,24912898001.5836,2384391210.35637,10690223712.4307,40933404078.0562,76736005766.5558,0.0145136210950142,0.0196852496814403,21398.0266388444,29022.7707005844
1896,2111,21261835499.9825,28854943973.191,24821680605.5629,2347583528.93298,10561413624.4702,40826831718.6718,76374877512.6017,0.0144212468485801,0.0195714179916254,21261.8354999825,28854.943973191
1897,2111,21182680107.9225,28999211867.6338,25171583711.1436,2311830430.11033,10445369140.5378,41034205331.0091,77377955548.4276,0.014367558188996,0.0196692704521097,21182.6801079225,28999.2118676338
1898,2111,21292426742.6448,29369980993.4919,25733269657.565,2303605620.089,10371767527.4394,41558178871.0815,78997939631.6069,0.0144419959443879,0.0199207517077066,21292.4267426448,29369.9809934919
1899,2111,20916322486.473,29101008700.9363,25717518683.2228,2221302744.41821,10130290765.3467,41294921603.9698,78522784727.7242,0.014186896034549,0.0197383161025409,20916.322486473,29101.0087009363
1900,2111,20920364377.8221,28841279789.8784,25341180270.1264,2212546447.51055,10174076069.5996,41074705672.5337,77641930778.7529,0.0141896375247125,0.019562149997781,20920.3643778221,28841.2797898784
1901,2111,21426704089.8556,29491905408.876,25905081769.6232,2212431121.60933,10340910903.1768,41966104621.3839,79322739861.9437,0.0145330721250074,0.0200034492758975,21426.7040898556,29491.905408876
1902,2111,21465596115.5315,29355182973.9516,25439521802.8809,2263355348.26377,10542759683.4337,41765352300.3125,78261173122.0384,0.0145594513857591,0.0199107146677408,21465.5961155315,29355.1829739516
1903,2111,21970759845.0956,29642990203.3713,25360589469.2871,2337765806.92018,10902709309.7894,42078434441.4822,78456667441.369,0.0149020883534376,0.0201059254293079,21970.7598450956,29642.9902033713
1904,2111,21912261318.6228,29562097625.8744,25119009979.6029,2362346698.66062,10957653133.7359,41770842709.5801,78019427713.948,0.0148624106082804,0.020051058490454,21912.2613186228,29562.0976258744
1905,2111,21859662857.6484,29681228364.7282,25408254578.7499,2334714447.96963,10842300898.8377,41956406112.4274,78594675248.5981,0.0148267346954662,0.0201318611940712,21859.6628576484,29681.2283647282
1906,2111,21071017361.1343,28793117651.4599,24715938714.5197,2306080069.32691,10481026468.7605,40760684313.7462,76286528387.9847,0.0142918207939237,0.0195294831056451,21071.0173611343,28793.1176514599
1907,2111,20910492562.7932,28693602070.4169,24954642381.1963,2229344004.15774,10187464093.8632,40645812861.2281,77061434867.309,0.0141829417772369,0.0194619847582187,20910.4925627932,28693.6020704169
1908,2111,20870270145.5334,28698830359.053,24982251162.3456,2218979364.26412,10216363059.7925,40624399356.9552,77046239606.6953,0.0141556601529317,0.019465530945048,20870.2701455334,28698.830359053
1909,2111,21016170803.8032,28746772124.8126,24946141204.9232,2177936438.42978,10275478895.7124,41008479540.4806,77163949936.8687,0.0142546200667303,0.0194980483652104,21016.1708038032,28746.7721248126
1910,2111,21456028885.8827,29141683682.3752,25218793670.2692,2214885254.76646,10440025071.9871,41298666011.3605,78218161998.131,0.0145529622291469,0.0197659046871621,21456.0288858827,29141.6836823752
1911,2111,21340196028.9759,28939819474.3811,24957947202.5079,2207842738.67452,10450239951.9359,41091827389.6321,77333003293.1064,0.0144743963770769,0.0196289864247017,21340.1960289759,28939.8194743811
1912,2111,21531694621.7257,29089260459.9911,24937670439.0147,2250728298.5774,10615003624.0397,41391004331.8973,77384152209.4571,0.014604283962615,0.0197303476332755,21531.6946217257,29089.2604599911
1913,2111,21714377056.6337,29314732594.8705,24997538050.7022,2293770941.72674,10799368265.7024,41641718332.4933,77590814374.3521,0.0147281918203684,0.0198832784239674,21714.3770566337,29314.7325948705
1914,2111,21526250699.816,29064820060.0787,24813421099.4561,2272032214.40131,10772667271.5488,41261285933.5132,76850634485.8122,0.0146005915183909,0.0197137704642811,21526.250699816,29064.8200600787
1915,2111,21427012897.6945,28893532493.1968,24798735553.7781,2231222340.13142,10622856917.322,41148219665.0953,76578727490.8055,0.0145332815798343,0.0195975913938477,21427.0128976945,28893.5324931968
1916,2111,21195642742.1026,28739078258.7555,24758025401.1157,2189290536.24515,10509423820.2232,40831311393.2062,76244709128.4457,0.0143763503437147,0.0194928298533077,21195.6427421026,28739.0782587555
1917,2111,21189666560.9457,28890390042.2075,25119719031.4124,2170009181.91157,10375661845.344,41042788983.7644,77035525382.5739,0.0143722968844695,0.0195954599663222,21189.6665609457,28890.3900422075
1918,2111,21271668687.2669,29263575646.8982,25670734758.3402,2144140373.86876,10320351409.7692,41535988488.0148,78474876552.8111,0.0144279163960487,0.0198485802449353,21271.6686872669,29263.5756468982
1919,2111,20939700508.8828,28997783553.3823,25640275842.7504,2066241641.74417,10083876309.0922,41192448366.7919,78186538951.1997,0.0142027526256699,0.0196683016706327,20939.7005088828,28997.7835533823
1920,2111,20832872540.2502,28745671030.0554,25278630587.2188,2038106878.06846,10148933916.5371,41043272092.6652,77103991578.6815,0.0141302945114124,0.0194973015266179,20832.8725402502,28745.6710300554
1921,2111,21358284576.1938,29401687642.5715,25846169635.1604,2074608485.12095,10328965310.796,41852596537.5182,79209849294.3802,0.014486665280416,0.0199422573492642,21358.2845761938,29401.6876425715
1922,2111,21410667218.52,29279244185.6517,25438460816.2933,2186794982.19988,10524604438.7364,41786225165.065,78011591589.8338,0.0145221948101016,0.019859207731218,21410.66721852,29279.2441856517
1923,2111,21902361266.674,29583515754.4981,25432747420.8144,2278637888.25268,10854543131.779,42101110773.1761,78201420662.9112,0.0148556957085735,0.0200655857461049,21902.361266674,29583.5157544981
1924,2111,21888979364.3846,29521525474.7512,25272096109.9288,2301482637.02949,10876771466.4496,41944885135.6555,78139842944.6199,0.0148466191772355,0.0200235396524625,21888.9793643846,29521.5254747512
1925,2111,21843631689.5188,29653881911.534,25609816542.2921,2279529087.7899,10782885277.6852,42020336976.1052,79223438089.1576,0.014815861248869,0.0201133129388208,21843.6316895188,29653.881911534
1926,2111,21040561377.1388,28781964073.6493,24984041380.9097,2199469678.80631,10455717818.8097,40828114969.8915,77034661094.6905,0.0142711634398954,0.0195219179780317,21040.5613771388,28781.9640736493
1927,2111,20729149312.9445,28691562630.3478,25239656066.3344,2115223879.06499,10149267231.4008,40555104688.1023,77830363084.115,0.01405994224738,0.0194606014689599,20729.1493129445,28691.5626303478
1928,2111,20705796246.9157,28708748624.1739,25318956999.7832,2099770549.79872,10164787665.5505,40669196533.0999,77801431491.0591,0.0140441025834021,0.0194722581981875,20705.7962469157,28708.7486241739
1929,2111,20864736695.5394,28771994961.8963,25357085397.5311,2122816728.87074,10226914490.3712,40804765777.3785,77489130140.8293,0.014151906984571,0.0195151562371909,20864.7366955394,28771.9949618963
1930,2111,21216201757.494,29183813064.8059,25721242999.9356,2159540377.96943,10418519692.2886,41358925119.0736,78553925019.0233,0.0143902948893736,0.019794479747091,21216.201757494,29183.8130648059
1931,2111,21118071000.8768,28995664981.6037,25567949050.2228,2184268691.81667,10413560449.4767,41127582586.8696,77546477349.3168,0.0143237358256175,0.0196668647087775,21118.0710008768,28995.6649816037
1932,2111,21311184788.4054,29124327094.4441,25621151472.1734,2226567578.72379,10575519883.0929,41324515318.1794,77342568220.5793,0.0144547189479268,0.0197541322492179,21311.1847884054,29124.3270944441
1933,2111,21527452086.0909,29280096988.9376,25702956477.6613,2218988878.39905,10748246641.2208,41299657523.4267,77097676098.4231,0.0146014063816247,0.0198597861613681,21527.4520860909,29280.0969889376
1934,2111,21213762395.4978,28923220627.132,25496643623.8006,2215079229.5757,10641555012.5867,40842650623.8873,76092993116.6795,0.0143886403454138,0.0196177279388771,21213.7623954978,28923.220627132
1935,2111,20865959818.2465,28608713192.3188,25417847961.973,2174097127.75802,10319134115.4814,40353660709.5514,75770179549.1448,0.0141527365909559,0.0194044072519986,20865.9598182465,28608.7131923188
1936,2111,20558020900.1497,28298371610.8773,25321465564.404,2149435460.54723,10084064109.3596,39992216647.5787,75252590901.5372,0.0139438711262521,0.0191939121348978,20558.0209001497,28298.3716108773
1937,2111,20325958482.9835,28280306336.093,25599871814.0907,2110082502.9252,9855675037.38909,40165281972.8264,76314321387.3769,0.0137864703504708,0.0191816590165321,20325.9584829835,28280.306336093
1938,2111,20266378758.8584,28470859151.9206,26069439426.8376,2046720879.19237,9726776255.489,40602289717.2303,77640728003.7003,0.0137460592623134,0.0193109051107719,20266.3787588584,28470.8591519206
1939,2111,19853746378.1172,28069081130.2262,26019512369.402,1979561192.84694,9383595074.19284,40059349405.8719,77259053051.0585,0.0134661834528899,0.0190383914781087,19853.7463781172,28069.0811302262
1940,2111,19628756792.7615,27732692203.5683,25779443116.1444,1843923798.72206,9384160203.10002,39640492134.1373,75977121764.3486,0.0133135799606478,0.0188102292506064,19628.7567927615,27732.6922035683
1941,2111,19969001256.8154,28279198200.5979,26417168952.0077,1833000284.10094,9502210525.58977,40474610547.4962,77529627762.8815,0.0135443572801783,0.0191809074024245,19969.0012568154,28279.1982005979
1942,2111,19984711845.5819,28107592343.4697,26262700099.4532,1909006800.49209,9627561360.66508,40203337960.7439,75896832747.397,0.0135550132876871,0.0190645124455399,19984.7118455819,28107.5923434696
1943,2111,20369989714.5781,28367478086.0183,26500289127.7744,1945748638.39104,9859726874.99995,40412704272.437,76222403769.325,0.0138163353759938,0.0192407849242599,20369.9897145781,28367.4780860183
1944,2111,20344532192.6458,28290661609.0239,26562436209.7734,1935621924.27307,9939259951.70919,40124514010.3407,75637231401.8399,0.0137990683245232,0.0191886826785824,20344.5321926458,28290.6616090239
1945,2111,20247773944.3311,28375107429.1366,26936418513.2594,1898144593.26561,9765778684.9073,40111640400.8298,76247422803.0804,0.0137334401907911,0.0192459596722445,20247.7739443311,28375.1074291366
1946,2111,19589640938.9254,27526097960.4044,26389396741.1063,1812064609.70339,9431129217.32368,39225459177.7773,74095119500.3176,0.0132870488841628,0.0186701027512661,19589.6409389254,27526.0979604044
1947,2111,19270483074.5883,27418219865.5529,26481168845.7138,1740311711.59828,9132225869.21758,39007575340.3492,74554697196.1003,0.0130705739544571,0.0185969323688027,19270.4830745883,27418.2198655529
1948,2111,19319679003.1189,27407813725.6071,26427133547.3497,1709655179.01428,9118266207.6568,39006048780.269,74602806006.218,0.0131039420345218,0.018589874205226,19319.6790031189,27407.8137256071
1949,2111,19383400048.0801,27442597608.2202,26342472178.3047,1671592480.65635,9186192171.65003,39165942124.4133,74408739156.7737,0.0131471620527952,0.0186134670393214,19383.4000480801,27442.5976082202
1950,2111,19622931640.5775,27786413098.3823,26587835250.8688,1687828345.84377,9321709209.40001,39659115780.1927,75160551994.6133,0.0133096289396941,0.0188466664756541,19622.9316405775,27786.4130983823
1951,2111,19576600599.6801,27579270409.3718,26420881793.2663,1667317145.07245,9332429681.06854,39410342137.0403,74305233263.2179,0.0132782040244964,0.0187061679824218,19576.6005996801,27579.2704093718
1952,2111,19769154429.8108,27711376840.5004,26523676551.8875,1686762890.66299,9508650470.81928,39555068284.2815,74166895045.3255,0.0134088073449838,0.0187957716976604,19769.1544298108,27711.3768405004
1953,2111,19998230703.078,27912427979.292,26712190640.2833,1721867382.88437,9654836847.19782,39818675707.0336,74379813335.6658,0.0135641827115152,0.0189321384803733,19998.230703078,27912.427979292
1954,2111,19842690009.3201,27663389244.1377,26633575058.0855,1722126686.71759,9581212640.14882,39357528890.1334,73534962064.9232,0.0134586842591504,0.0187632231920144,19842.6900093201,27663.3892441377
1955,2111,19591254060.5907,27481190146.9189,26628272821.8191,1699255024.93211,9411332708.04482,38997409408.0939,73275659243.6763,0.0132881430148051,0.0186396431672991,19591.2540605907,27481.1901469189
1956,2111,19449902676.488,27310871557.9081,26543681806.0482,1680191503.2961,9295812566.65256,38649222562.1401,73010069423.4038,0.0131922687332768,0.0185241213246516,19449.902676488,27310.8715579081
1957,2111,19428733615.2595,27408879653.4695,26727792416.6277,1644532115.97755,9126723898.12623,38793656504.3105,73807980070.1421,0.0131779104123534,0.018590597191199,19428.7336152595,27408.8796534695
1958,2111,19475262570.9082,27691927587.4081,27057417348.8404,1618383714.2566,9006248827.86664,39345244810.5684,74953934824.6354,0.0132094695670189,0.0187825798695201,19475.2625709082,27691.9275874081
1959,2111,19140059083.4181,27390425045.2883,26886655837.41,1551308530.57513,8765883141.15285,38911038163.7928,74533623970.2931,0.0129821113863198,0.0185780800000056,19140.0590834181,27390.4250452883
1960,2111,19204954035.4182,27143073801.1687,26567962279.9968,1506013649.58667,8851407873.37404,38895430775.5522,73467455704.7946,0.0130261276295092,0.0184103092847372,19204.9540354182,27143.0738011687
1961,2111,19579014789.179,27744880605.1068,27089359141.3596,1505958394.13548,9021381404.22765,39569107972.8867,75212148746.7532,0.0132798414947282,0.0188184962672182,19579.014789179,27744.8806051068
1962,2111,19609956162.9876,27635689029.5654,26907717105.5114,1525224410.34968,9280450517.40471,39653062923.6921,73909854461.0549,0.0133008280736869,0.0187444349913388,19609.9561629876,27635.6890295654
1963,2111,19953877669.6812,27933868509.723,27099849030.165,1567671558.26357,9566000608.19349,40102470743.4299,74130019480.3007,0.013534099417761,0.0189466809304788,19953.8776696812,27933.868509723
1964,2111,20004298442.4108,27885418573.0967,27103780930.2614,1568903917.27151,9589056426.87962,39924288500.697,74075433229.8232,0.0135682982718454,0.0189138188337004,20004.2984424108,27885.4185730967
1965,2111,19976870038.1491,27978755222.2532,27382831558.0118,1535842326.80963,9372016963.13183,39897673837.8942,74593082748.8902,0.013549694431715,0.018977126202319,19976.8700381491,27978.7552222532
1966,2111,19303129694.0246,27146566576.1849,26761026589.2096,1466754395.21859,9024748804.53321,38835914136.7829,72427522202.5094,0.0130927171488988,0.0184126783262386,19303.1296940246,27146.5665761849
1967,2111,19029181261.9853,27032817339.9469,26735763762.9767,1391060685.62398,8708451058.22444,38713429469.5395,72870991440.7155,0.0129069063818922,0.0183355257297646,19029.1812619853,27032.8173399469
1968,2111,19044143489.6229,27013131274.7655,26595014630.4981,1351145312.53185,8757678879.24391,38868391276.0469,73315877237.5181,0.0129170547991427,0.0183221732792926,19044.1434896229,27013.1312747655
1969,2111,19089599455.1785,27053010206.3338,26465817912.8009,1320785284.87564,8861478385.15744,39003824085.0212,73075167001.5097,0.0129478861777421,0.0183492219278537,19089.5994551785,27053.0102063338
1970,2111,19374236488.5789,27409325268.5304,26704589343.5405,1312050582.32734,9037058998.11264,39504875061.9784,73690389038.6514,0.0131409466931862,0.0185908994381425,19374.2364885789,27409.3252685304
1971,2111,19316893166.7479,27233729133.3648,26571838507.0946,1309541851.65869,9049785127.07648,39337670724.0361,73162485770.6122,0.0131020524876863,0.0184717979988109,19316.8931667479,27233.7291333648
1972,2111,19447647863.6226,27400830983.3207,26734750845.668,1315645437.2381,9196987615.01037,39476387009.0268,73374945869.5809,0.013190739363297,0.0185851380266307,19447.6478636226,27400.8309833207
1973,2111,19760804560.7223,27684593614.7121,27040544998.1566,1322314756.48127,9343513388.98112,39659949579.7038,73637655586.3215,0.0134031438864702,0.0187776054621774,19760.8045607223,27684.5936147121
1974,2111,19629491949.9738,27591858616.7266,27157420115.5762,1289605082.83917,9197776147.20796,39379084090.8803,73076827697.4763,0.0133140785950969,0.0187147061749803,19629.4919499738,27591.8586167266
1975,2111,19493054205.967,27564095314.4293,27371337517.9889,1262107350.80276,9066925980.52997,39212268063.0942,73452998891.4164,0.0132215370840036,0.0186958751838478,19493.054205967,27564.0953144293
1976,2111,19209070755.6978,27345773813.4622,27358821784.6796,1231659488.14694,8844877692.05592,38921044052.5369,73038158172.4368,0.0130289198738269,0.0185477944474597,19209.0707556978,27345.7738134622
1977,2111,18965054614.3741,27223587759.5754,27463112260.875,1184163399.57843,8630206891.07542,38716487622.7613,73825501938.7579,0.0128634112558588,0.018464919417947,18965.0546143741,27223.5877595754
1978,2111,18892276517.3239,27040115117.7629,27551993552.0552,1088137106.38116,8355432291.00672,38548311909.5116,74911716856.8517,0.0128140481186672,0.0183404755872372,18892.2765173239,27040.1151177629
1979,2111,17717978373.8327,25924629362.1281,26961048680.6208,959214318.571895,7703390643.68536,37021169621.2996,73389722740.623,0.0120175579284797,0.0175838760246972,17717.9783738327,25924.6293621281
1980,2111,16253509653.2404,24615448746.5199,26162274433.3519,696613616.867736,6826902393.32734,35408690093.5644,71153799582.7021,0.0110242539909291,0.0166958992163413,16253.5096532404,24615.4487465199
1981,2111,17045902464.8486,25686268981.015,26985995176.6683,754427880.360823,7294065505.27396,37269280452.9738,73233207339.9283,0.0115617095806524,0.017422203534335,17045.9024648486,25686.268981015
1982,2111,17354183111.1216,26026219100.4662,27306881205.8675,771807482.463241,7477871977.38891,37721136357.4049,73527246755.6024,0.0117708068290318,0.0176527812090054,17354.1831111216,26026.2191004662
1983,2111,17766169126.2559,26319359217.0242,27726916734.828,755346966.423473,7586061689.63764,38205900346.6311,74403282857.6656,0.0120502442286119,0.0178516091033378,17766.1691262559,26319.3592170242
1984,2111,18434554349.5124,26777593481.4884,28230643413.0495,745449977.448079,7722918465.81983,38695425732.7967,74407309165.795,0.0125035892982101,0.0181624152631504,18434.5543495124,26777.5934814884
1985,2111,18706364651.5424,27403744530.7391,28963686440.3948,733214044.044318,7864010467.14241,39622066269.5907,76219021665.494,0.0126879498376172,0.0185871141959283,18706.3646515424,27403.7445307391
1986,2111,18731334740.4135,27559414040.6667,29248560671.6496,744027695.643995,7866371483.1631,40025845170.8033,76662645309.5433,0.0127048862782853,0.0186927000203255,18731.3347404135,27559.4140406667
1987,2111,18702219080.7953,27726073005.3472,29543228348.667,780549732.916529,7787221222.35494,40056522045.0021,77501595082.251,0.0126851380249178,0.0188057396527311,18702.2190807953,27726.0730053472
1988,2111,18868037779.8334,28017928925.2138,29868927494.5104,789630115.330893,7893669197.46226,40332594447.3115,78057546648.9324,0.01279760773107,0.0190036965160799,18868.0377798334,28017.9289252138
1989,2111,19151554999.6852,28113247297.8018,29935804910.6502,775612809.692419,8046257646.60755,40206133164.1583,77735503221.6996,0.0129899087115431,0.0190683480265432,19151.5549996852,28113.2472978018
1990,2111,19333127340.5704,28046085445.4773,29815749302.4064,782638308.730106,8267585286.97055,40104917297.0361,76436713558.9577,0.01311306362678,0.0190227942148236,19333.1273405704,28046.0854454773
1991,2111,19842983887.4485,28702223474.2879,30444966730.3918,803535457.52747,8640849437.51695,40773057298.4815,78103927170.9944,0.0134588835876154,0.0194678323903954,19842.9838874485,28702.2234742879
1992,2111,19965897726.0797,28812455453.6717,30754896565.9031,801357453.327681,8743627410.41584,40648408918.2991,78430047082.0327,0.0135422522510598,0.0195425993400928,19965.8977260797,28812.4554536717
1993,2111,19988210225.8084,28732785099.286,30756796484.2845,818245599.501201,8854908256.0884,40404553910.4544,77425559926.5851,0.0135573861310297,0.0194885613974555,19988.2102258084,28732.785099286
1994,2111,20188773466.6137,28741537333.67,30700695207.3901,860480717.152856,9045372175.643,40323506459.551,76655742535.7782,0.0136934219875956,0.0194944977679316,20188.7734666137,28741.53733367
1995,2111,20227836671.8301,28795543325.1168,30709514841.824,877156211.907668,9144873244.03467,40274957006.8575,76154849605.2985,0.0137199173541468,0.0195311283652268,20227.8366718301,28795.5433251168
1996,2111,20119306280.3221,28636504666.9173,30580624634.3297,887585970.01616,9218659110.70265,40039601647.6696,75836134351.832,0.0136463045389921,0.0194232573515335,20119.3062803221,28636.5046669173
1997,2111,20226652031.8114,28859061075.5047,30709159926.6692,900463510.718686,9269612499.31704,39982658540.7359,76601328876.7771,0.0137191138493818,0.019574210495065,20226.6520318114,28859.0610755047
1998,2111,20062021547.2707,28486599005.1327,30312088616.7939,903801299.191087,9250065358.12903,39534385796.2157,75108220565.4025,0.0136074500724532,0.019321580967451,20062.0215472707,28486.5990051327
1999,2111,20313820977.4012,28838839002.5624,30530644180.7266,922024551.713951,9417351477.78498,39801848692.5909,75982423187.1191,0.0137782378550154,0.0195604944870708,20313.8209774012,28838.8390025624
2000,2111,20180312368.8846,28851008331.5697,30611823461.21,908248823.166197,9286568945.38228,40073066936.5852,76470308727.1297,0.0136876830861277,0.0195687485673733,20180.3123688846,28851.0083315697
2001,2111,19583151607.6611,28373250787.3439,30426647454.4326,864220550.43045,8807189971.83867,39542499681.6658,76106338143.7986,0.0132826473710363,0.0192447003694151,19583.1516076611,28373.2507873439
2002,2111,19377263664.2954,28312678213.2679,30482927354.6156,847014384.499986,8681158519.09062,39458549540.794,76437422917.8583,0.0131429999330517,0.0192036158617768,19377.2636642954,28312.6782132679
2003,2111,19350408675.2955,28559814738.2639,30746669657.4481,808091571.872999,8493395583.94891,40031707040.1047,78383535859.1892,0.013124785022797,0.0193712409396903,19350.4086752954,28559.8147382639
2004,2111,19325789458.4098,28501156319.0649,30625876379.6611,801354493.742641,8617362229.32831,39860526718.5783,77644159373.3609,0.0131080865677681,0.0193314547442314,19325.7894584098,28501.1563190649
2005,2111,19764581995.3195,28690557429.9122,30614800777.9435,821881091.044521,8900465886.273,40217921324.0066,77267605608.9822,0.0134057060037803,0.0194599196725264,19764.5819953195,28690.5574299122
2006,2111,20253767686.8597,29386005595.3937,31160691296.2123,841577391.179182,9220251043.24606,41130051355.382,79120661267.6587,0.0137375055613726,0.0199316207006342,20253.7676868597,29386.0055953937
2007,2111,20166523844.1639,29288752416.6181,31242098921.7063,838438399.231512,9154660082.75213,40878419159.7504,78728699857.3958,0.0136783307553435,0.0198656568708447,20166.5238441639,29288.7524166181
2008,2111,19935225957.13,29072666000.4066,31264833031.6831,801010152.478514,8850814769.18873,40553184123.1238,78904693479.1886,0.0135214485367564,0.0197190921234685,19935.22595713,29072.6660004066
2009,2111,19483671227.7868,28685530429.5007,30982886663.7347,772633921.1698,8691888258.87065,40198175036.0458,77832311435.1599,0.0132151728994763,0.0194565100132878,19483.6712277868,28685.5304295007
2010,2111,19709703514.9018,28847551463.2383,30937754331.2537,779428550.185865,8894885790.46601,40526730230.7144,77808562644.2084,0.0133684836241424,0.0195664038802681,19709.7035149018,28847.5514632383
