"period","log10_w","w","median","q05","q25","q75","q95","median_density","q05_density","q25_density","q75_density","q95_density"
"Pre-krill fishing (1965-1974)",-7.5,3.16227766016838e-08,296073026102489024,153883059943461600,198196947282935232,358010112656061632,375016287969737856,15183.2321078199,7891.43897145957,10163.9460145095,18359.4929567211,19231.6045112686
"Pre-krill fishing (1965-1974)",-7.34330467449793,4.53623270600988e-08,276657501045135552,157675031625991232,197602271269460544,349631991418750848,369367272210379776,14187.5641561608,8085.89905774314,10133.4498086903,17929.8457137821,18941.9113954041
"Pre-krill fishing (1965-1974)",-7.18660934899586,6.50714749759769e-08,257998593432530208,157094753884640960,192587508330509888,335149616788354176,361032567339867392,13230.6970991041,8056.14122485338,9876.28247848769,17187.1598353002,18514.4906328137
"Pre-krill fishing (1965-1974)",-7.02991402349378,9.33439073780173e-08,241754630938481952,153433202006310592,183164046365667008,315201374360052480,346550890016204288,12397.6733814606,7868.36933365695,9393.02801875215,16164.1730441053,17771.8405136515
"Pre-krill fishing (1965-1974)",-6.87321869799171,1.33900223528244e-07,225074916721312288,142683887665423712,170876957431739424,289644234804828160,326683149645639680,11542.3034216058,7317.1224443807,8762.92089393536,14853.5505028117,16752.9820331097
"Pre-krill fishing (1965-1974)",-6.71652337248964,1.92077558830971e-07,204729261741980576,126241981638778848,158462177993500608,261926999915799936,302717265868477440,10498.9364995887,6473.94777634763,8126.26553812824,13432.1538418359,15523.9623522296
"Pre-krill fishing (1965-1974)",-6.55982804698757,2.75531941876727e-07,183088857682822464,109592558163079056,144481416527578432,233065440324567552,276305384044454592,9389.17218886269,5620.13118785021,7409.30341167069,11952.0738627983,14169.5068740746
"Pre-krill fishing (1965-1974)",-6.40313272148549,3.95245813495413e-07,160794025947431296,93752354196505440,129298765551518368,205633642677143424,248646202914784512,8245.84748448366,4807.81303571823,6630.70592571889,10545.3150090843,12751.0873289633
"Pre-krill fishing (1965-1974)",-6.24643739598342,5.66973295442978e-07,140393058511712192,80674295122107744,114258935995570400,180371493791497760,221576433529989312,7199.64402624165,4137.14333959527,5859.43261515746,9249.82019443578,11362.8940271789
"Pre-krill fishing (1965-1974)",-6.08974207048135,8.13313403379543e-07,121854925077701344,68996238963190256,99802476262538240,156935588101407552,195767443062036288,6248.9705168052,3538.26866477899,5118.07570577119,8047.97887699526,10039.3560544634
"Pre-krill fishing (1965-1974)",-5.93304674497928,1.16668403509199e-06,104547634221190576,58730172240976624,85851401724618528,136283824436241232,172063936983915872,5361.41713954823,3011.80370466547,4402.63598587787,6988.9140736534,8823.79164020081
"Pre-krill fishing (1965-1974)",-5.7763514194772,1.67358810525261e-06,90359323347389584,50581136840187056,73020788035766352,117510119503395616,151056600149307072,4633.81145371229,2593.90445334293,3744.65579670597,6026.15997453311,7746.49231534908
"Pre-krill fishing (1965-1974)",-5.61965609397513,2.40073324207457e-06,77560234011102128,43616511470691024,62328417429282544,101792204442474864,132809890201506976,3977.44789800524,2236.74417798416,3196.32909893757,5220.11304833204,6810.76360007728
"Pre-krill fishing (1965-1974)",-5.46296076847306,3.44381038650601e-06,66898289527575264,37948174493827712,53203490673229304,88878002439292000,117205595604604576,3430.68151423463,1946.0602304527,2728.38413708868,4557.84627893805,6010.5433643387
"Pre-krill fishing (1965-1974)",-5.30626544297099,4.94008654120945e-06,57828713111457880,32886406000973380,45740355864146384,78722677752751424,103733455111712096,2965.57503135681,1686.48235902428,2345.65927508443,4037.060397577,5319.66436470318
"Pre-krill fishing (1965-1974)",-5.14957011746891,7.08646885155566e-06,50658646366570976,29280785527508432,39507342514751440,69854487809915272,92812359696368384,2597.87930084979,1501.57874500043,2026.01756485905,3582.2814261495,4759.60818955735
"Pre-krill fishing (1965-1974)",-4.99287479196684,1.01654172179288e-05,44639122119788176,26044932337091940,34537548698854968,61772008937992608,83205763692156720,2289.18574973273,1335.6375557483,1771.15634353102,3167.79533015347,4266.96224062342
"Pre-krill fishing (1965-1974)",-4.83617946646477,1.45821154906901e-05,39852984029102120,22839634393606680,30734590567156128,55738248351880896,74608728011704864,2043.74277072319,1171.26330223624,1576.13284959775,2858.37171035287,3826.08861598486
"Pre-krill fishing (1965-1974)",-4.6794841409627,2.0917792907584e-05,35950917707656568,20140804136948740,27438259050420184,50395775126890960,66846480807055352,1843.63680552085,1032.86175061276,1407.09020771386,2584.39872445595,3428.02465677207
"Pre-krill fishing (1965-1974)",-4.52278881546062,3.00062127750894e-05,34448307641789452,18861714201328832,26106781023225664,48170284877446672,62308868718607168,1766.57987906613,967.26739493994,1338.80928324234,2470.27101935624,3195.32660095421
"Pre-krill fishing (1965-1974)",-4.36609348995855,4.30433941612213e-05,34895132554663460,18939238772813228,26561381117683660,47980651283496344,60669946024490160,1789.49397716223,971.243013990422,1362.12210859916,2460.54621966648,3111.27928330719
"Pre-krill fishing (1965-1974)",-4.20939816445648,6.17450057694841e-05,30768981957454836,16877395153860904,23616758530805320,40346596055785632,50207675347196152,1577.89651063871,865.507443787739,1211.11582209258,2069.05620798901,2574.75258190749
"Pre-krill fishing (1965-1974)",-4.05270283895441,8.85721447336123e-05,25822669186501624,15013607786315160,20596088026621748,33038566624298544,40189815858869136,1324.23944546162,769.928604426418,1056.20964239086,1694.28546791275,2061.01619789072
"Pre-krill fishing (1965-1974)",-3.89600751345233,0.000127055212400501,21255869537348340,13026582456566584,17128335969862412,26279528732646376,30946845493319344,1090.04459165889,668.029869567517,878.376203582688,1347.66814013571,1587.01771760612
"Pre-krill fishing (1965-1974)",-3.73931218795026,0.000182258508549024,17153902166879640,10086506172057000,13863594899259064,20616891966150252,22899342710383836,879.687290609212,517.256726772154,710.953584577388,1057.27651108463,1174.32526719917
"Pre-krill fishing (1965-1974)",-3.58261686244819,0.000261446683775594,13316241892586510,7418251190677227,10562493880282820,15542540857961396,17501728613674560,682.884199619821,380.423137983448,541.666352835016,797.053377331354,897.524544291003
"Pre-krill fishing (1965-1974)",-3.42592153694612,0.000375040753934783,9885104642564374,4580834073781304,7047662116227878,11617780310062984,13771756216925936,506.928443208429,234.914567886221,361.418570062968,595.783605644256,706.243908560304
"Pre-krill fishing (1965-1974)",-3.26922621144404,0.000537989486348578,6278245065779212,2500317766675942,4239769025431748,9114806754267794,10898610843999034,321.961285424575,128.2214239321,217.424052586243,467.425987398348,558.903120205079
"Pre-krill fishing (1965-1974)",-3.11253088594197,0.000771736629646219,3757744747826597,1191252664277668,2325201413463691,6690360004644595,8489609265929840,192.704858862902,61.0898802193676,119.241098126343,343.095384853569,435.364577739992
"Pre-krill fishing (1965-1974)",-2.9558355604399,0.00110704287100476,1993283019066634,520615637550777,1173119040605769,4434148585316389,6480671443368846,102.219642003417,26.6982378231168,60.1599508002959,227.39223514443,332.342125300966
"Pre-krill fishing (1965-1974)",-2.79914023493783,0.00158803388508885,912607913848373,228612312425163,512573503112167,2568806961411247,4602834968116220,46.8004058383781,11.7237083294955,26.2858206724188,131.733690328782,236.042818877755
"Pre-krill fishing (1965-1974)",-2.64244490943575,0.00227800719036431,362560751482370,114080882979360,216196699449960,1221977111812496,2811436596675953,18.592859050378,5.85030169124921,11.0870102282031,62.6654929134613,144.176235726972
"Pre-krill fishing (1965-1974)",-2.48574958393368,0.00326776198422312,137793527412898,59976238135118.3,101073308395323,377646722878621,1116580002232601,7.06633473912295,3.07570451974966,5.18324658437554,19.3664986091601,57.2605129350052
"Pre-krill fishing (1965-1974)",-2.32905425843161,0.0046875481476536,61736261788323.2,26214773542327.3,44665027821553.9,79984126625720.5,100756640177592,3.16596214299093,1.34434736114499,2.29051424725917,4.10175008337028,5.16700718859448
"Pre-krill fishing (1965-1974)",-2.17235893292954,0.00672420688613729,58139097203661.3,25970613988025.1,42501911391626.5,73988415213283.1,95805061654784.5,2.98149216429032,1.33182635836026,2.17958519957059,3.79427770324529,4.91308008486074
"Pre-krill fishing (1965-1974)",-2.01566360742746,0.00964575868307804,57651891150376.4,26206929115557.5,42806232587574.4,71767019746606.9,98149423097592.5,2.95650723848084,1.3439450828491,2.19519141474741,3.68035998700548,5.03330374859449
"Pre-krill fishing (1965-1974)",-1.85896828192539,0.0138366742944791,59374313963104.1,28020341462177.5,44335023280547.3,72541221278009.3,105063367619098,3.04483661349252,1.43694058780397,2.27359093746396,3.7200626296415,5.38786500610757
"Pre-krill fishing (1965-1974)",-1.70227295642332,0.0198484703818451,57414113756924.7,27159829920453.3,43186770941409.9,69970467478456.8,108254172097209,2.94431352599614,1.39281179079248,2.21470620212359,3.58822910145932,5.55149600498506
"Pre-krill fishing (1965-1974)",-1.54557763092125,0.0284722880740333,56079721157976.3,25709805821986.8,41668066641306,69555376913032.3,112979601699061,2.87588313630648,1.31845158061471,2.13682393032338,3.56694240579653,5.79382572815695
"Pre-krill fishing (1965-1974)",-1.38888230541917,0.0408430056611436,55285318021317.3,24653472345279.1,40273092888829.1,69872446638451.2,119174196292359,2.83514451391371,1.26428063309124,2.06528681481175,3.58320239171545,6.11149724576199
"Pre-krill fishing (1965-1974)",-1.2321869799171,0.0585885864563713,54107768902040.3,23485018502412.6,39212996704686.9,71093437596116,127426163970473,2.77475737959181,1.20435992320064,2.01092290793266,3.64581731262133,6.53467507540888
"Pre-krill fishing (1965-1974)",-1.07549165441503,0.0840443157253079,52621047904972.5,22512802201669.7,37753202474096.7,73608944349846.9,137277483462129,2.69851527717808,1.1545026770087,1.93606166533829,3.77481765896651,7.03987094677584
"Pre-krill fishing (1965-1974)",-0.918796328912957,0.12056011986217,50709789853841.3,21702339476689.6,36219517888560.8,76514875370507.2,150815690781528,2.60050204378673,1.11294048598408,1.85741117377235,3.92383976259011,7.7341379887963
"Pre-krill fishing (1965-1974)",-0.762101003410884,0.172941410442158,46881866178106.7,20350932676769.9,33584438163814.9,81661753638200.2,168575093805439,2.40419826554393,1.04363757316769,1.72227888019563,4.18778223785642,8.64487660540713
"Pre-krill fishing (1965-1974)",-0.605405677908812,0.248081467403285,43808413955939,18448745925078,29337781731463.9,87615117775569.3,190338262103939,2.2465853310738,0.946089534619384,1.50450162725456,4.49308296284971,9.7609365181507
"Pre-krill fishing (1965-1974)",-0.44871035240674,0.355868581802455,36026160144925.3,14839414498327.4,22680628544971.4,83171049758236.2,203550983645950,1.84749539204745,0.760995615298842,1.16310915615238,4.26518203888391,10.4385119818436
"Pre-krill fishing (1965-1974)",-0.292015026904667,0.510487336437021,14921194645746.2,6308386704529.12,12203272908377,17191277407285.7,21559650828312.4,0.765189469012628,0.323507010488673,0.625808867096254,0.881603969604393,1.10562311940063
"Pre-krill fishing (1965-1974)",-0.135319701402595,0.732285270429473,11217235478811.9,4532392959999.32,8823801172373.88,13571975658871.1,18611142622978.9,0.575242845067279,0.232430408205094,0.452502624224302,0.695998751736981,0.954417570409174
"Pre-krill fishing (1965-1974)",0.0213756240994787,1.05045057734576,5978043429369.85,2577317753040.62,4787053427114.23,8347485348213.19,12529035695392.7,0.306566329711275,0.13217014118157,0.245489919339191,0.42807617170324,0.64251465104578
"Pre-krill fishing (1965-1974)",0.178070949601551,1.50685321691489,1950792343465.63,239850189343.491,1226010131362.11,2591116976694.56,3611451429825.58,0.100040632998237,0.0123000097099226,0.0628723144288259,0.132877793676644,0.185202637426953
"Pre-krill fishing (1965-1974)",0.334766275103624,2.16155492347296,2137568924535.83,234460535404.123,1239573325705.12,3159793786040.32,4455321906445.52,0.109618919206965,0.0120236172002115,0.0635678628566728,0.162040706976426,0.228478046484386
"Pre-krill fishing (1965-1974)",0.491461600605696,3.10071321794452,2403957912619.33,201545862192.777,1174756074242.14,4206577116948.3,6159179391983.05,0.123279892954838,0.0103356852406552,0.0602439012431864,0.215721903433246,0.315855353435028
"Pre-krill fishing (1965-1974)",0.648156926107768,4.44791957656499,2314715724536.76,117052696944.636,799525442141.186,5709714366767.77,9173355975382.35,0.118703370489065,0.00600270240741721,0.041001304725189,0.29280586496245,0.470428511558069
"Pre-krill fishing (1965-1974)",0.804852251609841,6.38046383815689,19119664285.9499,14757000687.7958,17496943162.1209,21307896361.8602,25612961591.1065,0.000980495604407688,0.00075676926604081,0.00089727913651902,0.00109271263394155,0.00131348520980034
"Pre-krill fishing (1965-1974)",0.961547577111913,9.15266521555844,23144569557.3507,16626063481.0323,20750232248.5394,25446229948.9027,30145819746.8557,0.00118690100294106,0.00085261864005294,0.00106411447428407,0.0013049348691745,0.00154593947419773
"Pre-krill fishing (1965-1974)",1.11824290261399,13.1293402287023,29856275240.9835,18686665985.8418,26009000393.0356,33241195202.2522,38997022473.437,0.00153109103799915,0.000958290563376504,0.00133379489195054,0.00170467667703858,0.0019998473063301
"Pre-krill fishing (1965-1974)",1.27493822811606,18.8338118767848,42608569288.286,18064855146.3363,33519257575.8189,51548134231.339,59888112359.5043,0.00218505483529672,0.000926402828017245,0.00171893628593943,0.00264349406314559,0.00307118524920535
"Pre-krill fishing (1965-1974)",1.43163355361813,27.0167779668531,46344520528.7877,13197264310.1388,32193957606.6757,93685711419.6499,128114413720.583,0.00237664207839937,0.000676782785135321,0.00165097218495773,0.00480439545741794,0.00656996993438885
"Pre-krill fishing (1965-1974)",1.5883288791202,38.7551015421336,5759914190.03859,4657166271.70171,5193528871.96399,6472874996.10728,9032208550.45803,0.000295380214873774,0.000238829039574447,0.000266334813946872,0.000331942307492681,0.000463190182074771
"Pre-krill fishing (1965-1974)",1.74502420462228,55.5935240458296,6596698227.22659,5376131041.86406,5996106254.8685,7265079391.19189,9546396678.78672,0.000338292216780851,0.0002756990277879,0.000307492628454795,0.000372568173907276,0.000489558804040345
"Pre-krill fishing (1965-1974)",1.90171953012435,79.747950407875,8605190590.65996,7094790845.69016,7901517631.45275,9394890859.66142,11172893798.568,0.000441291825162049,0.000363835427984111,0.000405206032382192,0.000481789274854432,0.000572968912747078
"Pre-krill fishing (1965-1974)",2.05841485562642,114.397057992117,9906877030.82881,7773600479.94829,9205884717.95192,10650314665.7463,12235679238.5813,0.000508044975939939,0.000398646178458887,0.000472096652202663,0.000546169982858783,0.000627470730183657
"Pre-krill fishing (1965-1974)",2.21511018112849,164.100604596346,11302079393.4519,6974191214.21893,9996020565.30402,12397511951.8445,14874800728.0929,0.000579593815048815,0.000357650831498407,0.00051261643924636,0.000635769843684334,0.000762810293748356
"Pre-krill fishing (1965-1974)",2.37180550663057,235.399484056154,12828269310.5092,5738354678.01245,10050828362.6488,17627960319.7383,23575084402.4834,0.000657859964641498,0.000294274598872433,0.000515427095520451,0.000903997965114782,0.00120897868730684
"Pre-krill fishing (1965-1974)",2.52850083213264,337.676495648558,4943478864.41077,2357467376.88583,3900328717.72654,6111398913.48927,7577082044.10378,0.00025351173663645,0.000120895762917222,0.00020001685731931,0.000313405072486629,0.00038856830995404
"Pre-krill fishing (1965-1974)",2.68519615763471,484.391102940098,3420420134.19429,1256864067.0889,2306336085.60261,4803721944.25394,6730912098.68554,0.000175406160727912,6.44545675430205e-05,0.000118273645415519,0.000246344715089946,0.000345174979419771
"Pre-krill fishing (1965-1974)",2.84189148313678,694.850674036028,1684194690.58197,694581575.107375,1166418035.80433,2520928485.39902,3821416740.13662,8.6368958491383e-05,3.56195679542244e-05,5.98163095284272e-05,0.000129278383866617,0.000195970089237776
"Pre-krill fishing (1965-1974)",2.99858680863885,996.751295136877,723593474.507328,519816007.258201,634845170.408712,797426105.678932,878912915.687207,3.71073576670425e-05,2.66572311414462e-05,3.25561625850622e-05,4.08936464450734e-05,4.50724572147286e-05
"Pre-krill fishing (1965-1974)",3.15528213414093,1429.82252371756,955523995.49771,688048049.804116,835004884.790669,1064278761.98263,1168891992.35706,4.90012305383441e-05,3.52845153745701e-05,4.28207633225984e-05,5.45783980503915e-05,5.99431790952338e-05
"Pre-krill fishing (1965-1974)",3.311977459643,2051.05572403526,1596063847.38143,1124629405.60588,1373931891.28255,1791291178.87015,1980377124.3718,8.18494280708426e-05,5.76733028515837e-05,7.04580457067975e-05,9.18610860959053e-05,0.000101557801249836
"Pre-krill fishing (1965-1974)",3.46867278514507,2942.20402414699,1810428278.74172,1145001197.88865,1543993962.81619,2080359182.16751,2371534433.63126,9.28424758329086e-05,5.87180101481357e-05,7.91791775803175e-05,0.000106685086265,0.000121617150442629
"Pre-krill fishing (1965-1974)",3.62536811064714,4220.54087476266,4808486.30670272,4208604.37605249,4636243.0732898,4972324.3785761,5178877.41328908,2.4658904136937e-07,2.15825865438589e-07,2.37756055040503e-07,2.54990993773133e-07,2.65583457091748e-07
"Pre-krill fishing (1965-1974)",3.78206343614922,6054.29301617067,14924063.0889637,8352536.98025881,13959511.3654608,16188336.5130641,17125313.6503905,7.65336568664807e-07,4.28335229756862e-07,7.1587237771594e-07,8.30171103234055e-07,8.78221212840537e-07
"Pre-krill fishing (1965-1974)",3.93875876165129,8684.77880283868,1573229.50924354,1095541.408189,1445534.48465203,1683396.84717002,1896125.60038799,8.06784363714636e-08,5.6181610676359e-08,7.41299735718989e-08,8.63280434446164e-08,9.72372102763072e-08
"Pre-krill fishing (1965-1974)",4.09545408715336,12458.1652478298,2032581.62377202,1511829.97278125,1878982.40551799,2162270.69984465,2466255.62285597,1.04234955065232e-07,7.75297421939102e-08,9.63580720778454e-08,1.1088567691511e-07,1.26474647325947e-07
"Pre-krill fishing (1965-1974)",4.25214941265543,17871.0229547244,3974822.13964876,3235657.90503438,3717578.56997239,4244469.78333666,5084770.50151387,2.03837032802501e-07,1.65931174617147e-07,1.90645054870379e-07,2.17665117094188e-07,2.60757461616096e-07
"Pre-krill fishing (1965-1974)",4.40884473815751,25635.6738809449,11215356.4609206,7769357.35449612,9396241.20282589,13287379.4936543,24652778.3492539,5.75146485175414e-07,3.98428582281852e-07,4.81858523221841e-07,6.81404076597655e-07,1.26424504355148e-06
"Pre-krill fishing (1965-1974)",4.56554006365958,36773.9315760001,733174.025559605,291682.02111157,621510.946015865,831724.882160709,980093.910233196,3.75986679774156e-08,1.49580523646959e-08,3.18723562059418e-08,4.26525580595236e-08,5.02612261658049e-08
"Pre-krill fishing (1965-1974)",4.72223538916165,52751.5699347979,824482.159119936,330159.383273536,692060.41438069,933876.542440878,1102637.94097879,4.22811363651249e-08,1.69312504242839e-08,3.54902776605482e-08,4.78911047405578e-08,5.65455354348095e-08
"Pre-krill fishing (1965-1974)",4.87893071466372,75671.2163026369,1017971.46619851,404449.057332578,847751.684740951,1157705.8400366,1370169.78578247,5.22036649332568e-08,2.07409772991066e-08,4.34744453713308e-08,5.93695302582874e-08,7.02651172196137e-08
"Pre-krill fishing (1965-1974)",5.0356260401658,108549.05330397,1559481.40501664,619309.547256511,1284761.95763141,1782799.83886394,2142663.21316723,7.99734053854687e-08,3.17594639618723e-08,6.58852285964827e-08,9.14256327622533e-08,1.09880164777807e-07
"Pre-krill fishing (1965-1974)",5.19232136566787,155711.742838438,9596663.23905117,2559991.60055971,7372435.19575639,11480051.1251435,14007808.2700604,4.92136576361599e-07,1.31281620541523e-07,3.78073599782379e-07,5.88720570520181e-07,7.18349142054381e-07
"Pre-krill fishing (1965-1974)",5.34901669116994,223365.806700198,3781471.13936044,404707.100627326,2164897.11960276,5386983.18704395,7856708.13403585,1.93921596890279e-07,2.07542102885808e-08,1.11020365107834e-07,2.76255548053536e-07,4.02908109437736e-07
"Pre-krill fishing (1965-1974)",5.50571201667201,320414.393245838,6546.03628718314,6057.43723208015,6289.93282159292,6787.2374273744,10242.0225592473,3.35694168573494e-10,3.10637806773341e-10,3.22560657517586e-10,3.48063457814072e-10,5.25231926115244e-10
"Pre-krill fishing (1965-1974)",5.66240734217409,459628.91507784,22777.4232606366,15319.2492520537,19378.0433414163,25469.3403325646,29785.9211111985,1.16807298772496e-09,7.85602525746344e-10,9.93745812380321e-10,1.30612001705459e-09,1.52748313390762e-09
"Pre-krill fishing (1965-1974)",5.81910266767616,659329.743072884,10027.7794583209,9067.08786150954,9435.71263644094,10468.6907223831,18022.4828748702,5.14245100426713e-10,4.64978864692797e-10,4.83882699304664e-10,5.36855934481184e-10,9.24229891018985e-10
"Pre-krill fishing (1965-1974)",5.97579799317823,945797.132947857,19309.1944297363,17133.4742636332,18115.2263195948,20429.8579434086,35754.1121850275,9.90215098960835e-10,8.78639705827343e-10,9.28985965107428e-10,1.0476850227389e-09,1.83354421461679e-09
"Pre-krill fishing (1965-1974)",6.1324933186803,1356729.65779355,669181.087179928,262549.242998287,442781.962717534,966822.988461471,1338451.5171248,3.43169788297399e-08,1.34640637435019e-08,2.27067673188479e-08,4.95806660749472e-08,6.86385393397333e-08
"Pre-krill fishing (1965-1974)",6.28918864418238,1946205.26983358,881.477603574823,692.019566993056,764.400990289162,983.699513921678,1659.3952547148,4.52039796705037e-11,3.54881829227208e-11,3.92000507840596e-11,5.04461289190604e-11,8.5097192549477e-11
"Pre-krill fishing (1965-1974)",6.44588396968445,2791797.85786357,14305.3708327001,4668.22995552911,8437.17095353141,28470.347240783,128872.75681074,7.33608760651285e-10,2.39396407975852e-10,4.32675433514431e-10,1.46001780721964e-09,6.60885932362767e-09
"Pre-krill fishing (1965-1974)",6.60257929518652,4004785.82602855,190.458532488606,161.150867538301,180.474524698655,203.898155650956,359.586092948787,9.76710423018492e-12,8.26414705324618e-12,9.25510383070025e-12,1.0456315674408e-11,1.84403124589122e-11
"Pre-krill fishing (1965-1974)",6.75927462068859,5744796.12382558,530.954505301633,403.708650508062,489.776881328243,570.044604622701,935.905995129352,2.72284361693145e-11,2.07030077183621e-11,2.51167631450381e-11,2.9233056647318e-11,4.79951792374027e-11
"Pre-krill fishing (1965-1974)",6.91596994619067,8240810.85430961,5894.10860066679,1559.9246942582,3013.56216867727,13721.1499562071,3758640.82902299,3.02261979521374e-10,7.99961381670871e-11,1.54541649675757e-10,7.03648715702926e-10,1.92750811744769e-07
"Pre-krill fishing (1965-1974)",7.07266527169274,11821300.8908807,1732.06392247949,1409.42753729579,1637.06962421415,1911.56678443066,3271.11465381634,8.8823790896384e-11,7.22783352459378e-11,8.39522884212386e-11,9.8029065868239e-11,1.67749469426479e-10
"Pre-krill fishing (1965-1974)",7.22936059719481,16957452.0303007,6.09005825718654,4.34242500835304,4.89510728790341,6.87153544657707,9.01132345733415,3.1231067985572e-13,2.22688461966822e-13,2.51031142969405e-13,3.52386433157798e-13,4.62119151658162e-13
"Pre-krill fishing (1965-1974)",7.38605592269688,24325172.1628858,7.17435935833453,5.15117438467901,5.95868512546483,8.23290529929433,11.6948544809924,3.67915864529976e-13,2.64162788957898e-13,3.05573596177683e-13,4.22200271758684e-13,5.99736127230379e-13
"Pre-krill fishing (1965-1974)",7.54275124819896,34894039.487579,11.9813250111375,7.3189026467285,8.7862391646103,14.210173803797,19.0411881993964,6.14426923648078e-13,3.75328340857872e-13,4.50576367415913e-13,7.28726861733179e-13,9.76471189712635e-13
"Pre-krill fishing (1965-1974)",7.69944657370103,50054897.1907571,38.3208629019612,10.4176353858957,11.9761125843328,374.204843930017,5543.24076305264,1.96517245651083e-12,5.34237712097217e-13,6.14159619709377e-13,1.91899919964111e-11,2.84268757079623e-10
"Pre-krill fishing (1965-1974)",7.8561418992031,71802885.8100286,23.3781716063759,19.493308853348,21.820771289503,25.1836526585778,48.6162181848237,1.19888059519876e-12,9.99656864274256e-13,1.1190139122822e-12,1.29146936710655e-12,2.49313939409352e-12
"Pre-krill fishing (1965-1974)",8.01283722470517,103000000.000001,11620.7851483937,50.8050068122063,3660.90785996459,25630.7027733838,226506.159575778,5.95937699917624e-10,2.60538496472853e-12,1.87738864613568e-10,1.31439501401968e-09,1.16157004910656e-08
"Peak krill fishing (1977-1986)",-7.5,3.16227766016838e-08,293435497194390592,153759048069031040,198725568884097216,360747387860803328,381107482148190720,15047.974215097,7885.07938815544,10191.0548145691,18499.8660441438,19543.973443497
"Peak krill fishing (1977-1986)",-7.34330467449793,4.53623270600988e-08,276303611339240544,157697603098101184,198432102773916864,352421852789274240,375410070494624512,14169.4159661149,8087.05656913339,10176.0052704573,18072.9155276551,19251.7984869038
"Peak krill fishing (1977-1986)",-7.18660934899586,6.50714749759769e-08,257839572816409888,157479851954219456,192173635504143808,338025376638987072,365576857526898816,13222.5421957133,8075.88984380613,9855.05823098173,17334.6346994352,18747.5311552256
"Peak krill fishing (1977-1986)",-7.02991402349378,9.33439073780173e-08,242617849566224576,151948052783505760,182262111680714816,318633391094295680,351267346486407296,12441.9410033961,7792.20783505158,9346.77495798538,16340.1739022716,18013.710076226
"Peak krill fishing (1977-1986)",-6.87321869799171,1.33900223528244e-07,225011275974023744,140487622097696256,171135836146313984,292890247323391616,331019114236431488,11539.0397935397,7204.4934409075,8776.196725452,15020.0126832509,16975.3391916119
"Peak krill fishing (1977-1986)",-6.71652337248964,1.92077558830971e-07,205511069669746496,124042205870055328,158791313996997088,265028696026877728,306918866511802688,10539.0292138332,6361.13876256694,8143.14430753831,13591.2151808655,15739.4290518873
"Peak krill fishing (1977-1986)",-6.55982804698757,2.75531941876727e-07,183879141301685920,104925530631537824,145309237122510528,236593547447985408,280503444356267552,9429.69955393261,5380.79644264297,7451.75574987233,12133.00243323,14384.7920182701
"Peak krill fishing (1977-1986)",-6.40313272148549,3.95245813495413e-07,161365119079656000,89827363483156720,129817146374258592,209424446871524896,252877202423068416,8275.13431177723,4606.5314606747,6657.28955765429,10739.7152241808,12968.0616627215
"Peak krill fishing (1977-1986)",-6.24643739598342,5.66973295442978e-07,141126497059490496,77878273095639552,114993786333495840,183274343370787040,225895828047528512,7237.25625946105,3993.75759464818,5897.11724787158,9398.68427542498,11584.4014383348
"Peak krill fishing (1977-1986)",-6.08974207048135,8.13313403379543e-07,123102456777525696,67021005376599568,100334331859286704,159577124054271296,199810826492401536,6312.94650141157,3436.97463469741,5145.35035175829,8183.4422591934,10246.7090508924
"Peak krill fishing (1977-1986)",-5.93304674497928,1.16668403509199e-06,106404981683643216,57785820036270928,86689044667133456,138333850815558032,175840395577475904,5456.66572736632,2963.37538647543,4445.59203421197,7094.04363156708,9017.4561834603
"Peak krill fishing (1977-1986)",-5.7763514194772,1.67358810525261e-06,91197552871388672,48844907821645104,73840037891292128,119999325659296640,154261518753509568,4676.79758314814,2504.86706777667,3786.66860980985,6153.81157227162,7910.84711556459
"Peak krill fishing (1977-1986)",-5.61965609397513,2.40073324207457e-06,78559766399996272,42209155014905416,63022412086409272,103749626141353792,135917723674925728,4028.70596923058,2164.57205204643,3231.91856853381,5320.49364827455,6970.13967563722
"Peak krill fishing (1977-1986)",-5.46296076847306,3.44381038650601e-06,67661677235746360,36932491807710768,53944709079623928,91036445092668368,119946374299877472,3469.82960183315,1893.97393885696,2766.39533741661,4668.53564577787,6151.09611794243
"Peak krill fishing (1977-1986)",-5.30626544297099,4.94008654120945e-06,58423720426704352,32515360059957904,46236977002790864,80603197846659008,106341416294630992,2996.08822701048,1667.45436204912,2371.12702578415,4133.49732546969,5453.40596382723
"Peak krill fishing (1977-1986)",-5.14957011746891,7.08646885155566e-06,51249546822749704,29039439305633800,40110370177307120,71629049620924496,95163311450029536,2628.18188834614,1489.20201567353,2056.94206037472,3673.28459594485,4880.16981795023
"Peak krill fishing (1977-1986)",-4.99287479196684,1.01654172179288e-05,45151115413600496,26018631014981992,34921329623248972,63533069407774568,85033897519701536,2315.44181608208,1334.28876999908,1790.83741657687,3258.10612347562,4360.71269331803
"Peak krill fishing (1977-1986)",-4.83617946646477,1.45821154906901e-05,40269923058740520,22755585921476248,30823682501941664,57122811233257072,76291253505089056,2065.12425942259,1166.95312417827,1580.70166676624,2929.37493503882,3912.37197461995
"Peak krill fishing (1977-1986)",-4.6794841409627,2.0917792907584e-05,36344377951301432,20161501594738832,27486155965288312,51573351029512520,67958534124180936,1863.81425391289,1033.92315870456,1409.54645975838,2644.78723228269,3485.05303200928
"Peak krill fishing (1977-1986)",-4.52278881546062,3.00062127750894e-05,34922142155170884,18885810474818352,26195518743505832,48897993457389344,63658287767409704,1790.87908488056,968.503101272736,1343.3599355644,2507.58940807125,3264.52757781588
"Peak krill fishing (1977-1986)",-4.36609348995855,4.30433941612213e-05,35243244274368840,19023532437245208,26685665239074456,48588763240855184,61799462271040784,1807.34586022404,975.565766012575,1368.49565328587,2491.73144824898,3169.20319338671
"Peak krill fishing (1977-1986)",-4.20939816445648,6.17450057694841e-05,30982694918081392,17003680051422708,23764453532217664,41017081274739056,51153013163292576,1588.8561496452,871.983592380652,1218.68992472911,2103.44006537123,2623.23144427141
"Peak krill fishing (1977-1986)",-4.05270283895441,8.85721447336123e-05,25859849569940064,14990544346930764,20665528477235024,33344590210283368,40940941096404248,1326.1461317918,768.745863945167,1059.77069114026,1709.97898514274,2099.53544084124
"Peak krill fishing (1977-1986)",-3.89600751345233,0.000127055212400501,21339433155832288,12811176626127286,17208139312782334,26540616889997832,31318208103803800,1094.3299054273,656.983416724476,882.468682706786,1361.05727641015,1606.06195404122
"Peak krill fishing (1977-1986)",-3.73931218795026,0.000182258508549024,17175541249762430,9929275706831570,13858086142463208,20741628374161768,23101788123196224,880.796987167304,509.193625991363,710.671084228882,1063.67324995701,1184.70708324083
"Peak krill fishing (1977-1986)",-3.58261686244819,0.000261446683775594,13387938874950546,7256862281854448,10466025986333716,15585595343055846,17597041733693648,686.560967946182,372.146783684844,536.719281350447,799.26129964389,902.412396599674
"Peak krill fishing (1977-1986)",-3.42592153694612,0.000375040753934783,9839004993156922,4408634934323238,6927093943094506,11671620732789058,13869177064683148,504.564358623432,226.083842785807,355.235586825359,598.544652963541,711.239849470931
"Peak krill fishing (1977-1986)",-3.26922621144404,0.000537989486348578,6293417430506720,2392341294381728,4137672686431355,9142987158722440,10915848900681504,322.739355410601,122.684168942653,212.188342893916,468.871136344741,559.787123111872
"Peak krill fishing (1977-1986)",-3.11253088594197,0.000771736629646219,3734768488859585,1132804239300688,2258260032265149,6734201121671163,8552958596870390,191.526589172286,58.092525092343,115.808206782828,345.343647265188,438.613261377969
"Peak krill fishing (1977-1986)",-2.9558355604399,0.00110704287100476,1963729783709129,494704502530175,1125643816698413,4435652108476837,6570649435392350,100.704091472263,25.3694616682141,57.7253239332519,227.469338896248,336.956381302172
"Peak krill fishing (1977-1986)",-2.79914023493783,0.00158803388508885,899390615653892,217867698784324,490485966488591,2581658709794531,4692649533881415,46.1225956745585,11.1727025017602,25.1531264865944,132.392754348437,240.648694045201
"Peak krill fishing (1977-1986)",-2.64244490943575,0.00227800719036431,356942068295697,110675024834281,210238033879318,1223455889294016,2936294463913057,18.3047214510614,5.6756422991939,10.7814376348368,62.7413276561034,150.579203277593
"Peak krill fishing (1977-1986)",-2.48574958393368,0.00326776198422312,137966222584438,59208605256864.2,101269036326485,381069000704780,1154858906992729,7.07519090176604,3.03633873112124,5.19328391417871,19.5420000361426,59.2235336919348
"Peak krill fishing (1977-1986)",-2.32905425843161,0.0046875481476536,62170539520309,25972271159872.7,44615597122009.2,80842786926184.2,101860480729697,3.18823279591328,1.33191134153193,2.28797933959021,4.14578394493252,5.22361439639471
"Peak krill fishing (1977-1986)",-2.17235893292954,0.00672420688613729,58967640978960.8,25511743382083.2,42645034564687.8,75095261296019.2,97225993817508.8,3.02398158866466,1.30829453241452,2.18692484947117,3.8510390408215,4.98594840089789
"Peak krill fishing (1977-1986)",-2.01566360742746,0.00964575868307804,58219356252479.6,25866090578078.6,42719371562316,72582037619890.8,99815295961931.5,2.98560801294767,1.32646618349121,2.19073700319569,3.72215577537902,5.1187331262529
"Peak krill fishing (1977-1986)",-1.85896828192539,0.0138366742944791,60198917040546.1,27854952330832.5,44364156597746.3,73461325810934.9,107388502621218,3.08712395079724,1.42845909388885,2.27508495373058,3.76724747748384,5.50710269852401
"Peak krill fishing (1977-1986)",-1.70227295642332,0.0198484703818451,58006014415342.8,26989345297105.2,43610957338096.9,71133608147925.1,111017316300138,2.97466740591502,1.38406898959514,2.23645935067163,3.64787734091923,5.69319570769938
"Peak krill fishing (1977-1986)",-1.54557763092125,0.0284722880740333,56907251243410,25685357831039.7,42063814196926.3,70375950069900.5,115777133296089,2.91832057658513,1.31719783748921,2.15711867676545,3.60902308050772,5.93728888697894
"Peak krill fishing (1977-1986)",-1.38888230541917,0.0408430056611436,55816425690813.8,24418215602304.2,40623216640580.8,70980924522550.8,122363545208533,2.86238080465712,1.25221618473355,2.08324187900415,3.64004741141286,6.2750536004376
"Peak krill fishing (1977-1986)",-1.2321869799171,0.0585885864563713,54710289327182.2,23223736615796.1,39369517102164.5,72032241643027.4,131067476630519,2.80565586293242,1.19096085209211,2.01894959498279,3.69396110989884,6.72140905797534
"Peak krill fishing (1977-1986)",-1.07549165441503,0.0840443157253079,53125062933071.9,22369778133291.4,37830472331703.3,74470463230421.1,141300729899063,2.72436220169599,1.14716810939956,1.94002422213863,3.81899811438057,7.24619127687503
"Peak krill fishing (1977-1986)",-0.918796328912957,0.12056011986217,51064195198266.1,21413020845126.1,36065440677560.1,77633534776100.5,155582986785993,2.61867667683416,1.09810363308339,1.84950977833642,3.9812069115949,7.97861470697402
"Peak krill fishing (1977-1986)",-0.762101003410884,0.172941410442158,46917826246531.7,19974238098944.1,33343783625418.1,82578030705085.5,173591837007860,2.40604237161701,1.02431990250995,1.70993762181631,4.234770805389,8.90214548758257
"Peak krill fishing (1977-1986)",-0.605405677908812,0.248081467403285,43627817143977,18126534852154.2,28965685676532.8,88632750466888.9,196441815483222,2.23732395610139,0.929565889854064,1.48541977828373,4.54526925471225,10.0739392555498
"Peak krill fishing (1977-1986)",-0.44871035240674,0.355868581802455,35610634192303.3,14568449059939.4,22358199724271.1,84050736610941,209938567757925,1.82618636883607,0.747099951791766,1.14657434483441,4.31029418517646,10.7660803978423
"Peak krill fishing (1977-1986)",-0.292015026904667,0.510487336437021,14749841777699,6034008749015.19,11977705033281.4,17012508669478.4,21561958970104.5,0.756402142446102,0.309436346103343,0.614241283758023,0.872436342024534,1.10574148564638
"Peak krill fishing (1977-1986)",-0.135319701402595,0.732285270429473,10988471051703.7,4203158989485.96,8593430647262.44,13474634536400.2,18632355841287.6,0.563511335984807,0.215546614845434,0.440688751141664,0.691006899302573,0.955505427758337
"Peak krill fishing (1977-1986)",0.0213756240994787,1.05045057734576,5801022786859.42,2424258884781.48,4574070738595.37,8237376923485.19,12490798537590.3,0.297488348044073,0.124320968450332,0.234567730184378,0.422429585819753,0.640553771158475
"Peak krill fishing (1977-1986)",0.178070949601551,1.50685321691489,1836560115111.45,160545548657.388,1066023751358.04,2545885799003.77,3639471134065.93,0.0941825700057156,0.00823310505935322,0.0546678846850279,0.130558246102757,0.186639545336715
"Peak krill fishing (1977-1986)",0.334766275103624,2.16155492347296,1990101971434.14,150678158890.232,1080886830726.01,3124747323322.38,4484918909824.51,0.102056511355597,0.00772708507129397,0.055430093883385,0.160243452478071,0.229995841529462
"Peak krill fishing (1977-1986)",0.491461600605696,3.10071321794452,2261326610894.17,135248851867.39,1007266339662.01,4097236016334.82,6141277565741.19,0.115965467225342,0.00693583855730205,0.0516546840852314,0.21011466750435,0.314937311063651
"Peak krill fishing (1977-1986)",0.648156926107768,4.44791957656499,2275252530673.71,94673757017.7865,679021886034.633,5419231935625.11,8996491504234.03,0.116679616957626,0.00485506446245059,0.0348216351812632,0.277909330032057,0.461358538678668
"Peak krill fishing (1977-1986)",0.804852251609841,6.38046383815689,19250723472.3561,14777373360.1476,17641965688.3072,21596604314.9891,25814542765.7468,0.000987216588325955,0.000757814018469107,0.000904716189143958,0.00110751816999944,0.00132382270593573
"Peak krill fishing (1977-1986)",0.961547577111913,9.15266521555844,23282618861.6286,17116067090.1785,20972792465.8049,25667900219.9138,30434277290.7152,0.00119398045444249,0.000877747030265563,0.00107552781875922,0.00131630257538019,0.00156073216875463
"Peak krill fishing (1977-1986)",1.11824290261399,13.1293402287023,30162162655.3078,19085737322.2126,26216666290.1859,33429473453.0643,39514124884.5147,0.00154677757206707,0.000978755760113469,0.00134444442513774,0.00171433197195201,0.00202636537869306
"Peak krill fishing (1977-1986)",1.27493822811606,18.8338118767848,42913694626.8882,19715843312.716,34016771568.8304,51679001594.1157,61156323662.835,0.00220070228855837,0.00101106888783159,0.00174444982404259,0.00265020520995465,0.00313622172629923
"Peak krill fishing (1977-1986)",1.43163355361813,27.0167779668531,47226242072.0094,13818449442.7835,32447296535.034,93733459291.0102,128069136827.966,0.00242185856779535,0.000708638432963257,0.00166396392487354,0.00480684406620565,0.00656764804245977
"Peak krill fishing (1977-1986)",1.5883288791202,38.7551015421336,5717293770.01365,4579825031.66625,5121072363.67921,6439534424.42936,8974601675.09248,0.000293194552308392,0.000234862822136731,0.000262619095573293,0.000330232534586121,0.000460235983338076
"Peak krill fishing (1977-1986)",1.74502420462228,55.5935240458296,6547576293.41385,5276916314.61801,5925435761.14334,7223593419.24626,9374897301.18781,0.000335773143251992,0.000270611093057334,0.000303868500571454,0.000370440688166475,0.000480763964163477
"Peak krill fishing (1977-1986)",1.90171953012435,79.747950407875,8512617488.69352,6933359592.85493,7812864436.10936,9349250825.70497,11134074853.3612,0.000436544486599668,0.000355556902197689,0.000400659714672275,0.000479448760292563,0.000570978197608266
"Peak krill fishing (1977-1986)",2.05841485562642,114.397057992117,9764515264.96825,7557444657.85984,9020701343.86714,10525210957.6011,12341918266.231,0.000500744372562474,0.000387561264505633,0.000462600068916263,0.00053975440808211,0.000632918885447746
"Peak krill fishing (1977-1986)",2.21511018112849,164.100604596346,11067011136.7315,6804033319.66404,9783470400.32003,12267476276.1172,14820362705.5236,0.000567539032652899,0.000348924785623797,0.000501716430785643,0.000629101347493188,0.000760018600283263
"Peak krill fishing (1977-1986)",2.37180550663057,235.399484056154,12581398793.7883,5541581195.76847,9822959578.19226,17539125264.6114,23443719193.0708,0.000645199938142988,0.00028418365106505,0.000503741516830372,0.000899442321262124,0.00120224200990107
"Peak krill fishing (1977-1986)",2.52850083213264,337.676495648558,4848839329.87087,2282855896.04543,3786924125.93896,6034084517.50548,7583374204.36012,0.000248658427172865,0.000117069533130535,0.000194201237227639,0.000309440231666948,0.000388890984838981
"Peak krill fishing (1977-1986)",2.68519615763471,484.391102940098,3337266571.64591,1196302663.12127,2240665838.85979,4762067470.97556,6672944543.29028,0.000171141875469021,6.13488545190395e-05,0.000114905940454348,0.000244208588255157,0.000342202284271296
"Peak krill fishing (1977-1986)",2.84189148313678,694.850674036028,1650836604.56886,674414699.073894,1139051777.6935,2512254461.75469,3804010084.087,8.46582874137876e-05,3.45853691832766e-05,5.84129116765898e-05,0.000128833562141266,0.00019507744020959
"Peak krill fishing (1977-1986)",2.99858680863885,996.751295136877,706269083.524504,507891470.916105,616550813.825402,783051201.47001,871366356.016515,3.6218927360231e-05,2.60457164572362e-05,3.16179904525847e-05,4.01564718702569e-05,4.46854541546931e-05
"Peak krill fishing (1977-1986)",3.15528213414093,1429.82252371756,949484770.17388,679015796.313936,823160782.147331,1054809005.72699,1158763307.80722,4.86915266755836e-05,3.48213228878941e-05,4.22133734434529e-05,5.40927695244608e-05,5.9423759374729e-05
"Peak krill fishing (1977-1986)",3.311977459643,2051.05572403526,1607402153.37166,1131339550.42624,1387455826.51196,1796492845.57421,1980083746.94233,8.24308796600851e-05,5.80174128423713e-05,7.11515808467673e-05,9.21278382345751e-05,0.000101542756253453
"Peak krill fishing (1977-1986)",3.46867278514507,2942.20402414699,1820681893.07143,1167226280.11964,1550605655.43759,2087234149.62215,2377381297.53713,9.33683022087911e-05,5.98577579548536e-05,7.95182387403891e-05,0.000107037648698572,0.000121916989617288
"Peak krill fishing (1977-1986)",3.62536811064714,4220.54087476266,4791154.7171903,4187973.64951863,4619136.21449082,4959175.11558938,5195944.66840771,2.45700241907195e-07,2.14767879462494e-07,2.36878780230299e-07,2.54316672594327e-07,2.66458700943985e-07
"Peak krill fishing (1977-1986)",3.78206343614922,6054.29301617067,14792332.1898808,8212143.30838115,13806181.78768,16126536.8943129,17067446.3022671,7.58581137942604e-07,4.21135554275956e-07,7.08009322445128e-07,8.27001892016048e-07,8.7525365652652e-07
"Peak krill fishing (1977-1986)",3.93875876165129,8684.77880283868,1557756.791882,1087413.69049677,1431768.64876817,1674046.05677404,1926839.2529177,7.98849636862563e-08,5.57648046408603e-08,7.34240332701628e-08,8.58485157320019e-08,9.88122693803951e-08
"Peak krill fishing (1977-1986)",4.09545408715336,12458.1652478298,2013914.99467429,1490921.92525276,1859864.65807781,2150518.34923354,2499508.00488263,1.03277692034579e-07,7.64575346283467e-08,9.53776747732211e-08,1.10282992268387e-07,1.28179897686289e-07
"Peak krill fishing (1977-1986)",4.25214941265543,17871.0229547244,3941521.29106936,3171727.49079374,3685349.78813036,4232896.16779364,5106906.52110361,2.02129296977916e-07,1.62652691835577e-07,1.88992296827198e-07,2.17071598348392e-07,2.61892642107877e-07
"Peak krill fishing (1977-1986)",4.40884473815751,25635.6738809449,11151151.4786916,7715373.37424804,9386197.1726859,13182733.2883718,24633388.3277343,5.71853921984185e-07,3.95660173038361e-07,4.81343444753123e-07,6.76037604531887e-07,1.26325068347356e-06
"Peak krill fishing (1977-1986)",4.56554006365958,36773.9315760001,731454.258143095,296796.535328222,623866.572678345,829257.488146256,977491.415370998,3.7510474776569e-08,1.5220335145037e-08,3.19931575732485e-08,4.25260250331414e-08,5.01277648908204e-08
"Peak krill fishing (1977-1986)",4.72223538916165,52751.5699347979,828143.534144234,341262.327135165,705023.388042539,935808.660144436,1108280.7968815,4.24688991868838e-08,1.75006321607777e-08,3.6155045540643e-08,4.79901876997147e-08,5.68349126605899e-08
"Peak krill fishing (1977-1986)",4.87893071466372,75671.2163026369,1022522.25912781,425533.434889544,863106.026983422,1155754.67932671,1364856.83290233,5.24370389296313e-08,2.1822227430233e-08,4.42618475376114e-08,5.92694707347029e-08,6.99926580975553e-08
"Peak krill fishing (1977-1986)",5.0356260401658,108549.05330397,1562850.30258773,653275.337080201,1300565.22746604,1772431.04587989,2098853.03475915,8.01461693634733e-08,3.35012993374462e-08,6.66956526905664e-08,9.08938997887122e-08,1.07633488962008e-07
"Peak krill fishing (1977-1986)",5.19232136566787,155711.742838438,9779490.60099088,2720834.41093535,7552313.01471632,11594094.8865561,14228163.4963199,5.01512338512353e-07,1.39529969791556e-07,3.87298103318786e-07,5.94568968541341e-07,7.29649410067685e-07
"Peak krill fishing (1977-1986)",5.34901669116994,223365.806700198,3895297.30559362,429431.67895062,2333051.00242313,5530107.05742967,7880655.42757467,1.99758836184288e-07,2.20221373820831e-08,1.19643641149904e-07,2.83595233714342e-07,4.0413617577306e-07
"Peak krill fishing (1977-1986)",5.50571201667201,320414.393245838,6552.22095746958,6051.33009796906,6284.20128832876,6797.13503337871,10287.5061768321,3.36011331152286e-10,3.1032462040867e-10,3.22266732734808e-10,3.48571027352755e-10,5.27564419324723e-10
"Peak krill fishing (1977-1986)",5.66240734217409,459628.91507784,22855.1434740411,15278.4670732488,19553.611604847,25584.0826766096,29831.2021163204,1.17205863969442e-09,7.83511131961476e-10,1.00274931306908e-09,1.31200423982613e-09,1.52980523673438e-09
"Peak krill fishing (1977-1986)",5.81910266767616,659329.743072884,10023.0949122415,9061.72656252066,9421.34145977493,10470.8735443531,17686.3954167127,5.14004867294436e-10,4.64703926283111e-10,4.83145715885894e-10,5.36967874069389e-10,9.06994636754499e-10
"Peak krill fishing (1977-1986)",5.97579799317823,945797.132947857,19315.475205371,17171.7013531925,18117.8152670847,20396.1360560862,35433.2642876382,9.90537190019024e-10,8.80600069394488e-10,9.29118731645371e-10,1.04595569518391e-09,1.81709047628914e-09
"Peak krill fishing (1977-1986)",6.1324933186803,1356729.65779355,668419.648724421,266955.649950074,446569.577801025,948729.958667471,1329069.35044004,3.42779307038165e-08,1.3690033330773e-08,2.29010039897962e-08,4.86528183932036e-08,6.81574025866685e-08
"Peak krill fishing (1977-1986)",6.28918864418238,1946205.26983358,864.914456819188,678.573393587447,755.992585940833,967.386068984686,1624.08452585612,4.43545875291891e-11,3.4798635568587e-11,3.87688505610684e-11,4.96095419992147e-11,8.32863859413393e-11
"Peak krill fishing (1977-1986)",6.44588396968445,2791797.85786357,14276.1169215621,4750.07474179333,8393.08777390571,27211.485572523,121336.325613027,7.32108560080109e-10,2.43593576502222e-10,4.3041475763619e-10,1.39546079859092e-09,6.2223756724629e-09
"Peak krill fishing (1977-1986)",6.60257929518652,4004785.82602855,183.507861834551,137.056622997019,169.402834495956,200.040548417983,344.140616361818,9.41065958125902e-12,7.02854476907787e-12,8.68732484594645e-12,1.02584896624607e-11,1.76482367365035e-11
"Peak krill fishing (1977-1986)",6.75927462068859,5744796.12382558,514.847547169532,364.465555796078,469.164634415586,559.128215453904,917.472337852941,2.64024383163863e-11,1.86905413228758e-11,2.40597248418249e-11,2.86732418181489e-11,4.7049863479638e-11
"Peak krill fishing (1977-1986)",6.91596994619067,8240810.85430961,1386.59323012499,264.9724096881,478.215295858298,5351.47838585838,601425.977465175,7.11073451346149e-11,1.35883287019538e-11,2.45238613260665e-11,2.74434789018378e-10,3.08423578187269e-08
"Peak krill fishing (1977-1986)",7.07266527169274,11821300.8908807,1522.38631282307,906.78373927876,1279.86690688847,1706.91348789171,2697.92285424811,7.80710929652858e-11,4.65017302194236e-11,6.56342003532549e-11,8.75340250200879e-11,1.3835501816657e-10
"Peak krill fishing (1977-1986)",7.22936059719481,16957452.0303007,5.97276337932462,4.35899551093217,4.78700470275449,6.78442329396686,8.73060023439297,3.06295557914083e-13,2.23538231329855e-13,2.45487420654076e-13,3.47919143280352e-13,4.47723088943229e-13
"Peak krill fishing (1977-1986)",7.38605592269688,24325172.1628858,6.97884997132912,5.01536001277242,5.61751580338071,8.06960243627311,11.2074489451413,3.57889742119442e-13,2.57197949372945e-13,2.88077733506703e-13,4.13825765962724e-13,5.7474097154571e-13
"Peak krill fishing (1977-1986)",7.54275124819896,34894039.487579,12.0442572114564,6.81926734764694,7.86055476862121,14.6583346065196,19.2953060184931,6.17654215972123e-13,3.49706017828048e-13,4.03105372749806e-13,7.51709467001007e-13,9.89502872743234e-13
"Peak krill fishing (1977-1986)",7.69944657370103,50054897.1907571,34.6490899502077,11.3693928894516,13.0347470639609,309.762546113399,4952.46046529096,1.77687640770296e-12,5.83045789202645e-13,6.6844856738261e-13,1.58852587750461e-11,2.53972331553383e-10
"Peak krill fishing (1977-1986)",7.8561418992031,71802885.8100286,23.6814241050085,20.4507567886184,22.050092577493,25.3564963131995,48.9143906932406,1.21443200538505e-12,1.04875675839069e-12,1.13077397833297e-12,1.30033314426664e-12,2.50843029196105e-12
"Peak krill fishing (1977-1986)",8.01283722470517,103000000.000001,11382.3310432865,104.80500234247,3665.22213136941,25115.3297954852,223037.852714478,5.83709284271101e-10,5.37461550474207e-12,1.87960109300995e-10,1.2879656305377e-09,1.14378386007425e-08
"Post-peak krill (2001-2010)",-7.5,3.16227766016838e-08,288126211229923328,153333182177483712,197396681694893280,354001152266328064,372863400491582720,14775.7031399961,7863.24011166583,10122.9067535843,18153.9052444271,19121.2000252094
"Post-peak krill (2001-2010)",-7.34330467449793,4.53623270600988e-08,271061570373294464,157136040554844960,197476069389546368,345043148575961216,370672574957840000,13900.5933524766,8058.25848999205,10126.9779174126,17694.5204397929,19008.8499978379
"Post-peak krill (2001-2010)",-7.18660934899586,6.50714749759769e-08,254240487247345728,155801923886169920,190614877751297792,331922346750502144,362785350069200128,13037.9737049921,7989.84225057282,9775.12193596399,17021.6588077181,18604.3769266256
"Post-peak krill (2001-2010)",-7.02991402349378,9.33439073780173e-08,239191620342968032,149580693806272736,180822180428116480,312911607894699136,348698060890982912,12266.236940665,7670.80481057809,9272.932329647,16046.7491228051,17881.9518405632
"Post-peak krill (2001-2010)",-6.87321869799171,1.33900223528244e-07,220811662314819072,138213995099249312,169619905395194752,287179437109296192,328817141574170176,11323.6749905035,7087.89718457689,8698.45668693306,14727.1506209895,16862.4175166241
"Post-peak krill (2001-2010)",-6.71652337248964,1.92077558830971e-07,201745584598235616,120219220689705136,157224051912760640,260531580963380096,305216006986317888,10345.9274152941,6165.0882404977,8062.77189296208,13360.593895558,15652.1029223753
"Post-peak krill (2001-2010)",-6.55982804698757,2.75531941876727e-07,180453524648454560,102624317155451168,143049664131675232,233060003512240832,279161341420703744,9254.02690504895,5262.78549515134,7335.88021188078,11951.7950519098,14315.9662267028
"Post-peak krill (2001-2010)",-6.40313272148549,3.95245813495413e-07,158576797406962688,88598369407042992,128256929364123936,205833562924021184,251596265888523136,8132.14345676732,4543.5061234381,6577.27842892943,10555.567329437,12902.3726096679
"Post-peak krill (2001-2010)",-6.24643739598342,5.66973295442978e-07,139634177746998384,76125315602388464,113201739609314736,180969755207983904,224674830779235968,7160.72706394864,3903.86233858402,5805.21741586229,9280.5002670761,11521.786193807
"Post-peak krill (2001-2010)",-6.08974207048135,8.13313403379543e-07,121181602662209072,64354397545132448,98498253174007872,157737681427568096,198921008509119744,6214.44116216457,3300.225515135,5051.19247046194,8089.11186808041,10201.077359442
"Post-peak krill (2001-2010)",-5.93304674497928,1.16668403509199e-06,103916877588768736,54761831634044912,84799297588615168,137427792702663632,174985333176219104,5329.07064557788,2808.29905815615,4348.68192762129,7047.57911295711,8973.6068295497
"Post-peak krill (2001-2010)",-5.7763514194772,1.67358810525261e-06,89409478573116272,46124284947837928,72461240226413664,118827090309895008,153646418815794432,4585.10146528801,2365.34794604297,3715.96103725198,6093.69693896897,7879.3035290151
"Post-peak krill (2001-2010)",-5.61965609397513,2.40073324207457e-06,77138309386257344,40271409452327232,61516926255932560,103025687636865936,135342457149890400,3955.81073775679,2065.20048473473,3154.7141669709,5283.36859676236,6940.63882819951
"Post-peak krill (2001-2010)",-5.46296076847306,3.44381038650601e-06,66392045940880792,35209613545288680,52466511516834696,90094054002319136,119497424042198656,3404.72030466055,1805.6212074507,2690.59033419665,4620.20789755483,6128.07302780506
"Post-peak krill (2001-2010)",-5.30626544297099,4.94008654120945e-06,57501133120449616,31117147376741192,45043535055271504,79373861458856928,106029949812695936,2948.77605745895,1595.75114752519,2309.92487462931,4070.45443378753,5437.433323728
"Post-peak krill (2001-2010)",-5.14957011746891,7.08646885155566e-06,50479019778331208,27792125822171012,38975360940033768,70549703295445696,95378098385273744,2588.66768094006,1425.2372216498,1998.73645846327,3617.93350233055,4891.18453257814
"Post-peak krill (2001-2010)",-4.99287479196684,1.01654172179288e-05,44408738505158744,24752621249632780,34004704599351536,63023241437120656,85454743413473904,2277.37120539276,1269.36519228886,1743.83100509495,3231.96109933952,4382.2945340243
"Post-peak krill (2001-2010)",-4.83617946646477,1.45821154906901e-05,39665262153880432,21597579173467432,30056182242713096,5.6746742638e+16,76649799241717184,2034.1160078913,1107.56816274192,1541.34267911349,2910.08936605128,3930.75893547268
"Post-peak krill (2001-2010)",-4.6794841409627,2.0917792907584e-05,35762958797056160,19292644833847280,26877772297829596,51283198816322240,68335779336845232,1833.99788702852,989.366401735758,1378.34729732459,2629.90763160627,3504.39894035104
"Post-peak krill (2001-2010)",-4.52278881546062,3.00062127750894e-05,34162081736542036,18396222160116980,25419503655592512,48751609051833504,64030981502377472,1751.90162751498,943.396008211127,1303.56429003039,2500.08251547864,3283.640077045
"Post-peak krill (2001-2010)",-4.36609348995855,4.30433941612213e-05,34554723816094176,18268695053921268,25925265221120556,48105822094118720,61986353027239320,1772.03711877406,936.856156611347,1329.50078057028,2466.96523559583,3178.78733473022
"Post-peak krill (2001-2010)",-4.20939816445648,6.17450057694841e-05,30398704584327768,16423003963295324,23193646549780720,40439316693665792,51074513111106608,1558.90792740142,842.205331451042,1189.41777178363,2073.81111249568,2619.20580056957
"Post-peak krill (2001-2010)",-4.05270283895441,8.85721447336123e-05,25390644421143200,14209549020451090,19976752390444880,33036427199534952,40730564598559488,1302.08432928939,728.694821561594,1024.44884053563,1694.17575382231,2088.74690249023
"Post-peak krill (2001-2010)",-3.89600751345233,0.000127055212400501,21027606876480084,12140392401629644,16660433739221848,26392349920532008,31134123654662916,1078.33881417847,622.584225724597,854.381217395992,1353.45384207856,1596.62172588015
"Post-peak krill (2001-2010)",-3.73931218795026,0.000182258508549024,16889878736250444,9256272162960128,13467512191745556,20588437500155232,22926686202982080,866.147627500023,474.680623741545,690.641650858747,1055.81730770027,1175.72749758882
"Post-peak krill (2001-2010)",-3.58261686244819,0.000261446683775594,13187258903002304,6597570254685809,10219819905781608,15419089741517330,17541149123992690,676.269687333452,338.336936137734,524.093328501621,790.722550847043,899.546108922702
"Post-peak krill (2001-2010)",-3.42592153694612,0.000375040753934783,9714039371485936,4086904110571004,6665486867696080,11506137496295658,13761589337854480,498.155865204407,209.584826183128,341.81983936903,590.058333143367,705.722530146384
"Post-peak krill (2001-2010)",-3.26922621144404,0.000537989486348578,6131023501669946,2217423804148693,4045665372526131,9020416947499768,10863376975810428,314.4114616241,113.714041238395,207.470019103904,462.585484487168,557.096255169766
"Post-peak krill (2001-2010)",-3.11253088594197,0.000771736629646219,3598206973805452,1061710133754681,2208386041761880,6627604932012885,8472011704418472,184.523434554126,54.4466735258811,113.250566244199,339.877176000661,434.462138688127
"Post-peak krill (2001-2010)",-2.9558355604399,0.00110704287100476,1900414208547758,468896767697558,1096087237738699,4385696985114956,6496754192214302,97.457138899885,24.0459880870543,56.2096019353179,224.907537698203,333.166881652015
"Post-peak krill (2001-2010)",-2.79914023493783,0.00158803388508885,880732420085454,203763447471658,486000339351869,2549629302611814,4622186787412583,45.1657651325874,10.4494075626491,24.9230943257369,130.75022064676,237.035219867312
"Post-peak krill (2001-2010)",-2.64244490943575,0.00227800719036431,353303057833525,107454226060127,206701473433273,1213661245657588,2875952038984412,18.1181055299244,5.51047313128857,10.6000755606807,62.2390382388507,147.484719947919
"Post-peak krill (2001-2010)",-2.48574958393368,0.00326776198422312,136406487885094,57935047091101.6,99622757224868.9,373761735814761,1141774143598747,6.99520450692789,2.97102805595393,5.10885934486507,19.1672685033211,58.5525201845511
"Post-peak krill (2001-2010)",-2.32905425843161,0.0046875481476536,61943902665042.3,25777607966644.9,44645150919959,80105955349671.9,101424164394362,3.17661039307909,1.3219286136741,2.28949491897226,4.10799771023958,5.20123919971085
"Post-peak krill (2001-2010)",-2.17235893292954,0.00672420688613729,58856289972560.6,25522372618972.2,42527610809011.6,74608154945444.2,97143164572558,3.01827128064413,1.30883962148575,2.18090311841085,3.8260592279715,4.98170074731067
"Post-peak krill (2001-2010)",-2.01566360742746,0.00964575868307804,58197489002932.6,26080377726328.4,42825407511341,72498399566414.9,99868288217717,2.98448661553501,1.33745526801684,2.19617474417133,3.71786664443153,5.12145067783164
"Post-peak krill (2001-2010)",-1.85896828192539,0.0138366742944791,60185723779907.7,27976839743094.5,44657801699494.5,73470018803994.9,107876885383126,3.0864473733286,1.4347097304151,2.29014367689715,3.76769327199974,5.53214796836543
"Post-peak krill (2001-2010)",-1.70227295642332,0.0198484703818451,58100091248856.9,27385867019685.6,43716848505193.7,71582357684452,111886643809774,2.97949185891574,1.40440343690695,2.24188966693301,3.6708901376642,5.73777660562943
"Post-peak krill (2001-2010)",-1.54557763092125,0.0284722880740333,57170544535761.9,26092547075781.4,42248180274441.8,70779742697134.9,116487365465307,2.93182279670574,1.33807933721956,2.16657334740727,3.62973039472487,5.97371104950294
"Post-peak krill (2001-2010)",-1.38888230541917,0.0408430056611436,56554307598147.5,24838260078826.7,41028659094851.7,71875752467948.4,123308714505395,2.9002209024691,1.27375692711932,2.10403379973599,3.68593602399736,6.32352382078947
"Post-peak krill (2001-2010)",-1.2321869799171,0.0585885864563713,55491179506148.5,23703969045718.4,39895888781851,72593793009230.5,132125205535692,2.84570151313582,1.21558815619068,2.0459430144539,3.72275861585798,6.7756515659329
"Post-peak krill (2001-2010)",-1.07549165441503,0.0840443157253079,53830565662662.8,22631459937950.3,38276897547636,75552699954614.7,142592568276808,2.7605418288545,1.16058768912566,1.96291782295569,3.87449743356998,7.31243939881068
"Post-peak krill (2001-2010)",-0.918796328912957,0.12056011986217,51436393068680.9,21688018039816.1,36491546064421.9,78472588229106.8,157295908437564,2.63776374711184,1.1122060533239,1.87136133663702,4.02423529380035,8.066456842952
"Post-peak krill (2001-2010)",-0.762101003410884,0.172941410442158,47313737236659.3,20256052612636.6,33611266070690.9,83227814510061.4,175183509475447,2.42634549931586,1.03877192885316,1.72365467029184,4.26809305179802,8.98376971668958
"Post-peak krill (2001-2010)",-0.605405677908812,0.248081467403285,43643447576498.5,18152078607680.1,29152809647246.5,88708101684970.6,197671317976740,2.23812551674351,0.930875826034876,1.49501587934597,4.54913341974208,10.1369906654738
"Post-peak krill (2001-2010)",-0.44871035240674,0.355868581802455,35578278411427.9,14464098080889,22256370748215.8,83824832263517.8,209952830293025,1.82452709802194,0.741748619532771,1.14135234606235,4.29870934684707,10.7668118098987
"Post-peak krill (2001-2010)",-0.292015026904667,0.510487336437021,14531183020223.8,5971543952111.72,11829433240637.8,16800907679019.7,21485047088614.2,0.745188872831988,0.306233023185216,0.60663760208399,0.861585009180497,1.1017972865956
"Post-peak krill (2001-2010)",-0.135319701402595,0.732285270429473,10893530340784.6,4232400986974.82,8498041722966.53,13285996124392.2,18574206062737.2,0.558642581578695,0.217046204460247,0.435797011434181,0.681333134584213,0.952523387832676
"Post-peak krill (2001-2010)",0.0213756240994787,1.05045057734576,5799576135996.95,2472000488759.32,4627882913555.67,8242314916440.76,12427967441340.3,0.297414160820357,0.126769255833811,0.237327328900291,0.422682816227731,0.637331663658477
"Post-peak krill (2001-2010)",0.178070949601551,1.50685321691489,1970447715866.7,138332186720.313,1214978174185.08,2641360597639.61,3728536667237.27,0.101048600813677,0.00709395829334941,0.0623065730351322,0.135454389622544,0.19120700857627
"Post-peak krill (2001-2010)",0.334766275103624,2.16155492347296,2137398235158.39,136522973038.796,1235270612946,3264091530843.18,4626117872706.27,0.109610165905559,0.00700117810455363,0.0633472109203079,0.167389309274009,0.237236813984937
"Post-peak krill (2001-2010)",0.491461600605696,3.10071321794452,2440945447246.39,121996349563.409,1152213970852.44,4367184615210.09,6334046158929.81,0.125176689602379,0.00625622305453378,0.0590878959411507,0.223958185395389,0.324822879945119
"Post-peak krill (2001-2010)",0.648156926107768,4.44791957656499,2530448848055.03,81525183794.9647,787247294518.265,5887595170322.79,9319456332131.5,0.129766607592566,0.00418077865615204,0.0403716561291418,0.301927957452451,0.477920837545205
"Post-peak krill (2001-2010)",0.804852251609841,6.38046383815689,19379434308.6691,14824649319.8056,17724124206.7026,21722039041.3375,26223337775.2987,0.000993817144034313,0.0007602384266567,0.00090892944649757,0.00111395072006859,0.00134478655257942
"Post-peak krill (2001-2010)",0.961547577111913,9.15266521555844,23341170003.5677,17115533556.0719,21058296055.4778,25802175670.3747,30464449394.4195,0.00119698307710604,0.000877719669542151,0.00107991261822963,0.00132318849591665,0.00156227945612408
"Post-peak krill (2001-2010)",1.11824290261399,13.1293402287023,30336977081.6611,19429715197.1705,26294611693.3883,33593670469.5268,39591945564.4676,0.00155574241444416,0.000996395651136947,0.00134844162530196,0.00172275233177061,0.00203035618279321
"Post-peak krill (2001-2010)",1.27493822811606,18.8338118767848,43025980067.1268,20170247769.5718,34342296559.9174,51739494242.4777,62213175597.6737,0.00220646051626291,0.00103437168049086,0.0017611434133291,0.00265330739705014,0.00319041926141917
"Post-peak krill (2001-2010)",1.43163355361813,27.0167779668531,47831180552.635,14179854954.4003,33143689148.0784,95395021531.7122,129729834436.062,0.00245288105398128,0.000727172048943603,0.00169967636656812,0.00489205238624165,0.00665281202236213
"Post-peak krill (2001-2010)",1.5883288791202,38.7551015421336,5675397792.09433,4548141683.01346,5080193664.25693,6405588512.17066,9015119765.93117,0.000291046040620222,0.000233238035026331,0.000260522752013176,0.000328491718572854,0.000462313834150316
"Post-peak krill (2001-2010)",1.74502420462228,55.5935240458296,6481593496.023,5206522886.12459,5877151508.11552,7170754849.59511,9446726124.66734,0.000332389410052461,0.000267001173647415,0.000301392385031565,0.000367731017927954,0.000484447493572684
"Post-peak krill (2001-2010)",1.90171953012435,79.747950407875,8419968047.86958,6865911829.73131,7721684691.98086,9272299758.59617,11120664302.3773,0.000431793233224081,0.000352098042550324,0.000395983830357993,0.000475502551722881,0.00057029047704499
"Post-peak krill (2001-2010)",2.05841485562642,114.397057992117,9667313111.09376,7436454359.6984,8929769704.50065,10449040386.6991,12348034989.5382,0.000495759646722757,0.000381356633830687,0.00045793690792311,0.000535848224958926,0.000633232563566064
"Post-peak krill (2001-2010)",2.21511018112849,164.100604596346,10972995846.7731,6752285502.5871,9686898862.66432,12157800773.7204,14927207881.9443,0.000562717735731954,0.000346271051414723,0.000496764044239196,0.000623476962754891,0.000765497840099706
"Post-peak krill (2001-2010)",2.37180550663057,235.399484056154,12564106073.4755,5544923540.58138,9769224117.04625,17588538075.0585,23656948139.1782,0.000644313131973103,0.000284355053363148,0.000500985852156218,0.000901976311541463,0.00121317682765016
"Post-peak krill (2001-2010)",2.52850083213264,337.676495648558,4839546556.82724,2322161710.22806,3781875939.46438,6012365939.26923,7657305496.35703,0.000248181874709089,0.000119085215909131,0.000193942355869968,0.000308326458424063,0.000392682333146514
"Post-peak krill (2001-2010)",2.68519615763471,484.391102940098,3359485276.48302,1222092510.61418,2261760170.56911,4752623374.59168,6802406022.14868,0.000172281296229898,6.26714108007272e-05,0.000115987701054826,0.000243724275620086,0.000348841334469163
"Post-peak krill (2001-2010)",2.84189148313678,694.850674036028,1678348450.2323,682333736.697527,1150611847.95054,2542644227.28444,3926165816.84449,8.60691512939642e-05,3.49914736767963e-05,5.90057357923355e-05,0.000130392011655612,0.000201341836761256
"Post-peak krill (2001-2010)",2.99858680863885,996.751295136877,711030957.227351,509596184.516873,621472732.742637,787343592.361822,867678307.564099,3.6463126011659e-05,2.6133137667532e-05,3.18703965509045e-05,4.03765944800935e-05,4.44963234648256e-05
"Post-peak krill (2001-2010)",3.15528213414093,1429.82252371756,963268928.964604,693114028.623795,840270127.319761,1070914439.16134,1176063981.11487,4.93984066135694e-05,3.55443091601946e-05,4.30907757599877e-05,5.49186891877611e-05,6.03109733905062e-05
"Post-peak krill (2001-2010)",3.311977459643,2051.05572403526,1635865548.97535,1148958979.84526,1412037529.79366,1827584933.49837,2014300661.1287,8.38905409730946e-05,5.8920973325398e-05,7.24121810150594e-05,9.37223042819679e-05,0.000103297469801472
"Post-peak krill (2001-2010)",3.46867278514507,2942.20402414699,1844554111.07174,1173190791.9749,1561339281.64604,2103585167.36086,2402177942.74784,9.45925185164996e-05,6.01636303576871e-05,8.00686811100534e-05,0.000107876162428762,0.000123188612448607
"Post-peak krill (2001-2010)",3.62536811064714,4220.54087476266,4783136.59924264,4175952.88090084,4608235.17530123,4955171.94168882,5190275.52785042,2.45289056371417e-07,2.14151429789787e-07,2.3631975257955e-07,2.54111381625068e-07,2.66167975787201e-07
"Post-peak krill (2001-2010)",3.78206343614922,6054.29301617067,14695449.0968044,8088072.06728725,13734666.1084738,16090360.3187528,16991532.9767481,7.53612774195099e-07,4.14772926527551e-07,7.04341851716604e-07,8.25146683012964e-07,8.71360665474264e-07
"Post-peak krill (2001-2010)",3.93875876165129,8684.77880283868,1558560.49347734,1085624.42659094,1433759.41977999,1675644.93043198,1928257.44135392,7.99261791526839e-08,5.5673047517484e-08,7.35261240912815e-08,8.5930509252922e-08,9.88849969925086e-08
"Post-peak krill (2001-2010)",4.09545408715336,12458.1652478298,2018660.28769987,1494051.06482708,1859317.78271058,2149728.52563391,2521199.97655137,1.03521040394865e-07,7.66180033244656e-08,9.53496298825936e-08,1.10242488494047e-07,1.29292306489814e-07
"Post-peak krill (2001-2010)",4.25214941265543,17871.0229547244,3948076.93607821,3167325.60756693,3690816.75483305,4230686.17786318,5223010.44330662,2.02465483901447e-07,1.62426954234201e-07,1.89272654094003e-07,2.16958265531445e-07,2.6784668940034e-07
"Post-peak krill (2001-2010)",4.40884473815751,25635.6738809449,11085862.4994868,7847385.54323344,9342755.6858136,12989575.2601588,24929415.7921817,5.68505769204452e-07,4.02430027858125e-07,4.79115676195569e-07,6.66132064623526e-07,1.27843157908624e-06
"Post-peak krill (2001-2010)",4.56554006365958,36773.9315760001,740493.127676308,306008.870105579,635716.631571457,835898.956150908,972838.941667078,3.7974006547503e-08,1.56927625695169e-08,3.26008529011004e-08,4.2866613135944e-08,4.98891764957476e-08
"Post-peak krill (2001-2010)",4.72223538916165,52751.5699347979,839651.620647481,352049.104853663,716211.906563905,944904.650136228,1104558.17469788,4.30590574691016e-08,1.80538002489058e-08,3.67288157212259e-08,4.84566487249348e-08,5.66440089588656e-08
"Post-peak krill (2001-2010)",4.87893071466372,75671.2163026369,1037131.55511079,436013.254274873,882287.462805768,1163826.53772573,1374572.44165798,5.31862335954251e-08,2.23596540653781e-08,4.52455109131163e-08,5.96834121910631e-08,7.04908944439992e-08
"Post-peak krill (2001-2010)",5.0356260401658,108549.05330397,1567950.50746564,658782.863410485,1323006.44050306,1771621.94144453,2100345.73115181,8.04077183315712e-08,3.37837365851531e-08,6.7846484128362e-08,9.08524072535657e-08,1.07710037494964e-07
"Post-peak krill (2001-2010)",5.19232136566787,155711.742838438,9892333.91238534,2837445.94061279,7807030.11235704,11634252.9546629,14389707.5137815,5.0729917499412e-07,1.45510048236553e-07,4.00360518582412e-07,5.96628356649377e-07,7.37933718655462e-07
"Post-peak krill (2001-2010)",5.34901669116994,223365.806700198,4189084.59275235,465186.96298953,2599361.98334799,5687121.96611208,7914212.81392721,2.14824850910377e-07,2.38557416917708e-08,1.33300614530666e-07,2.9164728031344e-07,4.05857067380882e-07
"Post-peak krill (2001-2010)",5.50571201667201,320414.393245838,6563.562260582,6081.08710854483,6298.33974556357,6814.94779279621,10385.7023494589,3.36592936440103e-10,3.11850620951017e-10,3.22991781823773e-10,3.49484502194677e-10,5.3260012048507e-10
"Post-peak krill (2001-2010)",5.66240734217409,459628.91507784,23219.2982965336,16184.7405258564,20309.516189804,25805.5766700217,29963.5101090098,1.19073324597608e-09,8.29986693633663e-10,1.04151365075918e-09,1.32336290615496e-09,1.5365902620005e-09
"Post-peak krill (2001-2010)",5.81910266767616,659329.743072884,10040.1507350641,9100.41742709573,9417.36018516676,10474.9841429704,17878.579260244,5.14879524875081e-10,4.66688073184396e-10,4.82941547957269e-10,5.37178673998479e-10,9.1685021847405e-10
"Post-peak krill (2001-2010)",5.97579799317823,945797.132947857,19413.1457857308,17335.5698850876,18106.8067652985,20409.3235417275,35907.3793020727,9.95545937729787e-10,8.89003583850644e-10,9.28554193092232e-10,1.04663197649885e-09,1.84140406677296e-09
"Post-peak krill (2001-2010)",6.1324933186803,1356729.65779355,673599.585693725,295776.933003566,463393.373879334,926645.190413271,1301090.23851613,3.45435684971141e-08,1.51680478463367e-08,2.37637627630428e-08,4.75202661750395e-08,6.67225763341607e-08
"Post-peak krill (2001-2010)",6.28918864418238,1946205.26983358,879.239723565682,692.015256853693,762.200943067172,974.274787584404,1640.9190884262,4.50892165931119e-11,3.5487961889933e-11,3.90872278495986e-11,4.9962809619713e-11,8.41496968423692e-11
"Post-peak krill (2001-2010)",6.44588396968445,2791797.85786357,14401.7453702146,5395.88200273802,8892.77790329377,25668.7194255124,103122.888038124,7.3855104462639e-10,2.76711897576309e-10,4.56039892476603e-10,1.31634458592371e-09,5.28835323272429e-09
"Post-peak krill (2001-2010)",6.60257929518652,4004785.82602855,179.657318114484,142.439551433206,164.778168304521,197.481244999935,295.509732509284,9.21319580074275e-12,7.30459238119006e-12,8.4501624771549e-12,1.012724333333e-11,1.51543452568864e-11
"Post-peak krill (2001-2010)",6.75927462068859,5744796.12382558,495.983973154476,356.902300430416,445.942051545926,550.974062952409,821.176783211858,2.54350755463834e-11,1.83026820733547e-11,2.28688231562013e-11,2.82550801514056e-11,4.21116299083004e-11
"Post-peak krill (2001-2010)",6.91596994619067,8240810.85430961,1625.76471053202,564.79919437758,878.815502121167,3809.81505946573,186501.851713046,8.33725492580524e-11,2.89640612501323e-11,4.50674616472394e-11,1.95375131254653e-10,9.56419752374595e-09
"Post-peak krill (2001-2010)",7.07266527169274,11821300.8908807,1455.01079529948,624.966154810074,1126.62844792938,1668.16699731551,2461.70079148205,7.46159382204859e-11,3.20495464005166e-11,5.77758178425322e-11,8.55470255033596e-11,1.26241066229849e-10
"Post-peak krill (2001-2010)",7.22936059719481,16957452.0303007,6.08763816200904,4.83297331051076,5.24768255070211,6.87937135694763,8.9472522693341,3.1218657241072e-13,2.47844785154398e-13,2.69111925677031e-13,3.52788274715263e-13,4.58833449709441e-13
"Post-peak krill (2001-2010)",7.38605592269688,24325172.1628858,7.06300426152261,5.51354866695199,6.08550559782899,8.12152110871747,11.6033240944571,3.62205346744749e-13,2.82746085484717e-13,3.12077210145076e-13,4.16488261985511e-13,5.95042261254211e-13
"Post-peak krill (2001-2010)",7.54275124819896,34894039.487579,12.6916551361492,8.00072518300864,8.99164499280582,15.6405518960498,20.0680567526607,6.50854109546115e-13,4.10293599128648e-13,4.61109999631068e-13,8.0207958441281e-13,1.02913111552106e-12
"Post-peak krill (2001-2010)",7.69944657370103,50054897.1907571,54.6898302376601,18.1635177583746,22.6373178466715,321.857071422292,4757.64543628172,2.80460667885436e-12,9.31462449147414e-13,1.1608880947011e-12,1.65054908421688e-11,2.43981817245217e-10
"Post-peak krill (2001-2010)",7.8561418992031,71802885.8100286,24.351940426612,21.219238383797,22.1964150594522,25.5634871775571,50.1230037876607,1.24881745777498e-12,1.08816607096395e-12,1.13827769535652e-12,1.31094806038754e-12,2.57041045064926e-12
"Post-peak krill (2001-2010)",8.01283722470517,103000000.000001,11175.8746680545,230.945541637767,3685.5031742277,24485.9940146193,216347.004430788,5.73121777848947e-10,1.18433611096291e-11,1.89000162780908e-10,1.25569200074971e-09,1.10947181759378e-08
