"time","median","q05","q25","q75","q95"
0,0,0,0,0,0
365,0,0,0,0,0
730,0,0,0,0,0
1095,0,0,0,0,0
1460,0,0,0,0,0
1825,0,0,0,0,0
2190,0,0,0,0,0
2555,0,0,0,0,0
2920,0,0,0,0,0
3285,0,0,0,0,0
3650,0,0,0,0,0
4015,0,0,0,0,0
4380,0,0,0,0,0
4745,0,0,0,0,0
5110,0,0,0,0,0
5475,0,0,0,0,0
5840,0,0,0,0,0
6205,0,0,0,0,0
6570,0,0,0,0,0
6935,0,0,0,0,0
7300,0,0,0,0,0
7665,0,0,0,0,0
8030,0,0,0,0,0
8395,0,0,0,0,0
8760,0,0,0,0,0
9125,0,0,0,0,0
9490,0,0,0,0,0
9855,0,0,0,0,0
10220,0,0,0,0,0
10585,0,0,0,0,0
10950,0,0,0,0,0
11315,0,0,0,0,0
11680,0,0,0,0,0
12045,0,0,0,0,0
12410,0,0,0,0,0
12775,0,0,0,0,0
13140,0,0,0,0,0
13505,0,0,0,0,0
13870,0,0,0,0,0
14235,0,0,0,0,0
14600,0,0,0,0,0
14965,0,0,0,0,0
15330,0,0,0,0,0
15695,0,0,0,0,0
16060,0,0,0,0,0
16425,0,0,0,0,0
16790,0,0,0,0,0
17155,0,0,0,0,0
17520,0,0,0,0,0
17885,0,0,0,0,0
18250,0,0,0,0,0
18615,0,0,0,0,0
18980,0,0,0,0,0
19345,0,0,0,0,0
19710,0,0,0,0,0
20075,0,0,0,0,0
20440,0,0,0,0,0
20805,0,0,0,0,0
21170,0,0,0,0,0
21535,0,0,0,0,0
21900,0,0,0,0,0
22265,0,0,0,0,0
22630,0,0,0,0,0
22995,0,0,0,0,0
23360,0,0,0,0,0
23725,0,0,0,0,0
24090,0,0,0,0,0
24455,0,0,0,0,0
24820,0,0,0,0,0
25185,0,0,0,0,0
25550,0,0,0,0,0
25915,0,0,0,0,0
26280,0,0,0,0,0
26645,0,0,0,0,0
27010,0,0,0,0,0
27375,0,0,0,0,0
27740,0,0,0,0,0
28105,0,0,0,0,0
28470,0,0,0,0,0
28835,0,0,0,0,0
29200,0,0,0,0,0
29565,0,0,0,0,0
29930,0,0,0,0,0
30295,0,0,0,0,0
30660,0,0,0,0,0
31025,0,0,0,0,0
31390,0,0,0,0,0
31755,0,0,0,0,0
32120,0,0,0,0,0
32485,0.000724926180980784,9.12431915242529e-06,0.000168660867258664,0.00308379063975964,0.0207798831100145
32850,0.00334709602610344,4.28138283288266e-05,0.000788097674779435,0.0136830043234181,0.0910194178828581
33215,0.0023141343020785,4.90650770596743e-05,0.000635622693440307,0.00769264138109626,0.0457266961749764
33580,0.00478300121136953,0.000206168921136978,0.00152986868187055,0.0131233060662457,0.0808595679485391
33945,0.00296363054221911,0.000226173325995847,0.00111465805425574,0.00846536821657913,0.0451919238942701
34310,0.00197383117685856,0.000144057090124305,0.000767210117150052,0.00542998786006116,0.0284568278633844
34675,0.00159431424116271,0.000125545541100897,0.000620143138454366,0.00440419704184735,0.0226668230330812
35040,0.0015143391541184,0.000112428594942545,0.000556667381130432,0.00417578568938433,0.0209120319389189
35405,0.000676499254430339,5.49929903544665e-05,0.000257102754977036,0.00192484646836183,0.0100239080489803
35770,0.0015683522375184,0.000195376259837002,0.000696165886724282,0.00529939303803868,0.0306069921252967
36135,0.000737720828275147,9.96890800733553e-05,0.000326511253850729,0.00254716513794703,0.0154342548935999
36500,0,0,0,0,0
36865,0,0,0,0,0
37230,0,0,0,0,0
37595,0,0,0,0,0
37960,0,0,0,0,0
38325,6.1844940102304e-05,4.69426863626046e-06,2.37411077415093e-05,0.000179566245182094,0.000914942680000689
38690,0.00100304980367772,0.000112494149226251,0.000411442288891104,0.00328995568874223,0.0187766880340309
39055,0.00154952073100011,0.000148472902743052,0.000631624473072807,0.00503486501085136,0.0263095084000979
39420,9.45039569907506e-05,1.27032086563545e-05,4.45433753486849e-05,0.000380846777007003,0.00235044057213779
39785,0.000414793980977321,3.12584070662141e-05,0.000155018732429644,0.00121804721468931,0.00603154669857143
40150,0.000531056266550982,4.74027408802484e-05,0.000218638993723928,0.00176309763165836,0.00861403981504565
40515,0.000730933639584957,4.03675459899084e-05,0.00025717339699695,0.00166810948405874,0.00997401675183916
40880,0.000571380638660014,2.95261659284151e-05,0.000190751339059363,0.00130856833725088,0.00820046190332154
41245,0.000479646560684019,2.58607173727704e-05,0.00017111409645469,0.00127127237676459,0.00701428897253361
41610,0.000310331820195844,1.76613459115949e-05,0.000115689592881582,0.000801038890588696,0.0045063403695056
41975,0.0005077885452551,2.8269864931888e-05,0.000183082982085529,0.00123060723706931,0.00722200992603454
42340,8.79011769686138e-05,6.53287770232162e-06,3.77334770139399e-05,0.000285724097915082,0.00144772154747674
42705,0.000379649647691479,2.12880626555806e-05,0.000137130440357056,0.000934887048179082,0.00545609907122033
43070,0.000476391213366764,2.68532385748849e-05,0.000180787462895184,0.00110446258087064,0.00657649654508739
43435,0.00028885726601103,1.47580320433855e-05,0.00010225734300768,0.00065732471867359,0.00426789866560582
43800,4.57026034134461e-05,2.56311471517345e-06,1.5719021647342e-05,0.00010412072668466,0.000643743638335798
44165,0.000103510149441898,6.19502034288326e-06,3.57235459075275e-05,0.0002355242956398,0.00145467035615932
44530,9.35045775512873e-05,7.26030351400434e-06,4.14751777595188e-05,0.000305099283131169,0.00143432456426418
44895,0.000108544572844808,1.48748338191849e-05,4.98749306219979e-05,0.00047770821522159,0.00724339982879612
45260,3.23056348350299e-05,5.27479720674969e-06,1.58463960142766e-05,0.000122307105400334,0.00507158013152666
45625,2.60011866231924e-05,2.30783662954729e-06,1.13953302394384e-05,7.41823240367332e-05,0.000390648855229797
45990,0.000237229578121719,2.27483121386817e-05,9.70377395778672e-05,0.000959369120413633,0.00743360753351278
46355,3.13724586987418e-05,3.06990265750772e-06,1.36153642930776e-05,9.39637661375097e-05,0.000536524741603776
46720,1.71219038481906e-05,1.62832658780615e-06,7.02416529377845e-06,4.97377127082167e-05,0.000276357617333912
47085,3.75010972361376e-05,7.06692858897029e-06,1.79266878486652e-05,0.000154496756869211,0.00466828097541653
47450,5.75315806959057e-06,3.61963141207246e-07,2.51195010507056e-06,1.24887017321249e-05,0.000106683991464857
47815,0.000330180161082823,3.81807441807668e-05,0.000143023869150618,0.000849016012535884,0.161895278292656
48180,0.00038943298242817,6.4014154067679e-05,0.000186463861011482,0.000862693387387829,0.189424060826312
48545,0.000280954268557651,5.31397216994238e-05,0.000157887281473402,0.0011542104108288,0.0601583052306924
48910,0.00201106767689378,9.46512268151088e-05,0.000671356453676506,0.00713621748669176,0.0715692854453067
49275,0.00344886722244819,0.000111123104093483,0.00111789215449568,0.0119185583784298,0.0859443631088488
49640,0.00659665351904877,0.000207311499166046,0.00214970671371659,0.0221140130022348,0.140745043498384
50005,0.0120161447429417,0.000351702546220482,0.00390218147835608,0.0383713505612858,0.202724172615144
50370,0.0173434960964128,0.000385486348546372,0.00573399387746741,0.0538454594582827,0.239183262355623
50735,0.000660246787553509,9.63493960617109e-05,0.000317240221502995,0.00169678937414514,0.0224504152016005
51100,0.000535264669641259,3.5055439318401e-05,0.000189390775314067,0.00161782523140444,0.0130302601670183
51465,0.00156386383264562,4.35486413702893e-05,0.000552304022483054,0.00465361693774885,0.0231973830140252
51830,0.00127485476081392,3.50980418148165e-05,0.000435821584309849,0.003876148412909,0.0197407997363509
52195,0.00203736958641771,5.29584496219273e-05,0.000716001380710101,0.00622785799774853,0.0340026540026998
52560,0.000123654913962383,1.12341835215901e-05,5.05380743551763e-05,0.000375126348754763,0.00305906723401737
52925,0.000120243257865138,8.7778143128473e-06,4.67118113791402e-05,0.000381200057529805,0.00265537177083415
53290,0.000468326078349417,1.95515177448794e-05,0.000159548494666385,0.00151686934789247,0.00878312251180381
53655,3.11469700079483e-05,1.0666457952374e-06,1.14748592245385e-05,9.40038885609227e-05,0.000576227175004691
54020,7.82695658411344e-05,4.41482278927136e-06,3.26270974622962e-05,0.000228137364653909,0.00147463135848136
54385,9.05221580700538e-05,4.48297859020699e-06,3.41360258838989e-05,0.000277414120171472,0.00170630233184153
54750,0.000283443716973961,1.3569710502508e-05,0.000106275378071187,0.000734120537167057,0.00551671841831053
55115,0.000112768973428217,1.53205497758967e-05,4.76376737947662e-05,0.000367142903464135,0.00361556237185984
55480,1.50515143357032e-05,3.55612228608616e-07,4.66800546654701e-06,4.80046585666376e-05,0.000323795554748953
55845,9.65176941883176e-05,1.27765841129597e-05,4.12461094481405e-05,0.000314781466228066,0.00293863835291041
56210,1.44896663057148e-05,3.49137790583906e-06,9.96627008028542e-06,2.57204394987157e-05,0.000767926241438533
56575,3.17875241913293e-05,5.72069950674368e-06,2.13192474419551e-05,4.15669207556211e-05,0.00187292561756355
56940,4.0770695115526e-06,1.09473040410845e-06,2.90165586432097e-06,6.52034427107598e-06,0.000222021031433992
57305,2.21408194229148e-05,4.07165416875898e-06,1.50721055653217e-05,2.85371606679333e-05,0.0011033466892798
57670,2.61112675946085e-06,6.6730036212159e-07,1.81550501251115e-06,3.50014930059886e-06,0.000121606738092313
58035,9.14570526216291e-06,2.28504892306767e-06,6.35402529968295e-06,1.33515134695686e-05,0.000432732495271709
58400,1.23797846920031e-05,3.23428081458413e-06,8.68247771716008e-06,1.78979935791425e-05,0.000520765823770559
58765,1.51785241187214e-05,2.60286670900627e-06,1.01249982986469e-05,1.96553429798832e-05,0.000594871207941942
59130,3.07860531712781e-05,6.53828791002714e-06,1.66882357288996e-05,7.34022457752614e-05,0.00108751931630725
59495,2.8872185520482e-05,8.61337703210058e-06,1.90834702532548e-05,6.08746100571606e-05,0.00108847502810654
59860,1.54308689976099e-05,6.79974439219058e-07,5.69845040579729e-06,3.6882128707989e-05,0.000263336180707822
60225,0.000191021073273392,5.43845504422738e-05,0.000126038026505053,0.000380417318998061,0.00498920104623745
60590,2.50112935314701e-05,2.80848355836118e-06,1.04813136491142e-05,6.19906002853586e-05,0.000570992407754292
60955,7.59124877579238e-05,1.55231778440648e-05,3.96290481614874e-05,0.000170179055675234,0.00269965768711676
61320,2.57242019371412e-05,1.04646861366447e-06,9.13843314850104e-06,6.20531415584021e-05,0.000427783065354254
61685,7.52396988763574e-05,1.72297917293116e-05,4.33458345294121e-05,0.000147168648901681,0.00218327568454196
