"year","median","mean","q25","q75","relative","relative_q25","relative_q75"
1841,32574270174964.5,37732569251659.9,18642932961717.6,49904665158566.1,0.984680118927449,0.563552931417917,1.50855664177363
1842,33832863847022.8,38921755806568.5,19630558141163.3,51232694892840.5,1.02272585748205,0.593407625749637,1.54870134707817
1843,34149987334809.7,39004077916963.2,20065772212926.7,51489124501318.7,1.03231211043542,0.606563611797552,1.55645289871744
1844,33526913832746.9,38221553522882.2,19746863405154.4,50610941315812,1.01347736488882,0.596923390817081,1.52990650124176
1845,32601778757008.4,37273177990031.1,18844581497869,49108396112429,0.985511669525296,0.569648518625017,1.48448640797139
1846,32761706889342.4,37733802996606.9,18957202081527,49785767951491.8,0.990346100243794,0.573052900338388,1.50496252545504
1847,32472705277578.2,37587639804335.6,18300699011508.9,49676807753482.2,0.98160993701086,0.55320762007303,1.50166879269731
1848,33018829689874.7,38298178892706.4,18808330340009.7,50546410307742.7,0.998118606226191,0.568552690714203,1.52795580824515
1849,33213573320390.2,38350182719517.8,19097222443135.8,50717218305346.6,1.0040054666294,0.57728554363571,1.53311912390781
1850,32943548996294.9,37898443853987.2,18912657082749.2,50140515456029.1,0.995842963459402,0.571706359818567,1.5156861061548
1851,33158411286988.8,38009786291832.3,19226394754610,50256624827261,1.00233798621255,0.581190263721267,1.51919594962509
1852,33667729960352.8,38424089620212.3,19602283422205.4,50597899686944.1,1.01773406321339,0.592552915775273,1.52951226884313
1853,33493188436018.6,38153219819103.6,19668565577939.9,50410700461814.7,1.01245788763015,0.594556543811785,1.52385346653464
1854,32995314364303,37632683332950.4,19432901711877,49825200993440.1,0.997407766859531,0.587432715022518,1.50615453780794
1855,33012179229915.1,37800310042775.2,19194056265643.5,49839981939011.6,0.997917571002109,0.580212710978244,1.50660134761105
1856,32885825519616.2,37784508281962.6,19062076336933.2,49814215345815,0.994098053763018,0.576223120077193,1.50582245519329
1857,32620840185899.2,37634625718605.5,18685919122913,49673753843537.1,0.986087873073875,0.564852350195094,1.50157647675617
1858,32531270495711.3,37712917063712.5,18609150615344.3,49825568168953.1,0.983380291516014,0.562531732641527,1.50616563707205
1859,32488569359603.3,37771809857951.6,18412405013020,49940772132970.9,0.982089488696631,0.556584355093095,1.50964811119597
1860,33671857154113.4,39044285091615.9,19235671334023.2,51415982908244.1,1.01785882320406,0.581470683306135,1.55424191832769
1861,33325327493056.3,38568710400402.4,19030900505450.1,51025347844061.3,1.00738365780422,0.57528071303975,1.54243350084387
1862,33873270537044.9,38902493514869.8,19607602499066.8,51295202064300.7,1.02394730201857,0.592713704925984,1.55059086198354
1863,34185556770424.1,39000737129313.8,20058437606513.3,51402740165752.2,1.03338733072134,0.606341895667716,1.55384160651159
1864,33489203359260.8,38285959614717.6,19771735369328.1,50678772889331.4,1.01233742366166,0.597675239699926,1.53195696627203
1865,32532802314678.1,37309665067447.5,18901953602239.9,49189253424461.7,0.983426596519144,0.571382806768748,1.48693062505441
1866,32764618183308.7,37749622857571.6,18857164283763.9,49770947572804.6,0.990434105079317,0.570028880764978,1.50451452363735
1867,32453678650019.7,37594726182820.5,18272052356044.3,49635725356590.6,0.98103478546375,0.552341666915576,1.50042692237328
1868,33014524851487.7,38297270929006.9,18770023555836.2,50509711417558.5,0.997988476256981,0.567394723748464,1.52684644593689
1869,33187819279255.3,38341895157605.9,18940301125852.6,50604292375853,1.00322695364503,0.572542005237623,1.52970551196543
1870,32913529687578.2,37884429006183.3,18923784360778.9,50085499030634.6,0.99493551668259,0.572042723746135,1.51402302728889
1871,33088462525764.4,37992072349701.5,19083160546848.2,50099192563800.6,1.00022352120224,0.57686046980798,1.51443696595256
1872,33569695618814,38403458173930,19515200126791.8,50461907278049.8,1.01477060565726,0.589920494873014,1.52540138560173
1873,33457635112488.6,38130509951921.1,19627994508999.8,50266387908563.2,1.01138315439273,0.593330130302766,1.51949107556364
1874,32998704078578.8,37609243967593.3,19311901928675.6,49715613582820.3,0.997510233752521,0.583775040413908,1.50284184518451
1875,32962331469269.8,37776815681977.7,19044009414617.5,49737234394916.8,0.996410734513776,0.575676979239074,1.50349541573919
1876,32858860482940.8,37760786358884.4,18891510019075.7,49729686306079.6,0.993282933873063,0.571067110095977,1.50326724629828
1877,32566176622808,37611040486041.7,18558036477837.7,49678155648539.2,0.984435460801349,0.560986615138402,1.50170953790688
1878,32506672625116,37689734599645.4,18519819782306.6,49791440294069.5,0.982636728144892,0.559831371441507,1.50513399339381
1879,32509883962625.1,37749020398113.8,18293805673534.3,49908707967291.3,0.982733802927639,0.552999242945309,1.50867885090848
1880,33645836303258.8,39022474628610.8,19226981703700.3,51241795897236.1,1.01707224489005,0.581208006470281,1.54897645924622
1881,33276681386427.3,38547228442454.4,18950798771492.1,50958408539897.5,1.00591314583869,0.57285933615252,1.54041000801868
1882,33879471367996.3,38883010445244.5,19590230131933.1,51123349298308.9,1.02413474551081,0.59218855963667,1.54539596425764
1883,34148785541362,38983065489020.9,19947253880685.8,51341609433881.4,1.03227578169778,0.602980948399132,1.5519936996819
1884,33497301909310.1,38270048892090.5,19708766095338.6,50561629382839.5,1.01258223286791,0.595771756003507,1.52841586216488
1885,32534471919096.5,37295380999900.4,18812423936562,49164400197009.1,0.98347706660699,0.568676435102589,1.4861793425596
1886,32760094449611.8,37737128158266,18780939077848.3,49731057809286.5,0.990297358174144,0.567724686552091,1.50330870515319
1887,32441521129290,37582412796190,18260633677296,49548391828827,0.98066727856663,0.551996494302731,1.49778693725488
1888,32974049676898.4,38286198685047.9,18653150115622.9,50474326160426.9,0.996764961516234,0.563861783412715,1.52577679313996
1889,33153516422018.3,38332074388980.7,18920816888683.5,50487955512965.5,1.00219002046549,0.571953020714873,1.52618879170221
1890,32834649136299.9,37876061640799,18807617790045.6,50006889305107.9,0.992551054645634,0.568531151205271,1.51164675198127
1891,33112726674822.9,37985894931717.9,19053405362460.8,50019684482377.5,1.0009569965818,0.575961007184753,1.51203353445123
1892,33558313464222.2,38399702424336.2,19522564930998.4,50423138336891.6,1.01442653712474,0.590143123844993,1.52422944819882
1893,33430805089669.7,38129278569292.4,19592572008335.9,50181737129211.3,1.01057211580558,0.592259351679665,1.51693218662977
1894,32999405646165.8,37610478611023.8,19240553543149.2,49619886189255.5,0.997531441277703,0.581618266482581,1.49994812382794
1895,32974866474995.4,37780454455493.9,19058063720078.7,49707847539288.7,0.996789652317992,0.576101823605458,1.50260708724129
1896,32838636130838.2,37766414228871.1,18923158352378.4,49708550729299.6,0.992671576586265,0.572023800282216,1.50262834381035
1897,32610456448565.4,37618049506889.3,18645548504617.3,49630376117251.5,0.985773985466942,0.56363199606249,1.50026522144797
1898,32501988988664.5,37698250877772.1,18507157409783.3,49790810762115.8,0.982495147576139,0.559448603495667,1.50511496341722
1899,32493946768175.2,37758729164543.1,18377959355146.4,49897952368670.2,0.982252041143198,0.555543105225965,1.50835372239224
1900,33622136722730.3,39035984669731.9,19321281894637.1,51259472661158.8,1.0163558357227,0.584058585246959,1.54951080607604
1901,33262149369492.9,38563080275598.5,19043201912947.9,50960844424794.7,1.00547386084209,0.57565256945688,1.54048364182283
1902,33827997039442.8,38904698099538.7,19692568798358.8,51258422761767.2,1.0225787398754,0.59528213163953,1.54947906890888
1903,34130132136385,39011885158435.3,20127836725569,51319644701250.4,1.03171191221022,0.608439745671359,1.55132973283251
1904,33448667150353.3,38305228542170.3,19817258081525.6,50615446280638.2,1.01111206392855,0.599051335293772,1.53004268078706
1905,32584280966677.1,37334567081405.9,18889650974536.5,49133970718576.3,0.984982732846998,0.571010913466301,1.48525949685681
1906,32781808154589,37782644561197.8,18950256336045.6,49793506906983,0.99095373676634,0.572842938996203,1.50519646456012
1907,32461119255803.3,37631703342569.2,18359013928362.6,49553177146337.3,0.981259705824163,0.554970408278395,1.49793159151697
1908,32942866925050.5,38344512213062.3,18886211691980.3,50439924344085.9,0.995822345284676,0.570906948185169,1.52473686854843
1909,33121110088903.2,38402383026799.2,19210392911102.5,50448515373470.7,1.00121041687731,0.580706547675339,1.52499656479921
1910,32866235274875.6,37960274604662.9,19100165999362.7,50034450392140,0.993505864761779,0.577374523719684,1.51247988974033
1911,33088833376809.1,38088714933125.8,19247395459901.2,50050826881651.5,1.00023473157315,0.581825089209993,1.51297493087411
1912,33554909802581.9,38530189179997.5,19789835009678.6,50485679985485.8,1.01432364862008,0.598222369563992,1.52612000530555
1913,33431363129840.1,38294077828182.4,19839483123322.2,50339924972738.3,1.0105889846735,0.59972317096904,1.5217140105583
1914,33048641712647.5,37806917658039.6,19405941791961.2,49798810918368.2,0.999019787003893,0.586617749805912,1.50535679830002
1915,32997830547045.7,38004324294547.1,19292014826096.6,49839568467084,0.997483827968776,0.583173877765371,1.50658884886327
1916,32875893868489.1,38012135293507.8,19151199072463,49920362441537.2,0.99379783216602,0.578917190745521,1.50903115132917
1917,32670574978405.3,37872739132053.7,18762148098386.3,49636669818431.4,0.987591294674319,0.567156658357076,1.50045547229298
1918,32594857176658.1,37956686311700.9,18698816949192.7,49814888347997.6,0.985302438665299,0.565242235618366,1.50584279922143
1919,32564831044351.4,38014812472984.6,18463940902108.9,49913432967222.8,0.984394785619754,0.558142221627771,1.50882168184435
1920,33719264767867.8,39302286578241.2,19549660744076,51369285998992,1.01929189705342,0.590962196944724,1.55283032820123
1921,33361927312268.3,38837924344574.4,19175930393503.6,50901754623196.3,1.00849002531886,0.579664788159452,1.53869742980479
1922,33897733107037.7,39202794808102.1,19837230116791.6,51149203066629.9,1.02468677541891,0.599655065352965,1.54617749187218
1923,34165972250506.8,39341619039821.5,20392113221180.8,51271153921929.8,1.03279531477446,0.6164284990565,1.54986391622044
1924,33532366650044.7,38661682055473,19928410039892.2,50815229687466.4,1.01364219684841,0.602411322271087,1.53608188742895
1925,32728307803245.1,37702576248209.8,19042322700480.1,49263755005795.8,0.989336486954112,0.575625991945467,1.48918271621637
1926,32955145053813,38165838820496.5,19073992567909.6,49788656448765.1,0.996193498014271,0.576583333081874,1.50504984117457
1927,32558393177188.2,38020875223967,18548102288174,49890994904254.4,0.984200176814406,0.560686316804565,1.50814340680108
1928,33170096495738.2,38763596561782.1,18989077089390.3,50613845522309.4,1.00269121569948,0.574016442617771,1.52999429183182
1929,33263613202113.1,38868740785849.8,19228971871705.6,50843175325942.3,1.00551811070159,0.581268166801047,1.53692664970513
1930,33030931213881.5,38482295055939.6,19152107378384,50517793023033.3,0.998484420411259,0.578944647716238,1.52709074292949
1931,33238329359288.7,38669625465965.2,19411142763997.1,50535978251949.1,1.00475381123377,0.586774968793025,1.52764046003061
1932,33634081725977,39167438910857.4,19855074166548.5,51057663250530.5,1.01671691847772,0.600194469027781,1.54341035583139
1933,33544532600317.9,38956534220537.2,19965739074112.7,50933086575890.4,1.01400995856027,0.603539733058444,1.5396445561944
1934,33046336803100.2,38448773645612.6,19412535975986.5,49934373898500.2,0.998950112423469,0.586817083877723,1.50945470043816
1935,32993274666443.2,38596000053283.3,19195228406775.5,49982829610601.9,0.997346109302192,0.580248143362857,1.51091945701133
1936,32768484325478.7,38546036095115.2,19017597035015.2,49982265614341.6,0.99055097380151,0.574878565492633,1.51090240809814
1937,32475427915388.4,38347936625192.7,18566841702659.9,49886060405923.9,0.981692239002843,0.561252786253781,1.50799424298631
1938,32312134561086.5,38393525423141,18397525778658.8,49800303723245.5,0.976756081763697,0.556134574140777,1.50540192395521
1939,32169608419054.8,38430341398882.3,18182596623476.6,49812539081080.3,0.972447691806463,0.549637530156398,1.50577178377227
1940,33176921411768.7,39755585781478.6,19096379822816,51342849533484.2,1.00289752451599,0.577260072259922,1.55203118636749
1941,32811766803494.5,39329182239943.1,18730256208106.6,50896556230800.4,0.991859349871678,0.566192605743011,1.53854028879702
1942,33216297710841.7,39790663556330.9,19343618180583.8,51276948917034.1,1.00408782160157,0.584733783696051,1.55003909179423
1943,33593847764476,40038803041360.4,19790637201619.8,51286544935275.8,1.01550069531192,0.598246618839624,1.55032916762195
1944,32982311911127.5,39446488156801.2,19412153850386.6,50591105356277.2,0.997014718693897,0.586805532690878,1.52930688458454
1945,32065310808230.4,38505387308513.2,18371739511267.2,49184198968656.8,0.969294903324055,0.555355086996308,1.48677783507274
1946,32353865491035.7,38942079201225.6,18347824633473.1,49580505717522,0.978017556444314,0.55463216965744,1.49875770060797
1947,31959259237244.1,38697402464876.8,17780935487491.8,49445194396516.9,0.96608909478344,0.537495808084787,1.49466740581567
1948,32477403258270.6,39365691136878.5,18334238717839.3,50301998160246.1,0.981751951188373,0.554221484139387,1.52056752966909
1949,32632153617737.4,39408336792085.5,18552503802056.8,50424425934894.3,0.986429864202088,0.560819369155095,1.52426837070262
1950,32394341312397.2,38982732762188.3,18372139297714.1,49927511201970.2,0.979241090736191,0.555367172048837,1.50924724956362
1951,32477363931672.3,39150831418991.2,18592689139464.4,49944265460305.9,0.981750762393679,0.562034122474359,1.50975371018429
1952,32988626539784.5,39661128436573.9,19065539932900.6,50419694627057.4,0.997205602150796,0.576327820322838,1.52412534908652
1953,32911149897400.8,39496422747401.4,19120486083586.9,50066315993417.5,0.994863578552824,0.577988774870764,1.51344314767019
1954,32364904432132.7,39025051894398.3,18664053448174.6,49554501685547.2,0.978351250055064,0.564191377743948,1.49797163070802
1955,32347937902281.4,39185105800414.6,18463571234260.9,49661807310378.8,0.977838372727589,0.558131047023442,1.50121534775381
1956,32263240119330.4,39127326594459.5,18349975747838.4,49661075055145,0.975278062932737,0.554697195198694,1.50119321257881
1957,31948980025833.3,38897540314666.1,17987801021136.2,49356190381932.7,0.965778366866586,0.543749098708853,1.49197692393549
1958,31913220935873.8,38907863455766,17911308641362.1,49540838165634.2,0.964697413563108,0.541436828158863,1.49755859930806
1959,31929646532659.5,38904851018370.7,17779372910010,49585198915951.4,0.96519393914939,0.537448573289584,1.49889957022355
1960,32999345042597.8,40212199418122.6,18760670312875.5,51221535164388.2,0.997529609306388,0.567111986718855,1.54836400221425
1961,32624836525052.1,39773785533512.6,18542856491510.6,50861220492026,0.98620867749071,0.560527742824099,1.53747213287912
1962,33011649054275.6,40234721504052.3,19093315948881.2,51035275256369.8,0.997901544444679,0.577167455119634,1.5427335943066
1963,33462458770628.7,40465940598632.1,19579804309069.3,51012703039384.3,1.01152896764489,0.591873399835934,1.54205126395242
1964,32862975779187.4,39832286089707.2,19148422816724.4,50274083780730.2,0.993407334216518,0.578833267949518,1.51972371231282
1965,31950019439426.4,38824504883137.8,18173800920952.5,49236726752796.3,0.965809787060959,0.54937164688838,1.4883656853747
1966,32145490527101.3,39189692516496.4,18190768024792.4,49423361641693.9,0.971718637599278,0.549884541566824,1.49400742849308
1967,31744981538439.8,38878470255175.3,17607073758437.9,49307913152800.7,0.959611743524031,0.532240181876672,1.49051756268295
1968,32397795927073.4,39510946688188.9,18154593460907.7,50393069321893.6,0.979345519488454,0.548791028997644,1.52332049886227
1969,32608256197746.3,39545227416046.1,18401478370345.3,50377878454632,0.985707474591132,0.556254056125518,1.5228612976307
1970,32266908348210.1,39132546220316,18273158448687.4,49898976583916.9,0.975388948979612,0.552375102735613,1.5083846831593
1971,32468453569440.7,39321881655945.8,18504476772921.9,49909432159741.7,0.981481413103739,0.559367571140701,1.50870074235545
1972,32973998053585.8,39861248689168.9,18997575354635.7,50401886131596.2,0.996763401006994,0.574273334722723,1.52358702017433
1973,32922911872021.7,39761017619147.9,19071376495147.8,50228581140101.6,0.995219128577624,0.576504252420224,1.51834822345781
1974,32411226418395.5,39397911459014,18764928775220.3,49584262133782.7,0.979751506720747,0.567240714797354,1.49887125245089
1975,32456693802333.5,39674433322465,18609273472108.3,49699559797128.6,0.981125929809366,0.562535446450381,1.50235655899025
1976,32200580736263.6,39595830238158.6,18532032720513.1,49663304975630.5,0.973383946857729,0.560200553540784,1.50126062033214
1977,31653317726992.1,39230613115293.4,17955871616672.4,49453028405107,0.956840859256393,0.542783912087149,1.49490421825901
1978,31146117120434.9,38939029714893,17504442521860.6,49349541025364.9,0.941508808809758,0.529137765838007,1.49177592206559
1979,30604145499336.2,38368928789102.4,16950687026884.9,48986136418900.9,0.925125673364135,0.512398418380012,1.48079064782338
1980,31311754652013.7,38914507576496.6,17216747284517.4,49651773428860.2,0.946515827644495,0.520441092696897,1.50091203585782
1981,31217834423676.8,38926248242347.5,17268442882577.2,49129694084904.9,0.943676734669832,0.522003787037311,1.48513021948146
1982,31160222955340.9,39062204885728.8,17300182703615.1,49630511967887.6,0.941935210847876,0.52296324278525,1.5002693280456
1983,31745344188826.6,39984417779817.8,17794145010483.3,50683411183046.5,0.959622705999141,0.537895115716252,1.53209717618563
1984,32364258233069.9,40705000722700.7,18416487804164.6,51459068961162.1,0.978331716252263,0.556707772847299,1.55554435670877
1985,31775567702889.3,40001411463596.7,17922644538039.8,50142707409300.8,0.960536325652378,0.541779498371542,1.51575236620596
1986,32029683955791.5,40477446216771.6,18171668699374.6,50630421895220.4,0.968217947398162,0.549307192452851,1.5304953751949
1987,32042465672153.8,40459340747328.6,17886639909200.5,50533960617075.8,0.968604322961455,0.540691122729758,1.52757946941021
1988,32243707863388.1,40775978707439.9,18192781198834.2,50630048446304.1,0.974687626861543,0.549945397341773,1.53048408629353
1989,32854368303736.2,41528187359337.3,18844700540054.6,51752113201969.6,0.993147140821379,0.569652117123857,1.56440272364499
1990,33774917703809.7,42612220303431.2,19774891654322.6,52791323836542.6,1.02097421685023,0.597770650312873,1.59581678283175
1991,33073094583608.6,41847487962601.2,19203719537734.5,51393719655422,0.999758967214435,0.580504819807105,1.55356892758012
1992,32760110508435.5,41658803500337.1,18935967902737.7,50774164246740.2,0.99029784361263,0.572411017233003,1.53484052966895
1993,33383383568919.1,42444379161197.2,19667711233111.5,51525226681683.3,1.00913862156483,0.59453071801852,1.55754422322185
1994,33833679583157,42935435755517.2,20171043712419.4,51932963747283,1.02275051618198,0.609745839736455,1.56986961317193
1995,33175428098740.3,42404257972354.5,19692054368712.4,50996621738000.4,1.00285238350002,0.595266581064102,1.54156514599262
1996,32758896605903.4,41956710584025.5,19266861620840.8,50136518885147.9,0.990261148832263,0.582413527310559,1.5155652947331
1997,33020361247585.5,42117087767420,19415837915663.2,50416650355094.1,0.998164903331874,0.586916897452548,1.52403332448973
1998,32991111314728.6,42074276944837.1,19491715482811.9,50349166253305.3,0.997280713840922,0.589210582973135,1.52199336310246
1999,33065325672915.2,42215726627643.5,19709486233654.8,50368459223222.4,0.999524122600437,0.595793524898987,1.52257656585146
2000,32504005860567.4,41976147070099.9,19289913404165.6,49939443255765.6,0.982556115132881,0.58311035436528,1.50960794087266
2001,31775529824450.1,41489113779580.1,18339181666587.1,49889286672616.5,0.960535180633752,0.554370903399887,1.50809176905991
2002,32559408294326.5,42647062112457.5,18760239647505.8,51113745934070.2,0.984230862556836,0.567098968234476,1.54510566636947
2003,31884731638343.5,42029636449832.2,17933051322293.4,50908593483620.8,0.963836217142447,0.542094082658511,1.53890416014318
2004,32586563776970.4,42732979759631.4,18623928564358,51440936171883.7,0.985051739394159,0.562978451862376,1.55499622479339
2005,33829901502807.6,43991825267613.9,19786182897391.4,52978365394925.8,1.0226363094603,0.598111970701884,1.60147081906845
2006,33014882521991.4,42912121490201.9,19199761711916.9,51596110432338.1,0.99799928819635,0.580385179601023,1.55968695181254
2007,32863251777339,42765297044883.8,19019734516426.4,51281777752172.3,0.993415677301145,0.574943178926454,1.55018506154068
2008,32307930008322.5,42348607267690.6,18303979186396.8,50872511399371.5,0.976628983305512,0.553306775725063,1.53781344311962
2009,32823688870450.3,43128880011628.1,18720676227745.2,51891613305419.6,0.992219739290836,0.565903014720682,1.56861964017812
2010,33867681333761.4,44075235054097.4,19661689179959.3,53091159937981.5,1.0237783472784,0.594348678759245,1.60488045936043
